Batch,Condition,Day,Sample Time,TCC,VCC,Lact,Osmo,Gluc,Ammonium,IGG,F30 Feed Amount (mL),Glucose Added (mL),Volume
AR22-001-002,CSFR: 0.00023 to 0.00037,0,1/19/2022 13:32,27.5054,27.482,0.68,332,6.96,3.85,100,1.15,0,179.68
AR22-001-003,CSFR: 0.00037 to 0.0004 to 0.00023,0,1/19/2022 13:38,24.3893,24.3867,0.69,333,6.93,3.82,100,1.65,0,180.19
AR22-001-004,CSFR: 0.0003,0,1/19/2022 13:44,24.5271,24.5024,0.69,333,6.84,3.83,100,1.33,0,179.86
AR22-001-005,CSFR: 0.0001 to 0.0004 to 0.0001,0,1/19/2022 13:50,24.2632,24.2632,0.7,333,6.89,3.91,100,0.44,0,178.98
AR22-001-006,CSFR: 0.00023 to 0.0002 to 0.00037,0,1/19/2022 13:55,25.2902,25.2668,0.71,334,6.79,3.88,100,1.06,0,179.6
AR22-001-007,CSFR: 0.0001 to 0.00027 to 0.00023,0,1/19/2022 14:03,25.4293,25.3955,0.7,334,6.65,4.01,100,0.45,0,176.8
AR22-001-008,CSFR: 0.0005 to 0.0002 to 0.0005,0,1/19/2022 14:09,26.3757,26.3627,0.7,333,6.77,3.98,100,2.4,0,180.93
AR22-001-009,CSFR: 0.0005 to 0.0001,0,1/19/2022 14:15,24.8872,24.8651,0.73,332,6.8,4.11,100,2.27,0,180.75
AR22-001-010,CSFR: 0.0001,0,1/19/2022 14:20,25.2798,25.2603,0.7,331,6.69,4.04,100,0.45,0,178.99
AR22-001-011,CSFR: 0.0005 to 0.0001,0,1/19/2022 14:26,25.09,25.0744,0.72,334,6.77,4.03,100,2.29,0,180.83
AR22-001-012,CSFR: 0.0003,0,1/19/2022 14:32,25.2161,25.1966,0.72,332,6.65,4.05,100,1.38,0,179.93
AR22-001-013,CSFR: 0.00037 to 0.00033 to 0.0005,0,1/19/2022 14:38,26.1404,26.1131,0.72,331,6.58,4.29,100,1.74,0,178.19
AR22-001-014,CSFR: 0.0005 to 0.00033 to 0.00037,0,1/19/2022 14:43,26.8346,26.8242,0.73,331,6.52,4.27,100,2.45,0,180.98
AR22-001-015,CSFR: 0.0003,0,1/19/2022 14:49,26.0169,26,0.74,332,6.66,4.35,100,1.42,0,179.94
AR22-001-017,CSFR: 0.00023 to 0.00027 to 0.0001,0,1/19/2022 15:01,25.5593,25.5281,0.75,332,6.53,4.4,100,1.06,0,179.59
AR22-001-018,CSFR: 0.0003,0,1/19/2022 15:07,26.8073,26.7904,0.75,333,6.53,4.46,100,1.45,0,179.96
AR22-001-019,CSFR: 0.00037 to 0.0002 to 0.00023,0,1/19/2022 15:12,26.3692,26.3458,0.77,331,6.42,4.43,100,1.75,0,178.1
AR22-001-016,CSFR: 0.0005,0,1/19/2022 14:55,26.4823,26.4524,0.74,333,6.5,4.37,100,2.41,0,180.85
AR21-048-009,CSFR: 0.0000 to 0.0007,0,10/13/2021 15:13,26.759,26.649,0.6,331,7.32,3.12,128.0533,0,0,175.86
AR21-048-003,CSFR: 0.0000 to 0.00035,0,10/13/2021 15:05,24.982,24.922,0.4,332,7.59,2.25,123.9306,0,0,175.86
AR22-001-001,CSFR: 0.0001 to 0.0005,0,1/19/2022 13:23,23.907,23.894,0.74,336,7.14,3.72,100,0.4,0,174.6
AR22-001-002,CSFR: 0.00023 to 0.00037,1,1/20/2022 9:00,41.4791,41.2412,0.99,290,2.57,4.81,,3.96,0,180.99
AR22-001-003,CSFR: 0.00037 to 0.0004 to 0.00023,1,1/20/2022 9:05,41.6429,41.3764,1.02,297,3.02,5.03,,5.61,0,182.62
AR22-001-004,CSFR: 0.0003,1,1/20/2022 9:11,41.7222,41.3972,1.01,294,2.77,4.93,,4.37,0,181.39
AR22-001-005,CSFR: 0.0001 to 0.0004 to 0.0001,1,1/20/2022 9:17,42.7648,42.5425,0.92,287,2.15,4.59,,2.33,0,179.44
AR22-001-006,CSFR: 0.00023 to 0.0002 to 0.00037,1,1/20/2022 9:23,42.0238,41.6884,0.99,292,2.55,4.65,,3.23,0,180.32
AR22-001-007,CSFR: 0.0001 to 0.00027 to 0.00023,1,1/20/2022 9:28,43.0105,42.7154,0.96,283,1.8,4.23,,1.86,1.9,178.56
AR22-001-008,CSFR: 0.0005 to 0.0002 to 0.0005,1,1/20/2022 9:34,42.6426,42.367,1,306,3.52,5.43,,6.79,0,183.71
AR22-001-009,CSFR: 0.0005 to 0.0001,1,1/20/2022 9:40,41.0449,40.6692,1.04,306,3.45,5.39,,7.02,0,183.88
AR22-001-010,CSFR: 0.0001,1,1/20/2022 9:46,41.4271,41.0644,0.95,281,1.96,4.39,,1.46,1.8,180.33
AR22-001-011,CSFR: 0.0005 to 0.0001,1,1/20/2022 9:51,40.8824,40.5197,1,306,3.61,5.54,,7.04,0,183.85
AR22-001-012,CSFR: 0.0003,1,1/20/2022 10:04,44.4652,43.8477,1.01,286,2.85,5,,4.61,0,181.65
AR22-001-013,CSFR: 0.00037 to 0.00033 to 0.0005,1,1/20/2022 10:09,43.8243,43.5591,0.96,296,2.89,4.83,,5.47,0,180.4
AR22-001-014,CSFR: 0.0005 to 0.00033 to 0.00037,1,1/20/2022 10:16,45.877,45.3687,1.03,303,3.52,5.35,,7.65,0,184.46
AR22-001-015,CSFR: 0.0003,1,1/20/2022 10:22,42.2032,41.9874,0.96,293,2.58,4.62,,4.52,0,181.56
AR22-001-017,CSFR: 0.00023 to 0.00027 to 0.0001,1,1/20/2022 10:33,42.2305,41.8951,0.94,288,2.23,4.34,,3.61,0,180.66
AR22-001-018,CSFR: 0.0003,1,1/20/2022 10:39,41.7456,41.4037,1,293,2.49,4.47,,4.53,0,181.48
AR22-001-019,CSFR: 0.00037 to 0.0002 to 0.00023,1,1/20/2022 10:45,42.1369,41.8483,1,296,2.76,4.62,,5.15,0,179.78
AR22-001-016,CSFR: 0.0005,1,1/20/2022 10:28,43.9777,43.5227,1.05,303,3.36,5.08,,7.81,0,184.45
AR21-048-009,CSFR: 0.0000 to 0.0007,1,10/14/2021 11:41,46.436,46.244,0.46,266,1.27,3.94,,0.59,2.5,177.9
AR21-048-003,CSFR: 0.0000 to 0.00035,1,10/14/2021 10:54,46.913,46.743,0.52,271,1.47,4.19,,0.3,2.42,177.54
AR22-001-001,CSFR: 0.0001 to 0.0005,1,1/20/2022 8:54,48.984,48.711,0.94,285,2,4.54,,1.9,1.8,177.65
AR22-001-002,CSFR: 0.00023 to 0.00037,2,1/21/2022 9:26,62.9395,62.5703,0.04,266,0.11,4.08,1107.644,8.73,2.7,186.42
AR22-001-003,CSFR: 0.00037 to 0.0004 to 0.00023,2,1/21/2022 9:31,64.3279,63.9197,0.04,261,0.16,2.8,1215.066,11.98,2.7,189.63
AR22-001-004,CSFR: 0.0003,2,1/21/2022 9:37,63.0734,62.7666,0.05,263,0.09,3.59,1139.33,9.06,2.7,186.75
AR22-001-005,CSFR: 0.0001 to 0.0004 to 0.0001,2,1/21/2022 9:43,55.6114,55.146,0.05,268,0.1,4.87,908.4468,5.94,2.7,183.69
AR22-001-006,CSFR: 0.00023 to 0.0002 to 0.00037,2,1/21/2022 9:49,58.9628,58.6729,0.06,266,0.1,4.56,1035.705,6.15,2.7,183.89
AR22-001-007,CSFR: 0.0001 to 0.00027 to 0.00023,2,1/21/2022 9:54,62.0685,61.7786,0.06,258,1.86,2.34,1163.469,4.54,3.7,181.16
AR22-001-008,CSFR: 0.0005 to 0.0002 to 0.0005,2,1/21/2022 10:02,67.418,67.002,0.05,270,0.69,2.92,1594.35,12.45,2.5,190.74
AR22-001-009,CSFR: 0.0005 to 0.0001,2,1/21/2022 10:08,62.7432,62.3272,0.09,271,0.91,2.88,1252.353,13.82,2.4,190.99
AR22-001-010,CSFR: 0.0001,2,1/21/2022 10:14,57.5666,57.1519,0.08,259,1.78,3.19,1066.124,2.89,3.7,181.75
AR22-001-011,CSFR: 0.0005 to 0.0001,2,1/21/2022 10:19,61.0181,60.6099,0.1,270,1.08,2.82,1221.036,13.66,2.3,190.49
AR22-001-012,CSFR: 0.0003,2,1/21/2022 10:25,62.6288,62.244,0.05,263,0.09,3.5,1168.564,9.28,2.7,187.03
AR22-001-013,CSFR: 0.00037 to 0.00033 to 0.0005,2,1/21/2022 10:31,64.4059,63.9899,0.06,264,0.1,3.14,1294.124,10.72,2.7,186.31
AR22-001-014,CSFR: 0.0005 to 0.00033 to 0.00037,2,1/21/2022 10:37,63.9275,63.4803,0.02,275,1.37,3.23,1306.26,14.5,2.2,191.21
AR22-001-015,CSFR: 0.0003,2,1/21/2022 10:43,61.5043,61.2066,0.08,267,0.12,3.89,1192.676,9.1,2.7,186.89
AR22-001-017,CSFR: 0.00023 to 0.00027 to 0.0001,2,1/21/2022 10:54,58.0775,57.7161,0.04,267,0.08,4.47,1270.611,7.47,2.7,185.19
AR22-001-018,CSFR: 0.0003,2,1/21/2022 11:00,62.751,62.2414,0.05,266,0.06,3.95,1446.801,9.18,2.7,186.86
AR22-001-019,CSFR: 0.00037 to 0.0002 to 0.00023,2,1/21/2022 11:06,65.2379,64.7036,0.06,264,0.03,3.39,1513.32,9.81,2.7,184.92
AR22-001-016,CSFR: 0.0005,2,1/21/2022 10:49,62.9395,62.2804,0.05,279,1.29,3.16,1332.443,15.73,2.2,192.35
AR21-048-009,CSFR: 0.0000 to 0.0007,2,10/15/2021 15:15,51.976,51.781,0.09,258,2.58,3.87,1212.624,2.03,3.58,178.54
AR21-048-003,CSFR: 0.0000 to 0.00035,2,10/15/2021 15:07,50.011,49.823,0.08,260,2.68,4.41,1147.97,0.99,3.44,177.36
AR22-001-001,CSFR: 0.0001 to 0.0005,2,1/21/2022 9:20,66.534,66.17,0.05,257,1.79,2.25,1143.553,4.7,3.7,180.32
AR22-001-002,CSFR: 0.00023 to 0.00037,3,1/22/2022 9:41,59.3242,58.5793,0.08,286,3.92,4.9,,14.02,2.7,190.05
AR22-001-003,CSFR: 0.00037 to 0.0004 to 0.00023,3,1/22/2022 9:47,62.673,61.6057,0.21,299,4.85,5.2,,18.82,2.7,194.41
AR22-001-004,CSFR: 0.0003,3,1/22/2022 9:53,59.5517,58.4766,0.08,285,3.92,4.77,,13.8,2.7,189.85
AR22-001-005,CSFR: 0.0001 to 0.0004 to 0.0001,3,1/22/2022 9:59,57.4964,56.8607,0.05,279,3.25,4.81,,10.7,2.7,186.84
AR22-001-006,CSFR: 0.00023 to 0.0002 to 0.00037,3,1/22/2022 10:37,61.9593,61.0181,0.03,271,2.54,4.58,,9.2,2.7,185.39
AR22-001-007,CSFR: 0.0001 to 0.00027 to 0.00023,3,1/22/2022 10:44,63.8885,63.1826,0.03,276,3.7,4.05,,7.88,3.7,182.94
AR22-001-008,CSFR: 0.0005 to 0.0002 to 0.0005,3,1/22/2022 10:49,64.6022,62.8927,,324,3.19,5.3,,17.42,2.5,193.33
AR22-001-009,CSFR: 0.0005 to 0.0001,3,1/22/2022 10:55,,,,,,,,19.68,5.1,197.84
AR22-001-010,CSFR: 0.0001,3,1/22/2022 11:01,58.1009,57.3872,0.02,269,3,4.04,,4.39,3.7,181.75
AR22-001-011,CSFR: 0.0005 to 0.0001,3,1/22/2022 11:15,67.3153,65.6526,,304,4.32,6.15,,20.8,2.3,195.23
AR22-001-012,CSFR: 0.0003,3,1/22/2022 11:21,63.4517,62.5105,0.08,284,3.71,4.71,,14.28,2.7,190.41
AR22-001-013,CSFR: 0.00037 to 0.00033 to 0.0005,3,1/22/2022 11:27,61.9203,60.6645,0.09,291,4.2,5.33,,16.1,2.7,189.92
AR22-001-014,CSFR: 0.0005 to 0.00033 to 0.00037,3,1/22/2022 11:32,64.2018,62.9551,,306,4.2,5.94,,21.3,2.2,195.66
AR22-001-015,CSFR: 0.0003,3,1/22/2022 11:38,60.8166,59.7896,0.08,285,3.59,4.93,,13.91,2.7,190.05
AR22-001-017,CSFR: 0.00023 to 0.00027 to 0.0001,3,1/22/2022 11:50,59.1279,58.305,0.06,279,3.04,4.66,,11.75,2.7,187.8
AR22-001-018,CSFR: 0.0003,3,1/22/2022 11:56,61.5901,60.6567,0.09,283,3.4,4.62,,14.06,2.7,189.99
AR22-001-019,CSFR: 0.00037 to 0.0002 to 0.00023,3,1/22/2022 12:04,63.0409,61.7084,0.15,293,4.08,5.73,,14.16,2.7,187.3
AR22-001-016,CSFR: 0.0005,3,1/22/2022 11:44,67.6429,66.183,0.33,315,4.97,6.27,,24.73,2.2,199.13
AR21-048-009,CSFR: 0.0000 to 0.0007,3,10/16/2021 11:15,52.422,51.844,0.08,255,1.29,4.98,,4.32,5.22,181.37
AR21-048-003,CSFR: 0.0000 to 0.00035,3,10/16/2021 10:29,52.795,52.017,0.1,251,1.02,5.22,,2.12,5.2,179.12
AR22-001-001,CSFR: 0.0001 to 0.0005,3,1/22/2022 9:35,,,0.02,276,3.96,4.02,,7.9,3.7,182.01
AR22-001-002,CSFR: 0.00023 to 0.00037,4,1/23/2022 9:10,59.6531,57.096,0.08,277,1.02,5.66,2510.565,19.72,5.1,195.99
AR22-001-003,CSFR: 0.00037 to 0.0004 to 0.00023,4,1/23/2022 9:16,63.7078,60.9401,0.13,296,1.95,7.07,2860.44,25.76,4.7,200.61
AR22-001-004,CSFR: 0.0003,4,1/23/2022 9:22,62.595,59.1981,0.09,277,0.94,5.52,2578.635,18.6,5.1,194.97
AR22-001-005,CSFR: 0.0001 to 0.0004 to 0.0001,4,1/23/2022 9:27,58.344,56.1639,0.07,273,0.92,5.53,2202.975,16.17,5.1,192.63
AR22-001-006,CSFR: 0.00023 to 0.0002 to 0.00037,4,1/23/2022 9:33,59.9989,57.7551,0.07,267,0.13,5.57,2293.2,12.13,5.4,189.02
AR22-001-007,CSFR: 0.0001 to 0.00027 to 0.00023,4,1/23/2022 9:39,58.3596,57.4574,0.08,269,1.41,4.54,2240.19,11.34,5.8,186.46
AR22-001-008,CSFR: 0.0005 to 0.0002 to 0.0005,4,1/23/2022 9:45,67.1593,62.9083,0.1,306,0.36,5.82,2928.42,21.5,5.2,197.49
AR22-001-009,CSFR: 0.0005 to 0.0001,4,1/23/2022 9:50,63.6142,60.1159,0.18,316,6.25,7.06,3016.65,25.9,5.1,201.64
AR22-001-010,CSFR: 0.0001,4,1/23/2022 9:56,54.9315,54.3205,0.06,254,0.17,3.92,2030.505,5.81,6.4,183.83
AR22-001-011,CSFR: 0.0005 to 0.0001,4,1/23/2022 10:05,67.6923,63.4413,0.14,298,1.45,6.92,3035.775,27.44,4.5,201
AR22-001-012,CSFR: 0.0003,4,1/23/2022 10:11,61.8995,59.1565,0.07,278,0.86,5.79,2659.17,19.15,5.2,195.63
AR22-001-013,CSFR: 0.00037 to 0.00033 to 0.0005,4,1/23/2022 10:17,62.6886,60.0067,0.08,282,0.97,6.54,2864.97,21.33,5.1,195.34
AR22-001-014,CSFR: 0.0005 to 0.00033 to 0.00037,4,1/23/2022 10:23,,,0.12,295,0.77,7.23,3026.445,28.11,4.7,202.06
AR22-001-015,CSFR: 0.0003,4,1/23/2022 10:28,61.5433,58.6651,0.06,277,0.68,5.73,2638.995,18.7,5.2,195.29
AR22-001-017,CSFR: 0.00023 to 0.00027 to 0.0001,4,1/23/2022 10:40,59.1357,56.446,0.06,272,0.4,5.38,2452.965,16,5.3,192.55
AR22-001-018,CSFR: 0.0003,4,1/23/2022 10:46,62.6106,59.5595,0.05,277,0.61,5.78,2599.62,18.93,5.3,195.11
AR22-001-019,CSFR: 0.00037 to 0.0002 to 0.00023,4,1/23/2022 10:51,63.7208,60.4474,0.1,278,0.62,6.39,2659.785,17.93,5.2,191.31
AR22-001-016,CSFR: 0.0005,4,1/23/2022 10:34,66.8538,62.8147,0.23,319,2.5,7.94,3019.425,33.73,4,207.31
AR21-048-009,CSFR: 0.0000 to 0.0007,4,10/17/2021 14:28,50.432,49.289,0.11,263,1.5,4.58,2197.95,7.19,7.26,183.07
AR21-048-003,CSFR: 0.0000 to 0.00035,4,10/17/2021 14:21,46.398,44.031,0.12,257,1.74,5.02,1842.585,3.45,7.1,179.19
AR22-001-001,CSFR: 0.0001 to 0.0005,4,1/23/2022 9:04,73.632,72.553,0.04,268,1.32,4.42,2274.015,12.3,5.8,186.29
AR22-001-002,CSFR: 0.00023 to 0.00037,5,1/24/2022 10:35,,,,,3.01,,,25.32,5.1,198.41
AR22-001-003,CSFR: 0.00037 to 0.0004 to 0.00023,5,1/24/2022 10:38,,,,,2.27,,,31.6,6.6,204.61
AR22-001-004,CSFR: 0.0003,5,1/24/2022 10:40,,,,,2.96,,,22.53,5.1,195.75
AR22-001-005,CSFR: 0.0001 to 0.0004 to 0.0001,5,1/24/2022 10:43,,,,,3.7,,,21.12,5.1,194.39
AR22-001-006,CSFR: 0.00023 to 0.0002 to 0.00037,5,1/24/2022 10:46,,,,,2.77,,,14.58,5.4,188.34
AR22-001-007,CSFR: 0.0001 to 0.00027 to 0.00023,5,1/24/2022 10:55,,,,,3.41,,,14.53,5.8,186.54
AR22-001-008,CSFR: 0.0005 to 0.0002 to 0.0005,5,1/24/2022 11:13,,,,,1.44,,,24.68,7.5,199.4
AR22-001-009,CSFR: 0.0005 to 0.0001,5,1/24/2022 11:17,,,,,1.59,,,30.98,7.4,205.49
AR22-001-010,CSFR: 0.0001,5,1/24/2022 11:20,,,,,3.19,,,6.98,6.4,181.96
AR22-001-011,CSFR: 0.0005 to 0.0001,5,1/24/2022 11:23,,,,,1.75,,,32.64,6.7,204.23
AR22-001-012,CSFR: 0.0003,5,1/24/2022 11:26,,,,,2.66,,,23,5.2,196.33
AR22-001-013,CSFR: 0.00037 to 0.00033 to 0.0005,5,1/24/2022 11:29,,,,,2.19,,,25.8,7,198.43
AR22-001-014,CSFR: 0.0005 to 0.00033 to 0.00037,5,1/24/2022 11:31,,,,,1.79,,,33,6.9,205.03
AR22-001-015,CSFR: 0.0003,5,1/24/2022 11:34,,,,,2.81,,,22.39,5.2,195.8
AR22-001-017,CSFR: 0.00023 to 0.00027 to 0.0001,5,1/24/2022 11:40,,,,,3.04,,,19.53,5.3,192.7
AR22-001-018,CSFR: 0.0003,5,1/24/2022 11:42,,,,,2.78,,,22.6,5.3,195.44
AR22-001-019,CSFR: 0.00037 to 0.0002 to 0.00023,5,1/24/2022 11:45,,,,,2.27,,,20.68,7.1,192.36
AR22-001-016,CSFR: 0.0005,5,1/24/2022 11:37,,,,,2.761853,,,40.95,6.2,213.13
AR21-048-009,CSFR: 0.0000 to 0.0007,5,10/18/2021 11:17,45.974,45.042,0.08,271,2.98,4.79,,10.57,7.26,185.31
AR21-048-003,CSFR: 0.0000 to 0.00035,5,10/18/2021 10:30,45.105,42.572,0.09,264,3.07,5.06,,5.05,7.1,179.73
AR22-001-001,CSFR: 0.0001 to 0.0005,5,1/24/2022 10:32,,,,,,,3252.78,15.3,5.8,186.73
AR22-001-002,CSFR: 0.00023 to 0.00037,6,1/25/2022 6:42,53.7316,52.7982,0.1,295,0.57,7.9,3819.03,29.97,7.3,203.98
AR22-001-003,CSFR: 0.00037 to 0.0004 to 0.00023,6,1/25/2022 6:49,55.1902,53.677,0.22,323,2.63,9.54,4137.9,36.47,7.8,210.81
AR22-001-004,CSFR: 0.0003,6,1/25/2022 6:58,51.5827,50.1865,0.08,288,0.34,7.35,3813.645,25.79,7.4,201.09
AR22-001-005,CSFR: 0.0001 to 0.0004 to 0.0001,6,1/25/2022 7:05,51.7322,50.5557,0.08,294,1.44,7.32,3606.015,25.48,6.8,200.25
AR22-001-006,CSFR: 0.00023 to 0.0002 to 0.00037,6,1/25/2022 7:13,53.3078,52.0689,0.07,272,0.41,5.57,3164.655,16.76,7.6,192.48
AR22-001-007,CSFR: 0.0001 to 0.00027 to 0.00023,6,1/25/2022 7:21,52.7514,52.0455,0.07,281,1.41,5.28,3200.94,17.44,7.5,189.92
AR22-001-008,CSFR: 0.0005 to 0.0002 to 0.0005,6,1/25/2022 7:28,57.7941,55.575,0.11,335,3.09,9.02,4233.225,27.14,8.5,201.47
AR22-001-009,CSFR: 0.0005 to 0.0001,6,1/25/2022 7:36,56.6423,54.8067,0.24,321,2.5,10.24,4401.105,34.72,8.7,210.46
AR22-001-010,CSFR: 0.0001,6,1/25/2022 7:44,51.3006,51.0341,0.05,260,0.93,4.04,2641.89,8.01,8.3,183.73
AR22-001-011,CSFR: 0.0005 to 0.0001,6,1/25/2022 7:53,56.6501,54.6806,0.33,327,2.33,10.3,4418.58,36.36,8.1,208.76
AR22-001-012,CSFR: 0.0003,6,1/25/2022 8:03,55.2539,54.0696,0.07,293,0.1,8.09,3855.045,26.54,7.6,201
AR22-001-013,CSFR: 0.00037 to 0.00033 to 0.0005,6,1/25/2022 8:10,54.4063,53.2766,0.08,307,2.72,7.91,4041.195,29.66,8.1,202.01
AR22-001-014,CSFR: 0.0005 to 0.00033 to 0.00037,6,1/25/2022 8:18,59.7558,57.6069,0.33,324,1.75,10.37,4352.835,37.31,8.6,210.74
AR22-001-015,CSFR: 0.0003,6,1/25/2022 8:40,55.2695,54.3283,0.05,288,0.14,7.83,3927.78,25.92,7.6,200.48
AR22-001-017,CSFR: 0.00023 to 0.00027 to 0.0001,6,1/25/2022 5:35,53.1908,52.1157,0.09,284,0.71,6.19,3582.69,22.54,7.4,196.44
AR22-001-018,CSFR: 0.0003,6,1/25/2022 5:42,53.4105,52.312,0.08,288,0.18,7.26,3799.98,25.98,7.7,199.77
AR22-001-019,CSFR: 0.00037 to 0.0002 to 0.00023,6,1/25/2022 5:51,54.4765,53.1986,0.1,297,3.14,6.5,3948.99,22.94,8,194.01
AR22-001-016,CSFR: 0.0005,6,1/25/2022 5:27,58.0619,53.7238,3.68,447,0.9,18.39,3712.2,47.3,6.2,220.35
AR21-048-009,CSFR: 0.0000 to 0.0007,6,10/19/2021 15:52,41.062,40.092,0.07,268,0.6,6.06,3006.63,14.3,9.29,189.1
AR21-048-003,CSFR: 0.0000 to 0.00035,6,10/19/2021 15:44,36.316,35.083,0.06,255,0.71,5.52,2559.45,6.69,9.02,181.44
AR22-001-001,CSFR: 0.0001 to 0.0005,6,1/25/2022 6:35,52.143,51.519,0.06,286,1.96,5.58,3377.25,18.7,7.2,190.13
AR22-001-002,CSFR: 0.00023 to 0.00037,7,1/26/2022 7:50,48.6967,46.7051,0.15,309,1.05,9.02,,34.35,9.3,209.15
AR22-001-003,CSFR: 0.00037 to 0.0004 to 0.00023,7,1/26/2022 10:19,50.2346,45.9121,1.67,372,0.5,14.29,,40.76,10.2,216.39
AR22-001-004,CSFR: 0.0003,7,1/26/2022 10:26,43.6852,41.6221,0.08,304,1.3,8.32,,28.64,9.3,203.7
AR22-001-005,CSFR: 0.0001 to 0.0004 to 0.0001,7,1/26/2022 10:35,44.1246,42.5711,0.11,303,1.33,8.3,,29.27,8.7,202.72
AR22-001-006,CSFR: 0.00023 to 0.0002 to 0.00037,7,1/26/2022 10:42,47.2537,46.3281,0.09,283,1.71,5.6,,18.83,9.2,194.03
AR22-001-007,CSFR: 0.0001 to 0.00027 to 0.00023,7,1/26/2022 5:27,47.7009,46.6973,0.11,291,2.57,5.43,,20.22,8.7,192.69
AR22-001-008,CSFR: 0.0005 to 0.0002 to 0.0005,7,1/26/2022 5:36,51.3084,47.7633,0.15,335,1.78,10.4,,29.4,10.1,204.22
AR22-001-009,CSFR: 0.0005 to 0.0001,7,1/26/2022 5:43,53.183,50.0851,2.16,373,0.57,14.45,,37.96,11,215.88
AR22-001-010,CSFR: 0.0001,7,1/26/2022 5:51,47.8894,47.4734,0.09,273,2.66,3.97,,8.99,9.4,184.7
AR22-001-011,CSFR: 0.0005 to 0.0001,7,1/26/2022 6:03,53.2142,49.4416,2.02,378,0.53,14.3,,39.54,10.4,213.97
AR22-001-012,CSFR: 0.0003,7,1/26/2022 6:10,50.4374,48.815,0.1,301,1.28,7.97,,29.84,9.5,205
AR22-001-013,CSFR: 0.00037 to 0.00033 to 0.0005,7,1/26/2022 6:18,51.2382,49.2453,0.12,312,1.6,9.54,,33.52,9.9,206.46
AR22-001-014,CSFR: 0.0005 to 0.00033 to 0.00037,7,1/26/2022 6:25,54.4843,50.4452,2.38,390,0.67,14.86,,41.26,10.9,216.8
AR22-001-015,CSFR: 0.0003,7,1/26/2022 6:32,49.2934,47.4266,0.09,300,1.4,8.17,,29.14,9.5,204.3
AR22-001-017,CSFR: 0.00023 to 0.00027 to 0.0001,7,1/26/2022 6:48,47.1679,45.9043,0.08,295,1.59,6.85,,25.12,9.1,199.49
AR22-001-018,CSFR: 0.0003,7,1/26/2022 6:55,47.3954,45.4896,0.1,302,1.44,8.85,,29.07,9.5,203.43
AR22-001-019,CSFR: 0.00037 to 0.0002 to 0.00023,7,1/26/2022 7:04,48.7045,46.9092,0.11,296,2.02,9.98,,24.9,9.4,196.15
AR22-001-016,CSFR: 0.0005,7,1/26/2022 6:41,55.9039,48.2105,,540,3.01,,,53.28,6.2,226.09
AR21-048-009,CSFR: 0.0000 to 0.0007,7,10/20/2021 11:18,35.657,34.954,0.11,282,2,6.57,,18.2,9.29,191.89
AR21-048-003,CSFR: 0.0000 to 0.00035,7,10/20/2021 10:31,35.01,34.376,0.08,268,2.5,5.82,,8.46,9.02,182.16
AR22-001-001,CSFR: 0.0001 to 0.0005,7,1/26/2022 7:42,46.02,45.123,0.09,295,2.31,6.3,,22,8.5,193.39
AR22-001-002,CSFR: 0.00023 to 0.00037,8,1/27/2022 5:36,44.5874,42.3202,0.22,329,2.08,10.81,4657.425,38.36,10.9,211.68
AR22-001-003,CSFR: 0.00037 to 0.0004 to 0.00023,8,1/27/2022 5:43,48.477,42.1642,2.85,434,2.3,17,4461.51,44.5,11.7,218.82
AR22-001-004,CSFR: 0.0003,8,1/27/2022 5:50,38.5632,36.0776,0.15,321,2.82,9.67,4537.62,31.09,9.3,202.77
AR22-001-005,CSFR: 0.0001 to 0.0004 to 0.0001,8,1/27/2022 6:03,38.0926,35.6538,0.11,320,2.12,9.54,4540.935,32.25,10.1,203.71
AR22-001-006,CSFR: 0.00023 to 0.0002 to 0.00037,8,1/27/2022 6:11,45.6222,44.7759,0.2,292,2.77,5.73,4025.07,21.03,9.2,192.77
AR22-001-007,CSFR: 0.0001 to 0.00027 to 0.00023,8,1/27/2022 6:19,45.9121,44.8305,0.1,295,2.22,6.13,4056.675,22.88,10.1,193.25
AR22-001-008,CSFR: 0.0005 to 0.0002 to 0.0005,8,1/27/2022 6:26,42.172,36.6652,0.22,348,3.54,,4861.545,31.33,10.1,202.73
AR22-001-009,CSFR: 0.0005 to 0.0001,8,1/27/2022 6:34,49.7003,43.3238,3.84,440,1.43,18.65,4417.29,40.39,13,217.29
AR22-001-010,CSFR: 0.0001,8,1/27/2022 6:43,44.3833,44.0063,0.1,274,2.71,4.27,3162.375,9.9,10.4,183.29
AR22-001-011,CSFR: 0.0005 to 0.0001,8,1/27/2022 6:50,48.8618,41.6858,3.21,440,1.9,17.47,4546.71,41.84,12.1,215.05
AR22-001-012,CSFR: 0.0003,8,1/27/2022 6:58,43.3875,40.9955,0.15,313,1.72,9.73,4512.24,32.65,11.2,206.03
AR22-001-013,CSFR: 0.00037 to 0.00033 to 0.0005,8,1/27/2022 7:06,45.2296,42.289,0.52,336,1.73,12.59,4700.88,37.1,11.6,209.17
AR22-001-014,CSFR: 0.0005 to 0.00033 to 0.00037,8,1/27/2022 7:14,48.5875,41.5285,3.76,462,1.89,17.99,4441.02,44.49,12.6,218.88
AR22-001-015,CSFR: 0.0003,8,1/27/2022 7:21,44.1012,42.1798,0.14,312,1.76,9.55,4614.525,32.01,11.1,205.39
AR22-001-017,CSFR: 0.00023 to 0.00027 to 0.0001,8,1/27/2022 7:37,41.873,40.0699,0.12,305,1.82,7.64,4366.935,27.18,10.7,199.63
AR22-001-018,CSFR: 0.0003,8,1/27/2022 7:44,41.4583,39.1599,0.14,318,1.78,9.73,4623.57,31.73,11.1,204.31
AR22-001-019,CSFR: 0.00037 to 0.0002 to 0.00023,8,1/27/2022 7:53,42.7908,39.7553,0.16,305,1.45,8.76,4564.98,26.54,11.2,196.03
AR22-001-016,CSFR: 0.0005,8,1/27/2022 7:29,43.9361,30.7528,6.72,603,2.18,25.68,3536.13,57.23,7.8,228.99
AR21-048-009,CSFR: 0.0000 to 0.0007,8,10/21/2021 11:14,37.534,36.053,0.11,292,0.35,9.02,,22.83,11.52,197.62
AR21-048-003,CSFR: 0.0000 to 0.00035,8,10/21/2021 10:29,35.252,34.241,0.07,265,0.31,6.58,,10.5,11.14,185.27
AR22-001-001,CSFR: 0.0001 to 0.0005,8,1/27/2022 5:27,41.236,39.975,0.43,304,4.83,11.16,4357.41,24.9,8.5,192.876
AR22-001-002,CSFR: 0.00023 to 0.00037,9,1/28/2022 6:49,41.4336,37.882,1.05,365,1.63,15.09,4936.935,41.99,12.7,216.79
AR22-001-003,CSFR: 0.00037 to 0.0004 to 0.00023,9,1/28/2022 6:57,45.8731,38.8778,3.77,482,2.23,20.19,4357.155,47.71,13.2,223.08
AR22-001-004,CSFR: 0.0003,9,1/28/2022 7:04,37.011,34.2264,0.09,318,0.32,11.87,4916.385,33.4,11.7,206.41
AR22-001-005,CSFR: 0.0001 to 0.0004 to 0.0001,9,1/28/2022 7:12,37.9522,35.568,0.13,326,1.98,11.68,4833.255,34.9,11.7,206.83
AR22-001-006,CSFR: 0.00023 to 0.0002 to 0.00037,9,1/28/2022 7:20,43.238,42.1395,0.06,283,0.27,6.9,4316.175,23.36,11.5,196.27
AR22-001-007,CSFR: 0.0001 to 0.00027 to 0.00023,9,1/28/2022 7:27,42.328,41.1359,0.07,301,1.97,6.97,4407.48,25.34,11.5,196.07
AR22-001-008,CSFR: 0.0005 to 0.0002 to 0.0005,9,1/28/2022 7:36,39.9594,35.1442,0.06,346,0.19,13.53,5159.865,33.53,12.6,206.3
AR22-001-009,CSFR: 0.0005 to 0.0001,9,1/28/2022 7:43,45.8029,38.1719,4.12,473,1.48,19.59,4407.645,42.22,14.9,220.47
AR22-001-010,CSFR: 0.0001,9,1/28/2022 7:51,42.4463,41.5753,0.07,277,2.46,4.47,3343.455,10.75,11.6,184.27
AR22-001-011,CSFR: 0.0005 to 0.0001,9,1/28/2022 8:03,44.72,35.724,3.98,458,1.56,19.77,4744.2,43.55,14,218.14
AR22-001-012,CSFR: 0.0003,9,1/28/2022 8:10,42.9091,40.0062,0.15,324,1.4,11.91,4902.9,35.38,13.1,209.81
AR22-001-013,CSFR: 0.00037 to 0.00033 to 0.0005,9,1/28/2022 8:17,43.5279,39.3172,1.81,387,1.45,16.32,4876.065,40.66,13.5,214.03
AR22-001-014,CSFR: 0.0005 to 0.00033 to 0.00037,9,1/28/2022 5:27,44.6888,34.6502,4.49,,2.25,20.09,4464.975,47.27,14.1,222.74
AR22-001-015,CSFR: 0.0003,9,1/28/2022 5:35,42.2734,40.3286,0.13,,1.75,11.24,4888.575,34.77,12.8,208.81
AR22-001-017,CSFR: 0.00023 to 0.00027 to 0.0001,9,1/28/2022 5:50,40.3286,38.3123,0.12,308,1.86,8.93,4842.99,28.96,12.3,201.89
AR22-001-018,CSFR: 0.0003,9,1/28/2022 6:03,40.7199,37.8573,0.11,323,1.94,11.4,4953.645,34.28,12.7,207.37
AR22-001-019,CSFR: 0.00037 to 0.0002 to 0.00023,9,1/28/2022 6:10,43.9049,41.3166,0.08,312,2.14,9.76,4939.635,28.25,12.6,198.02
AR22-001-016,CSFR: 0.0005,9,1/28/2022 5:43,39.0182,21.8426,7.26,639,3.71,27.73,3540.75,59.99,7.8,231.26
AR21-048-009,CSFR: 0.0000 to 0.0007,9,10/22/2021 14:19,35.544,33.435,0.1,304,1.25,9.63,4233.3,27.85,13.35,201.29
AR21-048-003,CSFR: 0.0000 to 0.00035,9,10/22/2021 14:11,32.339,31.087,,282,2.6,7.09,3486.93,12.63,11.14,184.22
AR22-001-001,CSFR: 0.0001 to 0.0005,9,1/28/2022 6:41,39.052,37.648,0.07,303,0.37,9.06,4643.76,28.4,11,197.706
AR22-001-002,CSFR: 0.00023 to 0.00037,10,1/29/2022 5:36,42.25,36.972,1.91,411,2.3,16.84,,45.56,14.2,221.16
AR22-001-003,CSFR: 0.00037 to 0.0004 to 0.00023,10,1/29/2022 5:43,40.4222,30.4226,4.28,525,3.35,21.56,,50.11,13.2,224.96
AR22-001-004,CSFR: 0.0003,10,1/29/2022 5:51,32.9875,28.9172,0.21,341,2.87,12.7,,35.41,11.7,207.38
AR22-001-005,CSFR: 0.0001 to 0.0004 to 0.0001,10,1/29/2022 6:02,35.2378,30.9959,0.31,342,2.52,13.25,,36.89,13,209.22
AR22-001-006,CSFR: 0.00023 to 0.0002 to 0.00037,10,1/29/2022 6:10,39.4186,37.6623,0.09,304,2.93,7.73,,25.74,11.5,197.53
AR22-001-007,CSFR: 0.0001 to 0.00027 to 0.00023,10,1/29/2022 6:17,38.2499,36.7835,0.1,312,2.82,8.19,,27.52,11.5,197.16
AR22-001-008,CSFR: 0.0005 to 0.0002 to 0.0005,10,1/29/2022 6:25,37.6623,29.2227,0.2,371,3.09,13.64,,35.74,12.6,207.43
AR22-001-009,CSFR: 0.0005 to 0.0001,10,1/29/2022 6:33,40.729,29.2539,4.54,508,2.93,20.62,,43.47,14.9,221.06
AR22-001-010,CSFR: 0.0001,10,1/29/2022 6:40,39.0819,38.376,0.09,279,2.74,4.49,,11.54,12.7,185.06
AR22-001-011,CSFR: 0.0005 to 0.0001,10,1/29/2022 6:48,38.7595,24.4153,4.48,511,3.16,20.36,,44.6,14,218.55
AR22-001-012,CSFR: 0.0003,10,1/29/2022 6:56,38.3994,34.2342,0.84,356,2.58,14.21,,37.79,14.4,212.94
AR22-001-013,CSFR: 0.00037 to 0.00033 to 0.0005,10,1/29/2022 7:03,40.0153,33.9365,2.39,435,3,18.14,,44.06,13.5,216.75
AR22-001-014,CSFR: 0.0005 to 0.00033 to 0.00037,10,1/29/2022 7:11,40.2103,26.195,5.07,543,3.43,21.49,,49.45,14.1,224.37
AR22-001-015,CSFR: 0.0003,10,1/29/2022 7:19,38.7751,34.697,0.55,343,2.26,13.6,,37.21,14.3,212.06
AR22-001-017,CSFR: 0.00023 to 0.00027 to 0.0001,10,1/29/2022 7:34,35.7487,32.7912,0.17,322,2.3,10.28,,30.32,13.7,203.57
AR22-001-018,CSFR: 0.0003,10,1/29/2022 7:42,37.5596,32.1087,0.37,343,2.51,12.88,,36.52,14,209.98
AR22-001-019,CSFR: 0.00037 to 0.0002 to 0.00023,10,1/29/2022 7:50,40.1869,36.4546,0.17,324,2.31,10.76,,29.86,13.9,199.9
AR22-001-016,CSFR: 0.0005,10,1/29/2022 7:27,35.6382,11.3412,7.56,673,3.96,28.89,,61.55,7.8,232.17
AR21-048-009,CSFR: 0.0000 to 0.0007,10,10/23/2021 11:00,33.849,30.817,0.67,327,1.27,11.94,,33.1,15.23,207.83
AR21-048-003,CSFR: 0.0000 to 0.00035,10,10/23/2021 10:29,33.422,31.809,0.09,275,0.32,7.68,,15.05,13.29,187.73
AR22-001-001,CSFR: 0.0001 to 0.0005,10,1/29/2022 5:28,35.516,33.631,0.12,313,3.26,9.85,,31.8,11,200.056
AR22-001-002,CSFR: 0.00023 to 0.00037,11,1/30/2022 8:17,38.3123,28.1164,2.35,,3.11,18.91,,48.46,14.2,222.64
AR22-001-003,CSFR: 0.00037 to 0.0004 to 0.00023,11,1/30/2022 8:25,37.2619,21.0899,4.87,,2.15,23.24,,51.78,14.8,226.65
AR22-001-004,CSFR: 0.0003,11,1/30/2022 8:35,31.7564,25.6464,0.28,,0.76,13.91,,37.23,13.9,209.41
AR22-001-005,CSFR: 0.0001 to 0.0004 to 0.0001,11,1/30/2022 5:29,34.2186,27.1596,0.8,,3.07,15.71,,38.26,13,208.8
AR22-001-006,CSFR: 0.00023 to 0.0002 to 0.00037,11,1/30/2022 5:39,36.9486,33.8975,0.12,,0.98,8.9,,28.18,13.5,199.89
AR22-001-007,CSFR: 0.0001 to 0.00027 to 0.00023,11,1/30/2022 5:46,34.0535,31.5133,0.12,,0.75,9.27,,29.35,13.7,199.04
AR22-001-008,CSFR: 0.0005 to 0.0002 to 0.0005,11,1/30/2022 6:04,40.1869,27.4261,0.43,,1.31,14.53,,38.23,14.5,209.95
AR22-001-009,CSFR: 0.0005 to 0.0001,11,1/30/2022 6:11,38.0068,21.5293,4.83,,1.44,21.25,,44.27,16.9,222.22
AR22-001-010,CSFR: 0.0001,11,1/30/2022 6:19,34.5956,33.787,0.09,,2.92,4.55,,12.26,12.7,183.75
AR22-001-011,CSFR: 0.0005 to 0.0001,11,1/30/2022 6:28,37.9522,15.8509,4.77,,2.04,20.99,,45.22,15.6,219.14
AR22-001-012,CSFR: 0.0003,11,1/30/2022 6:36,38.987,29.8272,1.3,,2.95,15.99,,39.96,14.4,213.31
AR22-001-013,CSFR: 0.00037 to 0.00033 to 0.0005,11,1/30/2022 6:44,37.3165,27.3169,2.72,,2.16,19.79,,47.17,15,219.88
AR22-001-014,CSFR: 0.0005 to 0.00033 to 0.00037,11,1/30/2022 6:53,37.0578,17.8971,5.39,,2.95,22.58,,51.14,14.1,224.37
AR22-001-015,CSFR: 0.0003,11,1/30/2022 7:00,36.6262,30.2731,1.05,,3.29,15.75,,39.4,14.3,212.49
AR22-001-017,CSFR: 0.00023 to 0.00027 to 0.0001,11,1/30/2022 7:18,33.9209,30.0547,0.2,,2.54,11.07,,31.36,15,203.84
AR22-001-018,CSFR: 0.0003,11,1/30/2022 7:25,34.619,28.392,0.79,,3.47,14.99,,38.55,14,210.22
AR22-001-019,CSFR: 0.00037 to 0.0002 to 0.00023,11,1/30/2022 7:34,36.0542,30.7996,0.21,,2.91,11.76,,31.33,13.9,199.28
AR22-001-016,CSFR: 0.0005,11,1/30/2022 7:09,33.5517,6.7925,7.76,,4.24,29.51,,62.56,7.8,231.61
AR21-048-009,CSFR: 0.0000 to 0.0007,11,10/24/2021 10:59,31.661,28.394,1.12,372,1.99,15.22,,38.6,16.79,213.33
AR21-048-003,CSFR: 0.0000 to 0.00035,11,10/24/2021 10:29,26.944,25.49,0.1,292,2.7,8.24,,17.3,13.29,187.92
AR22-001-001,CSFR: 0.0001 to 0.0005,11,1/30/2022 8:10,32.578,29.523,0.14,,1.01,11.34,,35.2,13.2,203.536
AR22-001-002,CSFR: 0.00023 to 0.00037,12,1/31/2022 7:29,32.8848,20.384,2.96,486,1.96,20.42,4843.95,48.46,14.2,222.64
AR22-001-003,CSFR: 0.00037 to 0.0004 to 0.00023,12,1/31/2022 7:36,34.6424,13.9607,5.12,590,4.16,24.44,4251.915,51.78,14.8,226.65
AR22-001-004,CSFR: 0.0003,12,1/31/2022 7:45,30.94,23.6938,0.41,373,3.59,14.64,5670.93,37.23,13.9,209.41
AR22-001-005,CSFR: 0.0001 to 0.0004 to 0.0001,12,1/31/2022 7:52,33.5049,24.3763,1.01,387,0.96,17.12,5411.985,38.26,13,208.8
AR22-001-006,CSFR: 0.00023 to 0.0002 to 0.00037,12,1/31/2022 8:02,33.7324,30.1171,0.13,330,3.12,9.94,5232.66,28.18,13.5,199.89
AR22-001-007,CSFR: 0.0001 to 0.00027 to 0.00023,12,1/31/2022 8:20,28.9484,25.7959,0.11,333,2.86,10.41,5473.95,29.35,13.7,199.04
AR22-001-008,CSFR: 0.0005 to 0.0002 to 0.0005,12,1/31/2022 8:28,38.7751,26.8931,0.99,418,4.02,16.6,5692.815,38.23,14.5,209.95
AR22-001-009,CSFR: 0.0005 to 0.0001,12,1/31/2022 5:29,37.8976,15.7716,5.21,557,4.08,22.36,4350.51,44.27,16.9,222.22
AR22-001-010,CSFR: 0.0001,12,1/31/2022 5:36,34.5956,33.7792,0.13,279,0.98,4.82,3954.3,12.26,12.7,183.75
AR22-001-011,CSFR: 0.0005 to 0.0001,12,1/31/2022 5:44,34.5085,12.7842,5.03,553,4.26,21.84,4586.925,45.22,15.6,219.14
AR22-001-012,CSFR: 0.0003,12,1/31/2022 5:51,37.3321,27.4183,1.59,414,1.53,17.42,5057.37,39.96,14.4,213.31
AR22-001-013,CSFR: 0.00037 to 0.00033 to 0.0005,12,1/31/2022 6:03,36.0308,20.1643,3.15,510,4.68,21.24,4925.25,47.17,15,219.88
AR22-001-014,CSFR: 0.0005 to 0.00033 to 0.00037,12,1/31/2022 6:11,36.4936,13.0741,5.71,590,2.89,23.97,4337.055,51.14,14.1,224.37
AR22-001-015,CSFR: 0.0003,12,1/31/2022 6:19,38.4618,29.1681,1.29,404,1.65,16.9,5254.2,39.4,14.3,212.49
AR22-001-017,CSFR: 0.00023 to 0.00027 to 0.0001,12,1/31/2022 6:35,33.3086,28.1411,0.19,340,2.9,11.98,5434.17,31.36,15,203.84
AR22-001-018,CSFR: 0.0003,12,1/31/2022 6:42,35.7799,26.195,1.03,394,2.37,16.62,5277.54,38.55,14,210.22
AR22-001-019,CSFR: 0.00037 to 0.0002 to 0.00023,12,1/31/2022 6:50,37.2307,31.8344,0.25,338,1.05,12.55,5526.315,31.33,13.9,199.28
AR22-001-016,CSFR: 0.0005,12,1/31/2022 6:26,28.6741,1.937,8.34,710,4.47,30.86,3372.765,62.56,7.8,231.61
AR21-048-009,CSFR: 0.0000 to 0.0007,12,10/25/2021 9:50,30.4,25.327,1.42,416,2.91,17.56,5562.27,38.6,16.79,213.33
AR21-048-003,CSFR: 0.0000 to 0.00035,12,10/25/2021 9:44,29.376,27.076,0.08,288,0.45,8.56,5113.71,17.3,13.29,187.92
AR22-001-001,CSFR: 0.0001 to 0.0005,12,1/31/2022 7:21,29.692,25.038,0.25,366,3.93,12.96,5578.095,35.2,13.2,203.536
