Batch,Condition,Day,Sample Time,TCC,VCC,Viability,Glucose,Glutamate,Lactate,Osmo,Ammonium,IGG,pH_at_temp,pH_Setpoint,Temperature,Daily_Feed_Normalized,Daily_Glucose_Normalized,Daily_CO2_Volume_Normalized,Controller_pH,Feed A Added,Glucose Added,CO2_Total_Volume,Volume
AR23-014-001,pH: 7.15,0,3/7/2023 10:58,0.53,0.53,100,5.98,3.27,0.16,320,3.18,30,7.39,7.15,36.5,0,0,0,7.321,0,0,0.1,198.2
AR23-014-002,pH: 7.05,0,3/7/2023 11:05,0.35,0.34,97.14285714,6.07,3.28,0.16,323,3.14,30,7.25,7.05,36.5,0,0,0,7.171,0,0,0.1,198.2
AR23-014-003,pH: 6.95,0,3/7/2023 11:13,0.4,0.38,95,5.99,3.22,0.18,319,3.24,30,7.3,6.95,36.5,0,0,0.000504541,7.227,0,0,0.1,198.2
AR23-014-004,pH: 6.95,0,3/7/2023 11:20,0.34,0.34,100,6.08,3.27,0.17,323,3.21,30,7.29,6.95,36.5,0,0,0.000504541,7.223,0,0,0.1,198.2
AR23-014-005,pH: 6.95,0,3/7/2023 11:29,0.5,0.5,100,5.98,3.32,0.18,324,3.22,30,7.29,6.95,36.5,0,0,0.001009082,7.213,0,0,0.1,198.2
AR23-014-006,pH: 7.01,0,3/7/2023 11:36,0.46,0.46,100,5.96,3.21,0.21,320,3.24,30,7.32,7.01,36.5,0,0,0.000504541,7.245,0,0,0.1,198.2
AR23-014-007,pH: 6.95,0,3/7/2023 11:44,0.18,0.17,94.44444444,6.14,3.27,0.13,328,3.11,30,7.3,6.95,36.5,0,0,0.000504541,7.228,0,0,0.1,198.2
AR23-014-008,pH: 7.008,0,3/7/2023 11:52,0.5,0.5,100,5.94,3.23,0.21,322,3.21,30,7.31,7.008,36.5,0,0,0.000504541,7.256,0,0,0.1,198.2
AR23-014-009,pH: 7.05,0,3/7/2023 12:03,0.36,0.36,100,6.07,3.28,0.12,329,3.23,30,7.36,7.05,36.5,0,0,0.000504541,7.294,0,0,0.1,198.2
AR23-014-010,pH: 7.15,0,3/7/2023 12:11,0.18,0.18,100,6.09,3.28,0.1,320,3.1,30,7.39,7.15,36.5,0,0,0,7.341,0,0,0.1,198.2
AR23-014-011,pH: 7.15,0,3/7/2023 12:18,0.45,0.44,97.77777778,5.89,3.27,0.16,322,3.24,30,7.37,7.15,36.5,0,0,0,7.316,0,0,0.1,198.2
AR23-014-012,pH: 7.074747498,0,3/7/2023 12:26,0.41,0.41,100,5.96,3.23,0.14,322,3.18,30,7.36,7.074747498,36.5,0,0,0,7.303,0,0,0.1,198.2
AR23-014-013,pH: 7.05,0,3/7/2023 12:34,0.36,0.36,100,6.04,3.28,0.12,322,3.19,30,7.34,7.05,36.5,0,0,0.000504541,7.269,0,0,0.1,198.2
AR23-014-014,pH: 6.95,0,3/7/2023 12:42,0.45,0.45,100,6.03,3.18,0.16,326,3.2,30,7.29,6.95,36.5,0,0,0.000504541,7.212,0,0,0.1,198.2
AR23-014-015,pH: 7.15,0,3/7/2023 12:49,0.19,0.19,100,6.14,3.3,0.11,322,3.05,30,7.39,7.15,36.5,0,0,0,7.336,0,0,0.1,198.2
AR23-014-016,pH: 6.95,0,3/7/2023 12:58,0.18,0.18,100,6.04,3.3,0.1,327,3.09,30,7.29,6.95,36.5,0,0,0.000504541,7.232,0,0,0.1,198.2
AR23-014-017,pH: 7.15,0,3/7/2023 13:07,0.47,0.47,100,6.06,3.29,0.17,323,3.26,30,7.38,7.15,36.5,0,0,0,7.316,0,0,0.1,198.2
AR23-014-018,pH: 6.95,0,3/7/2023 13:14,0.17,0.17,100,6.22,3.18,0.08,328,3.19,30,7.29,6.95,36.5,0,0,0.000504541,7.228,0,0,0.1,198.2
AR23-014-020,pH: 7.15,0,3/7/2023 13:23,0.18,0.18,100,6.18,3.2,0.08,323,3.16,30,7.36,7.15,36.5,0,0,0,7.29,0,0,0.1,197
AR23-014-021,pH: 6.95,0,3/7/2023 13:30,0.4,0.39,97.5,5.97,3.22,0.13,327,3.23,30,7.29,6.95,36.5,0,0,0.000514668,7.211,0,0,0.1,194.3
AR23-014-023,DR23-008 Satellites,0,3/7/2023 13:47,0.442,0.427,96.60633484,5.86,3.23,0.18,324,3.24,30,7.29,7.05,36.5,0,0,0.000504541,7.224,0,0,0.2,198.2
AR23-014-024,DR23-008 Satellites,0,3/7/2023 14:03,0.49,0.48,97.95918367,5.9,3.3,0.15,324,3.27,30,7.24,7.05,36.5,0,0,0,7.238,0,0,0.1,198.2
AR23-014-001,pH: 7.15,1,3/8/2023 9:01,1.11,1.09,98.1981982,5.51,3.42,0.48,323,4.13,67.78,7.38,7.15,36.5,0,0,0,7.411,0,0,0.1,196.4
AR23-014-002,pH: 7.05,1,3/8/2023 6:05,0.67,0.66,98.50746269,5.81,3.35,0.37,322,3.82,67.44,7.29,7.05,36.5,0,0,0.000509165,7.308,0,0,0.1,196.4
AR23-014-003,pH: 6.95,1,3/8/2023 6:13,0.9,0.88,97.77777778,5.59,3.26,0.39,324,3.94,66.84,7.22,6.95,36.5,0,0,0,7.212,0,0,0.2,196.4
AR23-014-004,pH: 6.95,1,3/8/2023 6:20,0.79,0.79,100,5.74,3.3,0.34,328,3.88,65.32,7.21,6.95,36.5,0,0,0.000509684,7.21,0,0,0.2,196.2
AR23-014-005,pH: 6.95,1,3/8/2023 6:28,1.08,1.07,99.07407407,5.73,3.32,0.4,331,4.04,66.25,7.19,6.95,36.5,0,0,0,7.21,0,0,0.3,196.4
AR23-014-006,pH: 7.01,1,3/8/2023 6:36,1.05,1.02,97.14285714,5.62,3.38,0.42,327,3.93,62.65,7.27,7.01,36.5,0,0,0,7.271,0,0,0.2,196.4
AR23-014-007,pH: 6.95,1,3/8/2023 6:43,0.37,0.37,100,6,3.2,0.23,330,3.48,69.87,7.22,6.95,36.5,0,0,0.00101833,7.214,0,0,0.2,196.4
AR23-014-008,pH: 7.008,1,3/8/2023 6:51,1.04,1.03,99.03846154,5.55,3.21,0.44,327,3.97,69.52,7.27,7.008,36.5,0,0,0,7.278,0,0,0.2,196.4
AR23-014-009,pH: 7.05,1,3/8/2023 6:59,0.74,0.73,98.64864865,5.82,3.3,0.38,329,3.85,68.79,7.3,7.05,36.5,0,0,0,7.315,0,0,0.2,196.4
AR23-014-010,pH: 7.15,1,3/8/2023 7:07,0.35,0.34,97.14285714,5.99,3.2,0.26,327,3.64,64.92,7.39,7.15,36.5,0,0,0.000509165,7.414,0,0,0.1,196.4
AR23-014-011,pH: 7.15,1,3/8/2023 7:14,1.07,1.06,99.06542056,5.51,3.26,0.5,324,4.05,67.92,7.39,7.15,36.5,0,0,0,7.409,0,0,0.1,196.4
AR23-014-012,pH: 7.074747498,1,3/8/2023 7:23,0.75,0.74,98.66666667,5.75,3.26,0.36,329,3.84,65.92,7.33,7.074747498,36.5,0,0,0.000509165,7.347,0,0,0.1,196.4
AR23-014-013,pH: 7.05,1,3/8/2023 7:31,0.78,0.77,98.71794872,5.7,3.17,0.37,328,3.78,71.67,7.31,7.05,36.5,0,0,0,7.312,0,0,0.2,196.4
AR23-014-014,pH: 6.95,1,3/8/2023 7:38,0.83,0.82,98.79518072,5.78,3.19,0.38,329,3.88,69.52,7.21,6.95,36.5,0,0,0.000509165,7.216,0,0,0.2,196.4
AR23-014-015,pH: 7.15,1,3/8/2023 7:47,0.38,0.37,97.36842105,5.89,3.24,0.27,332,3.52,64.49,7.41,7.15,36.5,0,0,0.000509165,7.418,0,0,0.1,196.4
AR23-014-016,pH: 6.95,1,3/8/2023 8:03,0.39,0.38,97.43589744,5.92,3.33,0.18,327,3.48,63.89,7.22,6.95,36.5,0,0,0.00101833,7.217,0,0,0.2,196.4
AR23-014-017,pH: 7.15,1,3/8/2023 8:12,1.07,1.06,99.06542056,5.59,3.48,0.5,324,4.13,69.59,7.39,7.15,36.5,0,0,0,7.413,0,0,0.1,196.4
AR23-014-018,pH: 6.95,1,3/8/2023 8:20,0.41,0.4,97.56097561,5.9,3.37,0.21,326,3.47,72.8,7.23,6.95,36.5,0,0,0.00101833,7.219,0,0,0.2,196.4
AR23-014-020,pH: 7.15,1,3/8/2023 8:27,0.41,0.4,97.56097561,6,3.42,0.23,329,3.57,69.76,7.39,7.15,36.5,0,0,0.000504541,7.411,0,0,0.1,198.2
AR23-014-021,pH: 6.95,1,3/8/2023 8:36,0.86,0.84,97.6744186,5.77,3.39,0.33,326,3.79,65.1,7.21,6.95,36.5,0,0,0.000504541,7.219,0,0,0.2,198.2
AR23-014-023,DR23-008 Satellites,1,3/8/2023 10:37,1.04,1.03,99.03846154,5.36,3.47,0.47,320,3.97,67.47,7.33,7.05,36.5,0,0,0,7.355,0,0,0.3,198
AR23-014-024,DR23-008 Satellites,1,3/8/2023 8:52,1.07,1.06,99.06542056,5.51,3.43,0.41,321,3.88,63.34,7.32,7.05,36.5,0,0,0.000509165,7.313,0,0,0.1,196.4
AR23-014-001,pH: 7.15,2,3/9/2023 9:32,3.1,3.06,98.70967742,4.42,3.64,1.05,326,5.71,,7.13,7.15,36.5,0,0,0,7.154,0,0,0.1,193.1
AR23-014-002,pH: 7.05,2,3/9/2023 6:05,1.96,1.95,99.48979592,5.14,3.56,0.83,319,5.1,,7.25,7.05,36.5,0,0,0,7.302,0,0,0.2,193.1
AR23-014-003,pH: 6.95,2,3/9/2023 6:15,2.68,2.66,99.25373134,4.85,3.41,0.89,322,5.27,,7.17,6.95,36.5,0,0,0.000517866,7.215,0,0,0.2,193.1
AR23-014-004,pH: 6.95,2,3/9/2023 6:25,2.08,2.07,99.51923077,5.06,3.46,0.79,325,5.05,,7.17,6.95,36.5,0,0,0,7.21,0,0,0.3,192.9
AR23-014-005,pH: 6.95,2,3/9/2023 6:34,2.43,2.39,98.35390947,4.84,3.37,0.86,325,5.32,,7.17,6.95,36.5,0,0,0,7.211,0,0,0.3,193.1
AR23-014-006,pH: 7.01,2,3/9/2023 6:44,2.37,2.34,98.73417722,4.73,3.41,0.96,321,5.29,,7.19,7.01,36.5,0,0,0,7.247,0,0,0.2,193.1
AR23-014-007,pH: 6.95,2,3/9/2023 6:54,0.9,0.89,98.88888889,5.58,3.34,0.46,326,4.26,,7.16,6.95,36.5,0,0,0.000517866,7.218,0,0,0.4,193.1
AR23-014-008,pH: 7.008,2,3/9/2023 7:04,2.81,2.76,98.22064057,4.69,3.48,1.05,319,5.48,,7.21,7.008,36.5,0,0,0,7.237,0,0,0.2,193.1
AR23-014-009,pH: 7.05,2,3/9/2023 7:14,2.05,2.02,98.53658537,5.04,3.35,0.87,327,5.07,,7.25,7.05,36.5,0,0,0,7.272,0,0,0.2,193.1
AR23-014-010,pH: 7.15,2,3/9/2023 7:24,1,0.99,99,5.41,3.42,0.67,322,4.48,,7.37,7.15,36.5,0,0,0,7.409,0,0,0.2,193.1
AR23-014-011,pH: 7.15,2,3/9/2023 7:33,2.64,2.61,98.86363636,4.53,3.49,1.09,323,5.69,,7.17,7.15,36.5,0,0,0,7.176,0,0,0.1,193.1
AR23-014-012,pH: 7.074747498,2,3/9/2023 7:43,1.84,1.82,98.91304348,5.04,3.42,0.79,324,5.05,,7.29,7.074747498,36.5,0,0,0,7.341,0,0,0.2,193.1
AR23-014-013,pH: 7.05,2,3/9/2023 7:53,1.87,1.84,98.39572193,5.04,3.3,0.82,324,4.94,,7.27,7.05,36.5,0,0,0,7.312,0,0,0.2,193.1
AR23-014-014,pH: 6.95,2,3/9/2023 8:03,2.21,2.19,99.09502262,5.07,3.53,0.81,327,5.15,,7.18,6.95,36.5,0,0,0,7.215,0,0,0.3,193.1
AR23-014-015,pH: 7.15,2,3/9/2023 8:14,0.92,0.91,98.91304348,5.52,3.46,0.6,328,4.4,,7.37,7.15,36.5,0,0,0,7.408,0,0,0.2,193.1
AR23-014-016,pH: 6.95,2,3/9/2023 8:23,1.06,1.04,98.11320755,5.61,3.54,0.48,328,4.28,,7.19,6.95,36.5,0,0,0,7.219,0,0,0.4,193.1
AR23-014-017,pH: 7.15,2,3/9/2023 8:33,2.65,2.62,98.86792453,4.47,3.6,1.11,319,5.58,,7.15,7.15,36.5,0,0,0,7.164,0,0,0.1,193.1
AR23-014-018,pH: 6.95,2,3/9/2023 8:43,1.14,1.12,98.24561404,5.56,3.42,0.5,332,4.35,,7.19,6.95,36.5,0,0,0,7.217,0,0,0.4,193.1
AR23-014-020,pH: 7.15,2,3/9/2023 8:53,1.11,1.1,99.0990991,5.41,3.49,0.62,326,4.48,,7.38,7.15,36.5,0,0,0,7.413,0,0,0.2,196.4
AR23-014-021,pH: 6.95,2,3/9/2023 9:03,2.14,2.11,98.59813084,5.06,3.52,0.8,325,5.17,,7.19,6.95,36.5,0,0,0,7.216,0,0,0.3,196.4
AR23-014-023,DR23-008 Satellites,2,3/9/2023 9:12,2.56,2.52,98.4375,4.6,3.52,1.03,322,5.42,,7.16,7.05,36.5,0,0,0,7.212,0,0,0.3,194.7
AR23-014-024,DR23-008 Satellites,2,3/9/2023 9:22,2.68,2.66,99.25373134,4.66,3.6,1.04,319,5.4,,7.17,7.05,36.5,0,0,0,7.223,0,0,0.2,193.1
AR23-014-001,pH: 7.15,3,3/10/2023 9:44,7.17,7.11,99.16317992,3.07,3.64,1.43,317,7.27,170.53,7.01,7.15,36.5,0.023684211,0.006315789,0,6.999,0,0,0.1,190
AR23-014-002,pH: 7.05,3,3/10/2023 6:08,4.75,4.7,98.94736842,3.92,3.71,1.31,315,6.51,114.57,7.03,7.05,36.5,0.029473684,0.004736842,0,7.032,0,0,0.2,190
AR23-014-003,pH: 6.95,3,3/10/2023 6:18,6.88,6.81,98.98255814,3.55,3.52,1.32,312,6.96,157.65,6.99,6.95,36.5,0.023684211,0.005263158,0,7.048,0,0,0.3,190
AR23-014-004,pH: 6.95,3,3/10/2023 6:28,5.39,5.35,99.25788497,3.83,3.64,1.3,318,6.5,124.18,6.99,6.95,36.5,0.035281727,0.004739336,0,7.052,0,0,0.3,189.9
AR23-014-005,pH: 6.95,3,3/10/2023 6:37,6.48,6.44,99.38271605,3.55,3.53,1.34,321,7.04,149.96,7.01,6.95,36.5,0.035263158,0.005263158,0,7.059,0,0,0.3,190
AR23-014-006,pH: 7.01,3,3/10/2023 6:47,6.15,6.12,99.51219512,3.45,3.47,1.41,316,7.09,156.12,7.01,7.01,36.5,0.032105263,0.005789474,0,7.008,0,0,0.2,190
AR23-014-007,pH: 6.95,3,3/10/2023 6:58,2.89,2.86,98.96193772,4.82,3.56,0.97,326,5.46,72.6,7.16,6.95,36.5,0.023684211,0,0,7.214,0,0,0.5,190
AR23-014-008,pH: 7.008,3,3/10/2023 7:07,6.87,6.81,99.12663755,3.28,3.43,1.39,314,7.04,153.05,7.01,7.008,36.5,0.023684211,0.005789474,0,7.035,0,0,0.2,190
AR23-014-009,pH: 7.05,3,3/10/2023 7:17,5.05,5.02,99.40594059,3.79,3.5,1.35,321,6.45,121.73,6.98,7.05,36.5,0.029473684,0.004736842,0,6.991,0,0,0.2,190
AR23-014-010,pH: 7.15,3,3/10/2023 7:27,2.85,2.82,98.94736842,4.41,3.53,1.16,320,5.65,74.79,7.1,7.15,36.5,0.023684211,0.003684211,0,7.118,0,0,0.2,190
AR23-014-011,pH: 7.15,3,3/10/2023 7:37,6.59,6.55,99.39301973,3.32,3.46,1.4,316,7.11,161.96,6.97,7.15,36.5,0.035263158,0.005789474,0,7.014,0,0,0.1,190
AR23-014-012,pH: 7.074747498,3,3/10/2023 7:47,4.75,4.73,99.57894737,3.91,3.56,1.19,327,6.8,133.15,7.06,7.074747498,36.5,0.035263158,0.004736842,0,7.097,0,0,0.2,190
AR23-014-013,pH: 7.05,3,3/10/2023 8:04,5.17,5.12,99.03288201,3.89,3.75,1.27,320,6.66,118.33,7.04,7.05,36.5,0.029473684,0.004736842,0,7.06,0,0,0.2,190
AR23-014-014,pH: 6.95,3,3/10/2023 8:15,5.69,5.65,99.2970123,3.71,3.54,1.26,319,6.71,132.34,7.02,6.95,36.5,0.028421053,0.005263158,0,7.068,0,0,0.3,190
AR23-014-015,pH: 7.15,3,3/10/2023 8:25,2.65,2.62,98.86792453,4.53,3.69,1.04,328,5.69,79.21,7.14,7.15,36.5,0.035263158,0,0,7.188,0,0,0.2,190
AR23-014-016,pH: 6.95,3,3/10/2023 8:35,2.66,2.64,99.2481203,4.77,3.53,0.94,323,5.49,83.04,7.17,6.95,36.5,0.035263158,0,0.000526316,7.215,0,0,0.4,190
AR23-014-017,pH: 7.15,3,3/10/2023 8:45,6.96,6.9,99.13793103,3.13,3.7,1.42,312,7.21,157.56,6.98,7.15,36.5,0.032105263,0.006315789,0,7.001,0,0,0.1,190
AR23-014-018,pH: 6.95,3,3/10/2023 8:54,2.91,2.89,99.31271478,4.73,3.61,1.02,326,5.5,80.88,7.15,6.95,36.5,0.023684211,0,0,7.215,0,0,0.4,190
AR23-014-020,pH: 7.15,3,3/10/2023 9:04,3.05,3.03,99.3442623,4.46,3.64,1.12,324,5.85,76.11,7.17,7.15,36.5,0.034697048,0.003625065,0,7.145,0,0,0.2,193.1
AR23-014-021,pH: 6.95,3,3/10/2023 9:14,5.12,5.07,99.0234375,3.73,3.5,1.29,317,6.73,133.2,7.02,6.95,36.5,0.027964785,0.005178664,0,7.09,0,0,0.3,193.1
AR23-014-023,DR23-008 Satellites,3,3/10/2023 9:24,6.76,6.72,99.40828402,3.33,3.49,1.33,311,6.82,147.43,7,7.05,36.5,0.029212311,0.005738132,0,6.991,0,0,0.3,191.7
AR23-014-024,DR23-008 Satellites,3,3/10/2023 9:34,7.09,7.04,99.29478138,3.25,3.54,1.36,312,6.88,155.21,6.99,7.05,36.5,0.029473684,0.006315789,0,7.016,0,0,0.2,190
AR23-014-001,pH: 7.15,4,3/11/2023 9:42,10.97,10.86,98.99726527,5.78,4.34,1.83,340,7.84,,6.94,7.15,36.5,0,0,0,6.985,4.5,1.2,0.1,194.4
AR23-014-002,pH: 7.05,4,3/11/2023 6:08,9.77,9.63,98.56704197,6.49,5.33,1.87,350,8.71,,6.87,7.05,36.5,0,0,0,6.958,5.6,0.9,0.2,195.3
AR23-014-003,pH: 6.95,4,3/11/2023 6:20,12.04,11.94,99.16943522,5.81,4.55,1.8,344,8.35,,6.92,6.95,36.5,0,0,0,6.938,4.5,1,0.3,194.2
AR23-014-004,pH: 6.95,4,3/11/2023 6:30,9.55,9.46,99.05759162,6.61,5.31,1.89,362,8.69,,6.92,6.95,36.5,0,0,0,6.91,6.7,0.9,0.3,196.4
AR23-014-005,pH: 6.95,4,3/11/2023 6:40,11.14,11.07,99.37163375,6.6,5.12,1.9,358,8.87,,6.92,6.95,36.5,0,0,0,6.965,6.7,1,0.3,196.7
AR23-014-006,pH: 7.01,4,3/11/2023 6:50,11.44,11.35,99.21328671,6.29,4.82,1.89,347,8.49,,6.93,7.01,36.5,0,0,0,6.968,6.1,1.1,0.2,196
AR23-014-007,pH: 6.95,4,3/11/2023 6:59,5.66,5.59,98.76325088,4.95,4.5,1.62,346,7.34,,6.96,6.95,36.5,0,0,0,6.999,4.5,0,0.5,193.2
AR23-014-008,pH: 7.008,4,3/11/2023 7:09,10.48,10.44,99.61832061,5.82,4.19,1.83,338,8.25,,6.93,7.008,36.5,0,0,0,6.969,4.5,1.1,0.2,194.3
AR23-014-009,pH: 7.05,4,3/11/2023 7:19,9.23,9.17,99.34994583,6.4,4.63,1.83,355,8.63,,6.89,7.05,36.5,0,0,0,6.922,5.6,0.9,0.2,195.3
AR23-014-010,pH: 7.15,4,3/11/2023 7:29,6.07,6.02,99.17627677,6.35,4.44,1.78,353,7.88,,6.88,7.15,36.5,0,0,0,6.931,4.5,0.7,0.2,193.8
AR23-014-011,pH: 7.15,4,3/11/2023 7:39,11.08,11.02,99.45848375,6.6,4.81,1.82,361,8.68,,6.92,7.15,36.5,0,0,0,6.951,6.7,1.1,0.1,196.8
AR23-014-012,pH: 7.074747498,4,3/11/2023 7:49,8.8,8.74,99.31818182,6.69,4.85,1.77,357,8.83,,6.98,7.074747498,36.5,0,0,0,6.965,6.7,0.9,0.2,196.5
AR23-014-013,pH: 7.05,4,3/11/2023 8:02,8.31,8.22,98.91696751,6.42,5.02,1.86,357,8.76,,6.95,7.05,36.5,0,0,0,6.974,5.6,0.9,0.2,195.3
AR23-014-014,pH: 6.95,4,3/11/2023 8:14,9.79,9.72,99.28498468,6.22,4.79,1.85,353,8.58,,6.91,6.95,36.5,0,0,0,6.953,5.4,1,0.3,195.1
AR23-014-015,pH: 7.15,4,3/11/2023 8:23,5.53,5.51,99.63833635,5.55,5.51,1.81,357,7.73,,6.9,7.15,36.5,0,0,0,6.943,6.7,0,0.2,195.6
AR23-014-016,pH: 6.95,4,3/11/2023 8:33,5.6,5.55,99.10714286,5.76,5.37,1.62,360,7.41,,6.98,6.95,36.5,0,0,0,7.031,6.7,0,0.5,195.6
AR23-014-017,pH: 7.15,4,3/11/2023 8:43,10.27,10.16,98.92891918,6.36,4.85,1.88,356,8.46,,6.93,7.15,36.5,0,0,0,6.951,6.1,1.2,0.1,196.1
AR23-014-018,pH: 6.95,4,3/11/2023 8:53,6.13,6.08,99.18433931,4.91,4.71,1.73,346,7.49,,6.97,6.95,36.5,0,0,0,6.99,4.5,0,0.4,193.2
AR23-014-020,pH: 7.15,4,3/11/2023 9:03,5.95,5.92,99.49579832,7.03,5.32,1.85,366,7.76,,6.9,7.15,36.5,0,0,0,6.984,6.7,0.7,0.2,190
AR23-014-021,pH: 6.95,4,3/11/2023 9:13,10.64,10.56,99.2481203,6.14,4.71,1.87,354,8.61,,6.92,6.95,36.5,0,0,0,6.943,5.4,1,0.3,190
AR23-014-023,DR23-008 Satellites,4,3/11/2023 9:22,12.55,12.44,99.12350598,6.09,4.63,1.77,345,8.17,,6.95,7.05,36.5,0,0,0,6.996,5.6,1.1,0.3,197.2
AR23-014-024,DR23-008 Satellites,4,3/11/2023 9:32,12.07,12.02,99.58574979,6.09,4.57,1.8,343,8.09,,6.95,7.05,36.5,0,0,0,6.956,5.6,1.2,0.2,195.6
AR23-014-001,pH: 7.15,5,3/12/2023 10:32,17.55,17.42,99.25925926,4.81,4.25,1.18,324,5.75,512.93,7.19,7.15,31,0.023510972,0,0,7.11,4.5,1.2,0.1,191.4
AR23-014-002,pH: 7.05,5,3/12/2023 6:25,18.3,18.22,99.56284153,4.31,4.67,1.79,329,7.45,475.03,7,7.05,36.5,0.029121165,0,0,6.933,5.6,0.9,0.2,192.3
AR23-014-003,pH: 6.95,5,3/12/2023 6:34,19.89,19.7,99.0447461,3.39,3.57,1.4,306,5.2,588.5,7.11,6.95,36.5,0.023547881,0,0,7.062,4.5,1,0.3,191.1
AR23-014-004,pH: 6.95,5,3/12/2023 6:44,16.33,16.19,99.14268218,4.27,4.61,1.85,326,6.89,510.37,7.01,6.95,36.5,0.035178479,0,0,6.989,6.7,0.9,0.3,193.3
AR23-014-005,pH: 6.95,5,3/12/2023 6:55,14.57,14.46,99.24502402,5.52,4.73,1.46,342,7.64,475.39,7.16,6.95,31,0.035123967,0,0.000516529,7.08,6.7,1,0.3,193.6
AR23-014-006,pH: 7.01,5,3/12/2023 7:04,22.19,22.01,99.18882379,3.76,4.14,1.67,325,5.64,596.53,7.04,7.01,36.5,0.031104199,0,0,7.053,6.1,1.1,0.2,192.9
AR23-014-007,pH: 6.95,5,3/12/2023 7:15,9.48,9.42,99.36708861,4.2,4.41,1.56,336,8.43,236.78,7.17,6.95,31,0.023671752,0,0,7.102,4.5,0,0.5,190.1
AR23-014-008,pH: 7.008,5,3/12/2023 7:24,17.59,17.47,99.3177942,3.71,3.49,1.36,314,5.17,563.51,7.18,7.008,31,0.023523262,0,0,7.116,4.5,1.1,0.2,191.3
AR23-014-009,pH: 7.05,5,3/12/2023 7:34,17.75,17.64,99.38028169,4.31,4.15,1.83,325,7.02,486.33,7.02,7.05,36.5,0.029121165,0,0,6.964,5.6,0.9,0.2,192.3
AR23-014-010,pH: 7.15,5,3/12/2023 7:44,11.77,11.7,99.40526763,4.7,4.26,2.01,342,8.51,308.69,6.99,7.15,36.5,0.023560209,0,0,6.938,4.5,0.7,0.2,191
AR23-014-011,pH: 7.15,5,3/12/2023 8:03,19.77,19.59,99.08952959,4.06,4.58,1.59,320,5.58,583.52,7.05,7.15,36.5,0.035105834,0,0,7.042,6.7,1.1,0.1,193.7
AR23-014-012,pH: 7.074747498,5,3/12/2023 8:14,12.03,11.96,99.41812136,5.87,5.31,1.47,347,8.82,404.79,7.17,7.074747498,31,0.035142119,0,0,7.136,6.7,0.9,0.2,193.5
AR23-014-013,pH: 7.05,5,3/12/2023 8:24,16.65,16.51,99.15915916,4.28,4.59,1.92,325,7.3,480.65,7.02,7.05,36.5,0.029121165,0,0,7.006,5.6,0.9,0.2,192.3
AR23-014-014,pH: 6.95,5,3/12/2023 8:33,13.12,12.97,98.85670732,5.24,4.63,1.48,338,7.84,420.88,7.16,6.95,31,0.027589797,0,0,7.076,5.4,1,0.3,192.1
AR23-014-015,pH: 7.15,5,3/12/2023 8:43,11.04,10.93,99.00362319,3.9,5.22,2.05,352,8.91,294.15,6.99,7.15,36.5,0.03526971,0,0,6.936,6.7,0,0.2,192.8
AR23-014-016,pH: 6.95,5,3/12/2023 8:53,9.56,9.48,99.16317992,4.14,5.23,1.89,342,8.86,297.51,6.95,6.95,36.5,0.035306334,0,0,6.933,6.7,0,0.5,192.6
AR23-014-017,pH: 7.15,5,3/12/2023 9:03,19.6,19.5,99.48979592,4.33,4.14,1.4,323,5.61,580.35,7.15,7.15,31,0.031071983,0,0,7.107,6.1,1.2,0.1,193.1
AR23-014-018,pH: 6.95,5,3/12/2023 9:13,13.26,13.11,98.86877828,3.21,4.47,1.89,329,8.42,333.17,6.92,6.95,36.5,0.023671752,0,0,6.951,4.5,0,0.4,190.1
AR23-014-020,pH: 7.15,5,3/12/2023 9:23,8.31,8.18,98.43561974,6.43,5.25,1.68,359,8.99,234.37,7.12,7.15,31,0.034640856,0,0,7.063,6.7,0.7,0.2,196.3
AR23-014-021,pH: 6.95,5,3/12/2023 9:33,15.02,14.89,99.13448735,5.17,4.5,1.49,333,7.74,420.23,7.16,6.95,31,0.027165556,0,0,7.097,5.4,1,0.3,195.1
AR23-014-023,DR23-008 Satellites,5,3/12/2023 9:43,19.71,19.64,99.64485033,3.57,3.67,1.41,316,4.9,616.82,7.1,7.05,36.5,0.028851108,0,0,7.131,5.6,1.1,0.3,194.1
AR23-014-024,DR23-008 Satellites,5,3/12/2023 9:53,17.98,17.86,99.33259177,3.52,3.75,1.44,313,4.73,600.9,7.09,7.05,36.5,0.029090909,0,0,7.12,5.6,1.2,0.2,192.5
AR23-014-001,pH: 7.15,6,3/13/2023 9:53,18.36,18.22,99.23747277,4.58,4.69,0.91,330,4.92,,7.21,7.15,31,0,0,0,7.23,9,1.2,0.1,194.5
AR23-014-002,pH: 7.05,6,3/13/2023 6:09,20.35,20.16,99.06633907,4.38,5.82,1.25,334,5.66,,7.18,7.05,31,0,0.003560529,0,7.146,11.2,0.9,0.2,196.6
AR23-014-003,pH: 6.95,6,3/13/2023 6:18,21.78,21.58,99.08172635,1.16,3.6,1.1,295,2.65,,7.18,6.95,36.5,0,0.010819165,0.002060793,7.212,9,1,0.3,194.1
AR23-014-004,pH: 6.95,6,3/13/2023 6:28,19.79,19.69,99.49469429,3.93,5.77,1.39,336,5.11,,7.15,6.95,31,0,0.00454316,0.000504796,7.132,13.5,0.9,0.3,198.1
AR23-014-005,pH: 6.95,6,3/13/2023 6:38,13.81,13.72,99.34829833,6.22,6.22,1.21,366,7.2,,7.17,6.95,31,0,0,0,7.184,13.5,1,0.4,199.2
AR23-014-006,pH: 7.01,6,3/13/2023 6:48,25.03,24.89,99.44067119,1.76,4.52,1.52,310,3.05,,7.17,7.01,36.5,0,0.009113924,0,7.191,12.1,1.1,0.2,197.5
AR23-014-007,pH: 6.95,6,3/13/2023 6:57,9.53,9.43,98.95068206,4.79,5.63,1.49,354,9.25,,7.17,6.95,31,0,0,0,7.174,9,0,0.5,193.3
AR23-014-008,pH: 7.008,6,3/13/2023 7:07,18.16,17.99,99.06387665,3.68,4.25,0.82,331,4.19,,7.27,7.008,31,0,0.005144033,0.000514403,7.252,9,1.1,0.2,194.4
AR23-014-009,pH: 7.05,6,3/13/2023 7:18,21.26,21.08,99.1533396,4.26,5.11,1.18,339,5.41,,7.17,7.05,31,0,0.004069176,0,7.157,11.2,0.9,0.2,196.6
AR23-014-010,pH: 7.15,6,3/13/2023 7:27,16.43,16.18,98.47839318,3.3,4.86,2.12,335,6.58,,7,7.15,36.5,0,0.005667182,0,7.041,9,0.7,0.2,194.1
AR23-014-011,pH: 7.15,6,3/13/2023 7:37,24.7,24.58,99.51417004,2.16,4.8,1.47,314,3.32,,7.15,7.15,36.5,0,0.008547009,0,7.184,13.5,1.1,0.1,198.9
AR23-014-012,pH: 7.074747498,6,3/13/2023 7:47,11.9,11.8,99.15966387,6.57,6.09,1.3,374,8.75,,7.15,7.074747498,31,0,0,0,7.167,13.5,0.9,0.2,199.1
AR23-014-013,pH: 7.05,6,3/13/2023 8:04,21.52,21.34,99.16356877,4.44,5.57,1.32,343,5.73,,7.16,7.05,31,0,0.003560529,0,7.129,11.2,0.9,0.2,196.6
AR23-014-014,pH: 6.95,6,3/13/2023 8:15,15.14,14.96,98.81109643,5.55,5.74,1.21,344,6.93,,7.15,6.95,31,0,0,0,7.169,10.7,1,0.3,196.2
AR23-014-015,pH: 7.15,6,3/13/2023 8:25,15.71,15.58,99.17250159,3.45,6.62,2.29,356,8.34,,6.99,7.15,36.5,0,0.005544355,0,7.015,13.5,0,0.2,198.4
AR23-014-016,pH: 6.95,6,3/13/2023 8:35,16.56,16.38,98.91304348,3.74,6.49,2.16,352,8.63,,6.97,6.95,36.5,0,0.005045409,0,6.997,13.5,0,0.5,198.2
AR23-014-017,pH: 7.15,6,3/13/2023 8:44,,,,4.64,5.38,0.98,338,4.92,,7.25,7.15,31,0,0,0,7.219,12.1,1.2,0.1,197.9
AR23-014-018,pH: 6.95,6,3/13/2023 8:54,17.94,17.75,98.94091416,1.76,5.11,1.93,323,6.13,,7.05,6.95,36.5,0,0.00931677,0,7.012,9,0,0.4,193.2
AR23-014-020,pH: 7.15,6,3/13/2023 9:05,8.36,8.17,97.72727273,7.62,6.92,1.66,390,10.12,,7.13,7.15,31,0,0,0,7.119,13.5,0.7,0.2,193.3
AR23-014-021,pH: 6.95,6,3/13/2023 9:23,16.61,16.53,99.51836243,5.49,5.5,1.24,347,6.83,,7.18,6.95,31,0,0,0,7.169,10.7,1,0.3,192.1
AR23-014-023,DR23-008 Satellites,6,3/13/2023 9:33,21.78,21.66,99.44903581,3.69,4.65,0.75,322,4,,7.28,7.05,31,0,0.005040323,0.000504032,7.223,11.2,1.1,0.3,198.4
AR23-014-024,DR23-008 Satellites,6,3/13/2023 9:43,23.56,23.38,99.23599321,3.71,4.69,0.73,322,3.94,,7.3,7.05,31,0,0.004573171,0.00050813,7.22,11.2,1.2,0.2,196.8
AR23-014-001,pH: 7.15,7,3/14/2023 10:12,15.32,15.14,98.82506527,2.74,3.5,0.46,308,3.71,1275.385,7.35,7.15,31,0.023364486,0,0,7.331,9,1.2,0.1,192.6
AR23-014-002,pH: 7.05,7,3/14/2023 6:08,22.38,22.2,99.19571046,4.14,4.69,0.68,322,4.26,1189.844,7.31,7.05,31,0.028659161,0,0.000511771,7.31,11.2,1.6,0.2,195.4
AR23-014-003,pH: 6.95,7,3/14/2023 6:18,25.46,25.15,98.78240377,4.82,1.13,0.14,310,3.75,1404.35,7.33,6.95,31,0.023171988,0,0.003604531,7.212,9,3.1,0.7,194.2
AR23-014-004,pH: 6.95,7,3/14/2023 6:27,25.44,25.2,99.05660377,4.36,4.6,0.5,327,4.23,1245.508,7.27,6.95,31,0.033992897,0,0.005073567,7.21,13.5,1.8,0.4,197.1
AR23-014-005,pH: 6.95,7,3/14/2023 6:37,16.19,16.08,99.32056825,4.14,5.24,1.01,340,5.78,1117.648,7.22,6.95,31,0.033941236,0,0.000506586,7.209,13.5,1,0.4,197.4
AR23-014-006,pH: 7.01,7,3/14/2023 6:47,29.23,28.89,98.8368115,4.45,2.85,0.39,315,2.92,1373.512,7.38,7.01,31,0.030917385,0,0.005068424,7.27,12.1,2.9,0.2,197.3
AR23-014-007,pH: 6.95,7,3/14/2023 6:57,11.81,11.65,98.64521592,3.39,5.22,1.43,338,8.5,619.0543,7.15,6.95,31,0.023498695,0,0,7.149,9,0,0.5,191.5
AR23-014-008,pH: 7.008,7,3/14/2023 7:06,19.96,19.79,99.14829659,4.35,2.73,0.29,316,3.79,1334.724,7.3,7.008,31,0.023255814,0,0.003100775,7.273,9,2.1,0.3,193.5
AR23-014-009,pH: 7.05,7,3/14/2023 7:16,23.09,22.88,99.09051537,4.26,4.15,0.63,325,4.04,1064.002,7.31,7.05,31,0.028644501,0,0.000511509,7.312,11.2,1.7,0.2,195.5
AR23-014-010,pH: 7.15,7,3/14/2023 7:27,22.86,22.55,98.64391951,4.58,4.04,1.1,326,4.1,859.6818,7.3,7.15,31,0.023267839,0,0,7.192,9,1.8,0.2,193.4
AR23-014-011,pH: 7.15,7,3/14/2023 7:37,28.24,27.91,98.83144476,4.42,3.29,0.42,319,3.05,1409.121,7.42,7.15,31,0.033736153,0,0.001007049,7.337,13.5,2.8,0.1,198.6
AR23-014-012,pH: 7.074747498,7,3/14/2023 7:47,12.83,12.64,98.51909587,4.97,5.46,1.19,353,7.57,953.4584,7.21,7.074747498,31,0.033958439,0,0,7.174,13.5,0.9,0.2,197.3
AR23-014-013,pH: 7.05,7,3/14/2023 8:03,24.25,24.1,99.3814433,4.19,4.48,0.69,328,4.35,1075.093,7.32,7.05,31,0.028659161,0,0.000511771,7.299,11.2,1.6,0.2,195.4
AR23-014-014,pH: 6.95,7,3/14/2023 8:29,15.7,15.58,99.23566879,3.64,4.64,0.92,323,5.21,1050.873,7.23,6.95,31,0.027792074,0,0.001029336,7.203,10.7,1,0.3,194.3
AR23-014-015,pH: 7.15,7,3/14/2023 8:39,22.24,22.04,99.10071942,4.41,5.79,1.5,352,6.07,816.8136,7.23,7.15,31,0.033906883,0,0,7.143,13.5,1.1,0.2,197.6
AR23-014-016,pH: 6.95,7,3/14/2023 10:22,21.88,21.73,99.31444241,4.2,5.75,1.21,338,6.1,824.7796,7.23,6.95,31,0.034096692,0,0.000508906,7.159,13.5,1,0.5,196.5
AR23-014-017,pH: 7.15,7,3/14/2023 10:34,24.23,24.08,99.38093273,2.47,4.23,0.38,312,3.65,1352.047,7.4,7.15,31,0.03125,0,0.000512295,7.406,12.1,1.2,0.1,195.2
AR23-014-018,pH: 6.95,7,3/14/2023 9:14,24.6,24.51,99.63414634,4.79,4.33,0.87,322,4.13,874.7127,7.27,6.95,31,0.023303988,0,0.001553599,7.212,9,1.8,0.4,193.1
AR23-014-020,pH: 7.15,7,3/14/2023 9:24,,,,6.52,6.63,1.63,379,10.6,545.6961,7.11,7.15,31,0.033685269,0,0,7.114,13.5,0.7,0.2,198.9
AR23-014-021,pH: 6.95,7,3/14/2023 9:34,15.74,15.59,99.04701398,3.67,4.65,0.94,326,5.35,1030.189,7.21,6.95,31,0.027536971,0,0.001019888,7.214,10.7,1,0.3,196.1
AR23-014-023,DR23-008 Satellites,7,3/14/2023 9:44,23.59,23.42,99.27935566,4.21,3.29,0.22,313,3.84,1302.63,7.33,7.05,31,0.028340081,0,0.002530364,7.31,11.2,2.1,0.4,197.6
AR23-014-024,DR23-008 Satellites,7,3/14/2023 10:03,24.37,24.13,99.0151826,4.25,3.25,0.18,309,3.89,1302.882,7.32,7.05,31,0.028586013,0,0.003573252,7.309,11.2,2.1,0.3,195.9
AR23-014-001,pH: 7.15,8,3/15/2023 11:32,19.65,19.47,99.08396947,1.99,3.47,0.28,313,4.24,,7.395,7.15,31,0,0.008753862,0,7.408,13.5,1.2,0.1,194.2
AR23-014-002,pH: 7.05,8,3/15/2023 6:14,21.38,21.2,99.15809167,3.77,5.04,0.52,336,4.71,,7.328,7.05,31,0,0.004538578,0.003025719,7.307,16.8,1.6,0.3,198.3
AR23-014-003,pH: 6.95,8,3/15/2023 6:23,26.39,25.82,97.84009094,4.41,1.67,0.15,325,7.87,,7.225,6.95,31,0,0.003065917,0.003576903,7.213,13.5,3.1,1.4,195.7
AR23-014-004,pH: 6.95,8,3/15/2023 6:33,27.24,27.08,99.41262849,4.51,4.89,0.31,349,6.7,,7.241,6.95,31,0,0,0.014420686,7.211,20.2,1.8,1.4,201.1
AR23-014-005,pH: 6.95,8,3/15/2023 6:44,16.98,16.91,99.58775029,4.6,6.09,0.75,360,6.59,,7.216,6.95,31,0,0,0.00248139,7.209,20.2,1,0.5,201.5
AR23-014-006,pH: 7.01,8,3/15/2023 6:54,25.96,25.45,98.03543914,4.04,3.04,0.29,329,5.59,,7.281,7.01,31,0,0.003990025,0.00798005,7.269,18.2,2.9,1.2,200.5
AR23-014-007,pH: 6.95,8,3/15/2023 7:03,13.63,13.48,98.89948643,3.53,6.03,1.21,351,8.01,,7.199,6.95,31,0,0.005178664,0,7.186,13.5,0,0.5,193.1
AR23-014-008,pH: 7.008,8,3/15/2023 7:13,22.91,22.72,99.17066783,3.8,2.24,0.19,322,5.67,,7.28,7.008,31,0,0.005125577,0.006150692,7.273,13.5,2.1,0.9,195.1
AR23-014-009,pH: 7.05,8,3/15/2023 8:22,26.43,26.19,99.09194098,3.76,4.84,0.5,333,4.53,,7.306,7.05,31,0,0.005094244,0.00356597,7.296,16.8,1.7,0.3,196.3
AR23-014-010,pH: 7.15,8,3/15/2023 11:41,,,,3.37,4.51,0.74,325,3.36,,7.329,7.15,31,0,0.005664264,0,7.361,13.5,1.8,0.2,194.2
AR23-014-011,pH: 7.15,8,3/15/2023 11:51,32.94,32.35,98.2088646,3.2,4.03,0.42,328,3.86,,7.385,7.15,31,0,0.00594943,0.000495786,7.404,20.2,2.8,0.3,201.7
AR23-014-012,pH: 7.074747498,8,3/15/2023 12:10,15.79,15.64,99.05003167,5,6.87,1.02,364,7.62,,7.243,7.074747498,31,0,0,0,7.277,20.2,0.9,0.2,200.5
AR23-014-013,pH: 7.05,8,3/15/2023 9:00,24.63,24.45,99.26918392,3.75,4.91,0.53,334,4.84,,7.304,7.05,31,0,0.004540868,0.002522704,7.307,16.8,1.6,0.3,198.2
AR23-014-014,pH: 6.95,8,3/15/2023 9:10,16.94,16.77,98.99645809,3.76,5.04,0.53,341,6.08,,7.23,6.95,31,0,0.004570848,0.00253936,7.214,16.1,1,0.5,196.9
AR23-014-015,pH: 7.15,8,3/15/2023 12:20,23.02,22.81,99.08774978,3.88,6.91,1.26,356,5.25,,7.268,7.15,31,0,0.004479841,0,7.298,20.2,1.1,0.2,200.9
AR23-014-016,pH: 6.95,8,3/15/2023 10:22,,,,4.2,6.9,0.97,356,6.09,,7.222,6.95,31,0,0.003990025,0.002493766,7.21,20.2,1,0.6,200.5
AR23-014-017,pH: 7.15,8,3/15/2023 10:32,23.87,23.68,99.20402178,1.93,5.11,0.4,322,4.11,,7.393,7.15,31,0,0.00906801,0.000503778,7.408,18.2,1.2,0.2,198.5
AR23-014-018,pH: 6.95,8,3/15/2023 10:42,23.95,23.72,99.03966597,4,4.43,0.49,329,4.45,,7.234,6.95,31,0,0.004125838,0.004125838,7.212,13.5,1.8,0.7,193.9
AR23-014-020,pH: 7.15,8,3/15/2023 10:52,8.21,8.09,98.53836784,7.11,7.99,1.67,401,11.3,,7.119,7.15,31,0,0,0,7.122,20.2,0.7,0.2,201.1
AR23-014-021,pH: 6.95,8,3/15/2023 11:02,17.04,16.87,99.00234742,3.62,5.23,0.57,339,6.04,,7.229,6.95,31,0,0.00507872,0.002031488,7.213,16.1,1,0.5,196.9
AR23-014-023,DR23-008 Satellites,8,3/15/2023 11:12,26.58,26.31,98.98419865,3.34,3.27,0.24,319,5.38,,7.314,7.05,31,0,0.005991013,0.004992511,7.311,16.8,2.1,0.9,200.3
AR23-014-024,DR23-008 Satellites,8,3/15/2023 11:21,28.17,27.78,98.61554846,3.47,3.11,0.19,319,5.61,,7.317,7.05,31,0,0.005535984,0.007549069,7.31,16.8,2.1,1,198.7
AR23-014-001,pH: 7.15,9,3/16/2023 12:49,20.89,20.64,98.80325515,3.54,1.41,0.09,315,4.11,2297.52,7.426,7.15,31,0.023340249,0.005186722,0.000518672,7.401,13.5,2.9,0.1,192.8
AR23-014-002,pH: 7.05,9,3/16/2023 9:04,23.51,23.16,98.5112718,3.21,2.15,0.09,314,4.84,2255.415,7.339,7.05,31,0.028556859,0.006119327,0.006119327,7.308,16.8,2.5,0.9,196.1
AR23-014-003,pH: 6.95,9,3/16/2023 9:14,28.72,27.45,95.57799443,3.72,0.23,0.24,316,8.57,2004.285,7.217,6.95,31,0.023279876,0.005173306,0.002069322,7.217,13.5,3.7,2.1,193.3
AR23-014-004,pH: 6.95,9,3/16/2023 9:24,,,,1.57,1.44,0.08,325,8.51,2438.835,7.209,6.95,31,0.033855483,0.009600808,0.01061142,7.208,20.2,1.8,4.3,197.9
AR23-014-005,pH: 6.95,9,3/16/2023 9:34,19.36,19.14,98.86363636,2.27,4.56,0.39,341,7.18,2109.78,7.272,6.95,31,0.033770161,0.008064516,0.004032258,7.21,20.2,1,1,198.4
AR23-014-006,pH: 7.01,9,3/16/2023 9:44,30.18,28.97,95.99072233,2.91,0.31,0.13,311,6.08,2486.55,7.306,7.01,31,0.030287733,0.007067138,0.003028773,7.262,18.2,3.7,2.8,198.1
AR23-014-007,pH: 6.95,9,3/16/2023 9:54,14.73,14.42,97.89545146,4.23,5.25,0.83,341,7.2,1323.76,7.234,6.95,31,0.023547881,0.00418629,0.001046572,7.214,13.5,1,0.5,191.1
AR23-014-008,pH: 7.008,9,3/16/2023 10:11,25.75,25.27,98.13592233,3.17,0.3,0.13,307,7.01,2416.245,7.293,7.008,31,0.023328149,0.005702436,0.002592017,7.272,13.5,3.1,2.1,192.9
AR23-014-009,pH: 7.05,9,3/16/2023 10:20,28.85,28.64,99.27209705,3.34,1.74,0.09,311,4.84,2345.55,7.333,7.05,31,0.028836251,0.005664264,0.004634398,7.308,16.8,2.7,1,194.2
AR23-014-010,pH: 7.15,9,3/16/2023 10:30,29.62,29.35,99.08845375,3.89,2.83,0.36,318,2.86,1819.275,7.429,7.15,31,0.023413111,0.004682622,0.000520291,7.406,13.5,2.9,0.2,192.2
AR23-014-011,pH: 7.15,9,3/16/2023 10:40,30.84,29.78,96.56290532,3.45,2.29,0.16,312,3.51,2422.005,7.416,7.15,31,0.033533534,0.005505506,0.000500501,7.401,20.2,4,0.4,199.8
AR23-014-012,pH: 7.074747498,9,3/16/2023 10:50,16.54,16.4,99.15356711,2.95,5.83,0.7,347,6.78,1919.64,7.308,7.074747498,31,0.033924051,0.006582278,0,7.301,20.2,0.9,0.2,197.5
AR23-014-013,pH: 7.05,9,3/16/2023 11:00,24.85,24.52,98.67203219,3.25,2.21,0.15,318,4.63,2340.03,7.349,7.05,31,0.028556859,0.006119327,0.005609383,7.308,16.8,2.5,0.8,196.1
AR23-014-014,pH: 6.95,9,3/16/2023 11:12,17.4,17.16,98.62068966,3.94,3.37,0.17,334,7.03,2085.795,7.246,6.95,31,0.027720739,0.004620123,0.004106776,7.213,16.1,1.9,1,194.8
AR23-014-015,pH: 7.15,9,3/16/2023 11:22,23.49,23.17,98.63771818,3.61,5.44,0.82,345,3.73,1737.78,7.372,7.15,31,0.033719175,0.005032713,0,7.369,20.2,2,0.2,198.7
AR23-014-016,pH: 6.95,9,3/16/2023 11:32,24.46,24.28,99.26410466,3.66,4.86,0.48,339,5.64,1846.05,7.228,6.95,31,0.033804238,0.005045409,0.006559031,7.212,20.2,1.8,1.1,198.2
AR23-014-017,pH: 7.15,9,3/16/2023 11:42,26.71,26.51,99.25121677,3.29,2.89,0.13,313,3.92,2467.26,7.427,7.15,31,0.0304414,0.005580923,0.002536783,7.405,18.2,3,0.3,197.1
AR23-014-018,pH: 6.95,9,3/16/2023 11:51,28.48,28.2,99.01685393,3.85,1.5,0.11,315,5.44,1849.065,7.256,6.95,31,0.023474178,0.004694836,0.005738132,7.213,13.5,2.6,1.5,191.7
AR23-014-020,pH: 7.15,9,3/16/2023 12:09,,,,5.5,7.39,1.48,387,10.95,983.9268,7.152,7.15,31,0.033821302,0,0,7.149,20.2,0.7,0.2,198.1
AR23-014-021,pH: 6.95,9,3/16/2023 12:19,18.15,18,99.17355372,4.16,3.55,0.24,336,6.83,2010.165,7.249,6.95,31,0.027720739,0.004106776,0.004106776,7.209,16.1,2,0.9,194.8
AR23-014-023,DR23-008 Satellites,9,3/16/2023 12:29,27.7,27.23,98.3032491,3.14,0.37,0.1,308,6.07,2561.805,7.322,7.05,31,0.02824004,0.006051437,0.003025719,7.292,16.8,3.3,1.9,198.3
AR23-014-024,DR23-008 Satellites,9,3/16/2023 12:39,32.87,32.12,97.71828415,3.1,0.27,0.11,307,6.42,2652.825,7.31,7.05,31,0.028484232,0.006612411,0.003051882,7.294,16.8,3.2,2.5,196.6
AR23-014-001,pH: 7.15,10,3/17/2023 9:51,21.08,20.55,97.4857685,3.99,0.25,0.09,304,4.98,2742.87,7.41,7.15,31,0,0,0.001535312,7.41,18,3.9,0.2,195.4
AR23-014-002,pH: 7.05,10,3/17/2023 6:15,22.9,22.58,98.60262009,3.91,0.3,0.12,315,6.58,2886.35,7.322,7.05,31,0,0,0.009504752,7.305,22.4,3.7,2.1,199.9
AR23-014-003,pH: 6.95,10,3/17/2023 6:22,27.91,26.17,93.76567539,4.5,0.37,0.32,321,8.5,2097.93,7.229,6.95,31,0,0,0.003062787,7.215,18,4.7,2.5,195.9
AR23-014-004,pH: 6.95,10,3/17/2023 6:30,26.95,26.22,97.29128015,3.77,0.32,0.32,332,9.72,2489.3,7.207,6.95,31,0,0,0.018654885,7.208,26.9,3.7,6.4,203.7
AR23-014-005,pH: 6.95,10,3/17/2023 6:38,17.15,16.87,98.36734694,4.46,2.84,0.18,347,8.87,2595.05,7.197,6.95,31,0,0,0.007352941,7.21,26.9,2.6,1.8,204
AR23-014-006,pH: 7.01,10,3/17/2023 6:45,25.93,24.09,92.90397223,4.15,0.35,0.24,320,6.93,2743.74,7.258,7.01,31,0,0,0.002465483,7.271,24.2,5.1,3.4,202.8
AR23-014-007,pH: 6.95,10,3/17/2023 6:59,13.19,12.92,97.95299469,4.77,4.5,0.44,338,7.01,1541.49,7.226,6.95,31,0,0,0.002068252,7.216,18,1.8,0.7,193.4
AR23-014-008,pH: 7.008,10,3/17/2023 7:09,21.64,20.9,96.58040665,4.31,0.31,0.11,315,7.72,2573.78,7.279,7.008,31,0,0,0.004601227,7.276,18,4.2,2.6,195.6
AR23-014-009,pH: 7.05,10,3/17/2023 7:20,27.91,27.49,98.49516302,3.74,0.18,0.09,312,6.44,2861.18,7.322,7.05,31,0,0,0.009090909,7.306,22.4,3.8,1.9,198
AR23-014-010,pH: 7.15,10,3/17/2023 7:31,26.72,26.3,98.42814371,3.93,0.3,0.23,308,3.29,2299.82,7.43,7.15,31,0,0,0.002569373,7.408,18,3.8,0.3,194.6
AR23-014-011,pH: 7.15,10,3/17/2023 7:41,28.77,27.42,95.3076121,3.98,1.01,0.09,312,4.89,2901.36,7.424,7.15,31,0,0,0.001953125,7.407,26.9,5.1,0.5,204.8
AR23-014-012,pH: 7.074747498,10,3/17/2023 7:55,13.18,13,98.63429439,4.2,4.9,0.47,341,6,2282.49,7.348,7.074747498,31,0,0,0.000986193,7.332,26.9,2.2,0.2,202.8
AR23-014-013,pH: 7.05,10,3/17/2023 8:09,20.04,19.78,98.70259481,3.86,0.27,0.12,312,6.43,2844.35,7.314,7.05,31,0,0,0.010005003,7.307,22.4,3.7,1.9,199.9
AR23-014-014,pH: 6.95,10,3/17/2023 8:21,16.05,15.84,98.69158879,4.26,1.45,0.08,330,8.52,2459.18,7.226,6.95,31,0,0,0.007568113,7.214,21.5,2.8,1.8,198.2
AR23-014-015,pH: 7.15,10,3/17/2023 8:31,24.12,23.84,98.83913765,3.89,4.04,0.45,340,3.17,2196.06,7.414,7.15,31,0,0,0.003436426,7.407,26.9,3,0.2,203.7
AR23-014-016,pH: 6.95,10,3/17/2023 8:42,24.85,24.5,98.5915493,4.23,2.62,0.14,334,6.69,2434.53,7.251,6.95,31,0,0,0.023633678,7.218,26.9,2.8,2.4,203.1
AR23-014-017,pH: 7.15,10,3/17/2023 8:51,23.77,23.47,98.73790492,3.66,0.28,0.07,313,5.07,2929.59,7.403,7.15,31,0,0,0.004965243,7.403,24.2,4.1,0.8,201.4
AR23-014-018,pH: 6.95,10,3/17/2023 9:02,26.75,26.24,98.09345794,3.97,0.27,0.15,327,7.16,2336.01,7.241,6.95,31,0,0,0.011334364,7.213,18,3.5,2.6,194.1
AR23-014-020,pH: 7.15,10,3/17/2023 9:11,10.78,10.56,97.95918367,4.06,6.57,1.18,369,9.73,1324.03,7.203,7.15,31,0,0,0,7.186,26.9,0.7,0.2,202.2
AR23-014-021,pH: 6.95,10,3/17/2023 9:21,18.33,18.08,98.63611566,4.27,1.73,0.11,332,8.3,2427.35,7.22,6.95,31,0,0,0.007571933,7.216,21.5,2.8,1.7,198.1
AR23-014-023,DR23-008 Satellites,10,3/17/2023 9:31,25.81,25.04,97.01666021,3.9,0.27,0.06,314,6.73,2927.27,7.331,7.05,31,0,0,0.007414731,7.311,22.4,4.5,2.5,202.3
AR23-014-024,DR23-008 Satellites,10,3/17/2023 9:41,28.26,27.51,97.34607219,3.95,0.24,0.08,309,6.79,2779.37,7.326,7.05,31,0,0,0.007477567,7.309,22.4,4.5,3.1,200.6
AR23-014-001,pH: 7.15,11,3/18/2023 9:17,20.35,19.88,97.69041769,,,,,,,,7.15,31,0,0.004627249,0.001028278,7.404,18,3.9,0.5,194.5
AR23-014-002,pH: 7.05,11,3/18/2023 6:08,24.19,23.65,97.76767259,3.04,0.89,0.08,327,8.35,,7.3,7.05,31,0,0.006565657,0.007070707,7.309,22.4,3.7,4,198
AR23-014-003,pH: 6.95,11,3/18/2023 6:16,24.9,22.63,90.88353414,4.32,1.4,0.19,335,9.5,,7.2,6.95,31,0,0.003606388,0.00309119,7.211,18,4.7,3.1,194.1
AR23-014-004,pH: 6.95,11,3/18/2023 6:25,24.57,23.9,97.27309727,3.23,1.5,0.21,349,10.63,,7.18,6.95,31,0,0.00594943,0.01784829,7.21,26.9,3.7,10.2,201.7
AR23-014-005,pH: 6.95,11,3/18/2023 6:32,17.7,17.56,99.20903955,4.45,3.63,0.22,371,11.61,,7.2,6.95,31,0,0.003463632,0.008906482,7.207,26.9,2.6,3.3,202.1
AR23-014-006,pH: 7.01,11,3/18/2023 6:40,25.78,23.76,92.16446858,3.69,2.04,0.36,335,7.13,,7.22,7.01,31,0,0.004977601,0.00298656,7.271,24.2,5.1,3.9,200.9
AR23-014-007,pH: 6.95,11,3/18/2023 6:51,12.2,11.87,97.29508197,4.67,4.69,0.18,356,9,,7.22,6.95,31,0,0,0.003131524,7.212,18,1.8,1.1,191.6
AR23-014-008,pH: 7.008,11,3/18/2023 7:01,23.14,22.22,96.02420052,3.4,0.75,0.13,321,8.49,,7.27,7.008,31,0,0.005675955,0.004643963,7.273,18,4.2,3.5,193.8
AR23-014-009,pH: 7.05,11,3/18/2023 7:11,22.55,22.12,98.09312639,2.87,0.59,0.08,321,8.31,,7.28,7.05,31,0,0.006629271,0.006119327,7.304,22.4,3.8,3.7,196.1
AR23-014-010,pH: 7.15,11,3/18/2023 7:22,21.91,21.29,97.1702419,2.68,1.06,0.12,315,4.78,,7.41,7.15,31,0,0.007265179,0.001556824,7.411,18,3.8,0.8,192.7
AR23-014-011,pH: 7.15,11,3/18/2023 7:32,22.82,21.59,94.60999124,3.21,2.85,0.1,325,5.56,,7.38,7.15,31,0,0.005914243,0.000492854,7.404,26.9,5.1,0.9,202.9
AR23-014-012,pH: 7.074747498,11,3/18/2023 7:43,16.27,16.01,98.40196681,4.11,5.59,0.35,364,7.47,,7.33,7.074747498,31,0,0.0039801,0.00199005,7.333,26.9,2.2,0.4,201
AR23-014-013,pH: 7.05,11,3/18/2023 8:03,20.76,20.41,98.31406551,2.95,0.67,0.1,325,7.83,,7.29,7.05,31,0,0.006565657,0.006565657,7.306,22.4,3.7,3.9,198
AR23-014-014,pH: 6.95,11,3/18/2023 8:14,15.54,15.23,98.00514801,3.87,2.2,0.16,341,10.79,,7.19,6.95,31,0,0.004584819,0.008660214,7.213,21.5,2.8,3.3,196.3
AR23-014-015,pH: 7.15,11,3/18/2023 8:25,22.09,21.67,98.09868719,3.32,4.6,0.26,346,4.62,,7.41,7.15,31,0,0.005952381,0.007936508,7.402,26.9,3,0.9,201.6
AR23-014-016,pH: 6.95,11,3/18/2023 12:04,25,24.54,98.16,3.27,2.72,0.17,354,10.03,,7.19,6.95,31,0,0.005472637,0.025870647,7.205,26.9,2.8,7.2,201
AR23-014-017,pH: 7.15,11,3/18/2023 12:14,25.96,25.48,98.15100154,1.96,1.54,0.06,312,6.14,,7.38,7.15,31,0,0.009027081,0.002507523,7.397,24.2,4.1,1.8,199.4
AR23-014-018,pH: 6.95,11,3/18/2023 12:24,24.74,23.85,96.4025869,2.64,0.23,0.26,322,9.02,,7.18,6.95,31,0,0.007284079,0.004682622,7.188,18,3.5,4.8,192.2
AR23-014-020,pH: 7.15,11,3/18/2023 12:34,9.26,9,97.19222462,4.2,7.73,1.03,386,9.82,,7.19,7.15,31,0,0.003494758,0,7.207,26.9,0.7,0.2,200.3
AR23-014-021,pH: 6.95,11,3/18/2023 12:44,15.74,15.39,97.77636595,3.58,2.22,0.18,345,10.98,,7.19,6.95,31,0,0.00509684,0.00764526,7.201,21.5,2.8,3.2,196.2
AR23-014-023,DR23-008 Satellites,11,3/18/2023 12:54,25.89,24.97,96.44650444,2.67,0.38,0.09,315,7.79,,7.29,7.05,31,0,0.007488767,0.002995507,7.297,22.4,4.5,4,200.3
AR23-014-024,DR23-008 Satellites,11,3/18/2023 9:10,27.41,26.33,96.05983218,,,,,,,,7.05,31,0,0.004509018,0.005511022,7.305,22.4,4.5,4.6,199.6
AR23-014-001,pH: 7.15,12,3/19/2023 12:03,16.94,16.55,97.69775679,2.19,0.65,0.08,302,5.87,3713.91,,7.15,31,0.022739018,0.004134367,0.001033592,7.383,18,4.8,0.7,193.5
AR23-014-002,pH: 7.05,12,3/19/2023 12:11,21.45,20.75,96.73659674,2.55,0.43,0.07,321,7.82,4086.09,,7.05,31,0.028890015,0,0.006588951,7.299,22.4,5,5.4,197.3
AR23-014-003,pH: 6.95,12,3/19/2023 12:19,24.46,21.73,88.83892069,3.87,0.47,0.08,327,9.49,2711.4,,6.95,31,0.022809746,0,0.00155521,7.199,18,5.4,3.7,192.9
AR23-014-004,pH: 6.95,12,3/19/2023 12:27,25.19,24.22,96.14926558,1.54,0.32,0.59,333,9.59,4271.04,,6.95,31,0.033864542,0.004482072,0.010956175,7.198,26.9,4.9,13.8,200.8
AR23-014-005,pH: 6.95,12,3/19/2023 12:34,17.88,17.42,97.42729306,2.11,2.34,0.49,344,11.04,3862.83,,6.95,31,0.033864542,0,0.005976096,7.201,26.9,3.3,5.1,200.8
AR23-014-006,pH: 7.01,12,3/19/2023 12:42,24.98,22.32,89.35148118,3.53,1.07,0.06,329,7.54,3603.71,,7.01,31,0.0305,0,0.0015,7.26,24.2,6.1,4.5,200
AR23-014-007,pH: 6.95,12,3/19/2023 12:53,12.16,11.97,98.4375,2.31,3.71,0.11,334,10.65,2490.98,,6.95,31,0.023194518,0.004217185,0.002635741,7.2,18,1.8,1.7,189.7
AR23-014-008,pH: 7.008,12,3/19/2023 13:03,20.77,19.76,95.13721714,3.47,0.38,0.09,323,8.53,3498.72,,7.008,31,0.022797927,0,0.002590674,7.258,18,5.3,4.4,193
AR23-014-009,pH: 7.05,12,3/19/2023 13:14,21.31,20.68,97.04364148,2.63,0.38,0.08,321,7.57,3973.02,,7.05,31,0.029170931,0,0.004094166,7.3,22.4,5.1,4.9,195.4
AR23-014-010,pH: 7.15,12,3/19/2023 13:25,21.58,20.7,95.92215014,3.24,0.45,0.07,317,6.27,3257.78,,7.15,31,0.02289282,0,0.002601457,7.399,18,5.2,1.1,192.2
AR23-014-011,pH: 7.15,12,3/19/2023 13:39,24.15,22.57,93.45755694,2.73,1.25,0.07,321,5.57,4104.18,,7.15,31,0.03364671,0,0,7.349,26.9,6.3,1,202.1
AR23-014-012,pH: 7.074747498,12,3/19/2023 14:04,12.55,12.2,97.21115538,2.95,4.98,0.12,347,7.52,3247.38,,7.074747498,31,0.034034034,0,0.001501502,7.344,26.9,3,0.8,199.8
AR23-014-013,pH: 7.05,12,3/19/2023 14:15,20.22,19.68,97.32937685,2.55,0.39,0.05,319,7.43,4091.48,,7.05,31,0.028890015,0,0.004561581,7.335,22.4,5,5.2,197.3
AR23-014-014,pH: 6.95,12,3/19/2023 14:26,18.39,17.96,97.6617727,2.47,0.53,0.27,330,10.16,3627.84,,6.95,31,0.027137737,0.003584229,0.007168459,7.212,21.5,3.7,5,195.3
AR23-014-015,pH: 7.15,12,3/19/2023 14:36,26.87,26.3,97.8786751,2.12,2.44,0.05,325,5.8,3724.38,,7.15,31,0.033915212,0,0.007481297,7.4,26.9,4.2,2.5,200.5
AR23-014-016,pH: 6.95,12,3/19/2023 14:47,23.93,23.41,97.8269954,2.38,0.32,0.41,339,10.4,3757.86,,6.95,31,0.033983008,0,0.018990505,7.181,26.9,3.9,12.4,200.1
AR23-014-017,pH: 7.15,12,3/19/2023 14:58,21.86,21.3,97.43824337,3.01,0.45,0.05,311,5.99,4245.71,,7.15,31,0.03063787,0,0.001506781,7.396,24.2,5.9,2.3,199.1
AR23-014-018,pH: 6.95,12,3/19/2023 15:08,24.36,23.05,94.62233169,3.72,0.3,0.13,332,8.53,3231,,6.95,31,0.02295253,0,0.004173187,7.21,18,4.9,5.7,191.7
AR23-014-020,pH: 7.15,12,3/19/2023 15:18,10.55,10.23,96.96682464,3.86,6.84,0.83,379,8.92,2050.65,,7.15,31,0.034119418,0,0,7.251,26.9,1.4,0.2,199.3
AR23-014-021,pH: 6.95,12,3/19/2023 15:28,15.3,14.79,96.66666667,2.91,0.67,0.28,337,9.95,3676.73,,6.95,31,0.027123849,0,0.006141249,7.191,21.5,3.8,4.7,195.4
AR23-014-023,DR23-008 Satellites,12,3/19/2023 15:38,26.34,25.17,95.55808656,3.42,0.43,0.07,324,7.34,3941.3,,7.05,31,0.028514257,0,0.002501251,7.294,22.4,6,4.6,199.9
AR23-014-024,DR23-008 Satellites,12,3/19/2023 15:48,23.63,22.52,95.30258146,2.19,0.4,0.07,318,7.54,3939.02,,7.05,31,0.028700906,0.003524673,0.004028197,7.299,22.4,5.4,5.7,198.6
AR23-014-001,pH: 7.15,13,3/20/2023 13:10,19.9,19.22,96.58291457,3.01,1.67,0.08,320,6.06,3987.81,7.33,7.15,31,0,0.006701031,0,7.344,22.4,5.6,0.9,194
AR23-014-002,pH: 7.05,13,3/20/2023 6:06,22.47,21.69,96.52870494,2.67,2.21,0.28,337,,4404.15,7.222,7.05,31,0,0.007,0.0045,7.305,28.1,5,6.7,200
AR23-014-003,pH: 6.95,13,3/20/2023 6:14,21.87,18.71,85.55098308,4.02,1.99,0.39,349,,2996.01,7.113,6.95,31,0,0.004113111,0.001028278,7.207,22.4,5.4,4,194.5
AR23-014-004,pH: 6.95,13,3/20/2023 6:23,26.11,24.99,95.71045576,3.84,2.32,0.29,361,,4623.03,7.135,6.95,31,0,0.004377432,0.01118677,7.196,33.7,5.8,16,205.6
AR23-014-005,pH: 6.95,13,3/20/2023 6:33,15.6,15.13,96.98717949,2.26,3.94,0.55,379,,4127.61,7.132,6.95,31,0,0.00829673,0.004880429,7.206,33.7,3.3,6.3,204.9
AR23-014-006,pH: 7.01,13,3/20/2023 6:42,24.55,21.68,88.3095723,3.79,2.96,0.29,350,,3988.59,7.217,7.01,31,0,0.004426955,0.000983768,7.268,30.3,6.1,4.8,203.3
AR23-014-007,pH: 6.95,13,3/20/2023 6:53,11.96,11.61,97.0735786,4.56,4.27,0.31,362,,2779.7,7.164,6.95,31,0,0,0.002601457,7.212,22.4,2.6,2.2,192.2
AR23-014-008,pH: 7.008,13,3/20/2023 7:02,22.48,21.1,93.86120996,3.41,1.61,0.29,335,,3824.69,7.191,7.008,31,0,0.005652621,0.002569373,7.27,22.4,5.3,4.9,194.6
AR23-014-009,pH: 7.05,13,3/20/2023 9:03,22.2,21.29,95.9009009,2.39,2.05,0.08,334,7.67,4304.87,7.239,7.05,31,0,0.007568113,0.003027245,7.299,28.1,5.1,5.7,198.2
AR23-014-010,pH: 7.15,13,3/20/2023 10:04,22.68,21.39,94.31216931,2.55,2.08,0.1,325,5.9,3359.07,7.352,7.15,31,0,0.007227672,0,7.398,22.4,5.2,1.6,193.7
AR23-014-011,pH: 7.15,13,3/20/2023 11:03,22.57,21.22,94.01860877,2.37,3.41,0.09,331,5.64,4424.42,7.335,7.15,31,0,0.008321096,0,7.38,33.7,6.3,1,204.3
AR23-014-012,pH: 7.074747498,13,3/20/2023 11:11,13.85,13.47,97.25631769,2.9,5.97,0.13,362,8.74,3521.57,7.294,7.074747498,31,0,0.006927264,0.000494805,7.329,33.7,3,1.1,202.1
AR23-014-013,pH: 7.05,13,3/20/2023 11:20,19.82,19.14,96.5691221,2.04,1.76,0.07,330,7.8,4537.19,7.254,7.05,31,0,0.008572869,0.003025719,7.299,28.1,5,6.1,198.3
AR23-014-014,pH: 6.95,13,3/20/2023 11:29,16.68,16.18,97.00239808,3.59,2.14,0.17,350,9.82,4043.46,7.133,6.95,31,0,0.00508647,0.003560529,7.199,26.8,4.4,6.4,196.6
AR23-014-015,pH: 7.15,13,3/20/2023 11:38,25.13,24.44,97.25427776,1.47,3.65,0.08,342,7.03,4216.95,7.364,7.15,31,0,0.009881423,0.003952569,7.364,33.7,4.2,4,202.4
AR23-014-016,pH: 6.95,13,3/20/2023 12:05,20.68,20.04,96.90522244,1.85,2.35,0.28,354,10.71,4374.63,7.131,6.95,31,0,0.009401286,0.012370114,7.15,33.7,3.9,16.2,202.1
AR23-014-017,pH: 7.15,13,3/20/2023 12:15,19.72,19.34,98.07302231,2.37,2.56,0.09,330,6.56,4540.1,7.342,7.15,31,0,0.007477567,0,7.37,30.3,5.9,2.6,200.6
AR23-014-018,pH: 6.95,13,3/20/2023 12:24,22.85,21.35,93.43544858,3.24,1.23,0.17,334,8.91,3543.3,7.123,6.95,31,0,0.005744125,0.002088773,7.195,22.4,4.9,6.5,191.5
AR23-014-020,pH: 7.15,13,3/20/2023 12:33,9.69,9.55,98.55521156,4.33,8.04,0.78,402,9.58,2298.77,7.176,7.15,31,0,0.003968254,0,7.186,33.7,1.4,0.2,201.6
AR23-014-021,pH: 6.95,13,3/20/2023 12:42,15.86,15.66,98.73896595,2.44,2.26,0.22,346,10.91,3933.42,7.131,6.95,31,0,0.007649159,0.003569607,7.193,26.8,3.8,5.9,196.1
AR23-014-023,DR23-008 Satellites,13,3/20/2023 12:51,22.11,20.85,94.30122117,3.01,1.99,0.09,331,7.95,4309.98,7.233,7.05,31,0,0.006470881,0.00099552,7.302,28.1,6,5.1,200.9
AR23-014-024,DR23-008 Satellites,13,3/20/2023 13:01,23.73,22.5,94.81668774,3.54,1.82,0.1,334,7.87,4194.27,7.218,7.05,31,0,0.005491762,0.001997004,7.299,28.1,6.1,6.5,200.3
AR23-014-001,pH: 7.15,14,3/21/2023 8:56,17.73,17.14,96.67230682,4,0.71,0.03,320,5.48,4382.64,7.33,7.15,31,0,0,0,7.318,22.4,6.9,0.9,193.2
AR23-014-002,pH: 7.05,14,3/21/2023 8:30,20.42,19.42,95.10284035,2.82,0.98,0.02,319,7.08,4824.48,7.31,7.05,31,0,0,0,7.302,28.1,6.4,7.6,197.5
AR23-014-003,pH: 6.95,14,3/21/2023 5:34,21.98,18.6,84.62238399,3.78,1.31,0.14,328,7.38,3329.235,7.2,6.95,31,0,0,0,7.208,22.4,6.2,4.2,191.6
AR23-014-004,pH: 6.95,14,3/21/2023 5:43,23.43,22.19,94.70763978,2.77,1.02,0.02,342,7.81,5213.01,7.19,6.95,31,0,0,0,7.194,33.7,6.7,18.3,202.5
AR23-014-005,pH: 6.95,14,3/21/2023 5:53,16.76,16.17,96.4797136,2.82,4.26,0.52,364,9.23,4717.515,7.17,6.95,31,0,0,0,7.204,33.7,5,7.3,202.6
AR23-014-006,pH: 7.01,14,3/21/2023 6:02,23.13,20.19,87.28923476,3.56,2.63,0.02,332,6.58,4521.645,7.24,7.01,31,0,0,0,7.263,30.3,7,5,200.4
AR23-014-007,pH: 6.95,14,3/21/2023 6:12,11.87,11.56,97.38837405,2.2,4.45,0.09,345,10.54,3050.16,7.19,6.95,31,0,0,0,7.21,22.4,2.6,2.7,188.4
AR23-014-008,pH: 7.008,14,3/21/2023 6:21,20.01,18.68,93.35332334,3.71,0.64,0.02,332,7.86,4177.35,7.24,7.008,31,0,0,0,7.263,22.4,6.4,5.4,191.8
AR23-014-009,pH: 7.05,14,3/21/2023 6:32,23.2,22.26,95.94827586,3.36,1.02,0.04,335,6.82,4734.69,7.28,7.05,31,0,0,0,7.304,28.1,6.6,6.3,195.9
AR23-014-010,pH: 7.15,14,3/21/2023 6:41,21.64,20.43,94.40850277,3.72,1.3,0.04,326,5.46,3940.44,7.36,7.15,31,0,0,0,7.383,22.4,6.6,1.6,191.4
AR23-014-011,pH: 7.15,14,3/21/2023 6:51,20.91,19.56,93.54375897,3.4,2.73,0.05,330,4.62,5041.515,7.24,7.15,31,0,0,0,7.278,33.7,8,1,203.7
AR23-014-012,pH: 7.074747498,14,3/21/2023 7:01,12.95,12.73,98.3011583,3.47,7.56,0.13,359,8.02,3881.49,7.31,7.074747498,31,0,0,0,7.325,33.7,4.4,1.2,201.4
AR23-014-013,pH: 7.05,14,3/21/2023 7:11,20.48,19.62,95.80078125,3.54,0.81,0.04,329,6.86,4799.505,7.28,7.05,31,0,0,0,7.305,28.1,6.7,6.7,197.9
AR23-014-014,pH: 6.95,14,3/21/2023 7:20,16.83,16.34,97.08853238,3.47,1.92,0.12,343,8.62,4575.315,7.19,6.95,31,0,0,0,7.204,26.8,5.4,7.1,195.6
AR23-014-015,pH: 7.15,14,3/21/2023 7:31,23.5,22.86,97.27659574,2.95,3.32,0.06,340,5.56,4753.14,7.38,7.15,31,0,0,0,7.399,33.7,6.2,4.8,202
AR23-014-016,pH: 6.95,14,3/21/2023 7:40,18.82,18.21,96.75876727,2.97,1.55,0.25,349,8.27,4904.325,7.18,6.95,31,0,0,0,7.193,33.7,5.8,18.7,201.7
AR23-014-017,pH: 7.15,14,3/21/2023 7:52,19.55,19.03,97.34015345,3.29,1.95,0.05,327,4.99,5007.375,7.33,7.15,31,0,0,0,7.35,30.3,7.4,2.6,200
AR23-014-018,pH: 6.95,14,3/21/2023 8:03,24.83,22.85,92.02577527,4.07,0.43,0.05,337,8.19,3728.745,7.2,6.95,31,0,0,0,7.207,22.4,6,6.9,190.7
AR23-014-020,pH: 7.15,14,3/21/2023 8:20,9.02,8.76,97.11751663,4.11,10.88,0.64,396,8.91,2422.065,7.18,7.15,31,0,0,0,7.173,33.7,2.2,0.2,200.3
AR23-014-021,pH: 6.95,14,3/21/2023 8:30,16.7,16.16,96.76646707,3.53,1.96,0.15,347,8.81,4467.795,7.18,6.95,31,0,0,0,7.202,26.8,5.3,6.6,195.6
AR23-014-023,DR23-008 Satellites,14,3/21/2023 8:38,23.83,22.48,94.33487201,3.77,1.22,0.03,330,6.61,4588.275,7.28,7.05,31,0,0,0,7.301,28.1,7.3,5.3,200.2
AR23-014-024,DR23-008 Satellites,14,3/21/2023 8:48,23.69,22.14,93.45715492,3.78,0.99,0.03,326,6.88,4898.1,7.29,7.05,31,0,0,0,7.304,28.1,7.2,6.9,199.3
