Time,PV,CSP
11/21/2025 12:00,-95.11120605,21.82413742
11/21/2025 12:15,-79.04016113,21.94766999
11/21/2025 12:30,-77.6192627,22.07120256
11/21/2025 12:45,-81.56286621,22.19473512
11/21/2025 13:00,-82.37365723,22.31826769
11/21/2025 13:15,-71.99194336,22.44180026
11/21/2025 13:30,-70.99157715,22.56533282
11/21/2025 13:45,-79.80615234,22.68886539
11/21/2025 14:00,-74.57519531,22.81239796
11/21/2025 14:15,-73.49377441,22.93593053
11/21/2025 14:30,-71.67407227,23.05946309
11/21/2025 14:45,-68.04602051,23.18299566
11/21/2025 15:00,-76.84619141,23.30652823
11/21/2025 15:15,-56.53137207,23.43006079
11/21/2025 15:30,-44.88061523,23.55359336
11/21/2025 15:45,-56.92785645,23.67712593
11/21/2025 16:00,-50.92871094,23.8006585
11/21/2025 16:15,-66.88439941,23.92419106
11/21/2025 16:30,-46.14794922,24.04772363
11/21/2025 16:45,-35.35290527,24.1712562
11/21/2025 17:00,-44.64404297,24.29478876
11/21/2025 17:15,-68.51489258,24.41832133
11/21/2025 17:30,-59.03039551,24.5418539
11/21/2025 17:45,-68.8873291,24.66538647
11/21/2025 18:00,-54.66918945,24.78891903
11/21/2025 18:15,-53.04125977,24.9124516
11/21/2025 18:30,-61.7590332,25.03598417
11/21/2025 18:45,-70.34875488,25.15951674
11/21/2025 19:00,-71.61230469,25.2830493
11/21/2025 19:15,-55.47485352,25.40658187
11/21/2025 19:30,-44.1270752,25.53011444
11/21/2025 19:45,-59.94226074,25.653647
11/21/2025 20:00,-59.36889648,25.77717957
11/21/2025 20:15,-44.07189941,25.90071214
11/21/2025 20:30,-56.45715332,26.02424471
11/21/2025 20:45,-72.4354248,26.14777727
11/21/2025 21:00,-33.69421387,26.27130984
11/21/2025 21:15,-43.22827148,26.39484241
11/21/2025 21:30,-49.64025879,26.51837497
11/21/2025 21:45,-38.22485352,26.64190754
11/21/2025 22:00,-57.30957031,26.76544011
11/21/2025 22:15,-61.25170898,26.88897268
11/21/2025 22:30,-61.25170898,27.01250524
11/21/2025 22:45,-61.25170898,27.13603781
11/21/2025 23:00,-61.25170898,27.25957038
11/21/2025 23:15,-61.25170898,27.38310294
11/21/2025 23:30,-61.25170898,27.50663551
11/21/2025 23:45,-61.25170898,27.63016808
11/22/2025 0:00,-61.25170898,27.75370065
11/22/2025 0:15,-61.25170898,27.87723321
11/22/2025 0:30,-35.9387207,28.00076578
11/22/2025 0:45,-28.14318848,28.12429835
11/22/2025 1:00,-30.49157715,28.24783092
11/22/2025 1:15,-29.49707031,28.37136348
11/22/2025 1:30,-54.46618652,28.49489605
11/22/2025 1:45,-57.69018555,28.61842862
11/22/2025 2:00,-57.69018555,28.74196118
11/22/2025 2:15,-57.69018555,28.86549375
11/22/2025 2:30,-57.69018555,28.98902632
11/22/2025 2:45,-57.69018555,29.11255888
11/22/2025 3:00,-57.69018555,29.23609145
11/22/2025 3:15,-57.69018555,29.35962402
11/22/2025 3:30,-57.69018555,29.48315659
11/22/2025 3:45,-57.69018555,29.60668915
11/22/2025 4:00,-57.69018555,29.73022172
11/22/2025 4:15,-57.69018555,29.85375429
11/22/2025 4:30,-57.69018555,29.97728686
11/22/2025 4:45,-57.69018555,30.10081942
11/22/2025 5:00,-57.69018555,30.22435199
11/22/2025 5:15,-57.69018555,30.34788456
11/22/2025 5:30,-57.69018555,30.47141712
11/22/2025 5:45,-57.69018555,30.59494969
11/22/2025 6:00,-57.69018555,30.71848226
11/22/2025 6:15,-57.69018555,30.84201483
11/22/2025 6:30,-57.69018555,30.96554739
11/22/2025 6:45,-57.69018555,31.08907996
11/22/2025 7:00,-57.69018555,31.21261253
11/22/2025 7:15,-57.69018555,31.33614509
11/22/2025 7:30,-57.69018555,31.45967766
11/22/2025 7:45,-57.69018555,31.58321023
11/22/2025 8:00,-57.69018555,31.7067428
11/22/2025 8:15,-57.69018555,31.83027536
11/22/2025 8:30,-57.69018555,31.95380793
11/22/2025 8:45,-57.69018555,32.0773405
11/22/2025 9:00,-57.69018555,32.20087306
11/22/2025 9:15,-57.69018555,32.32440563
11/22/2025 9:30,-57.69018555,32.4479382
11/22/2025 9:45,-57.69018555,32.57147077
11/22/2025 10:00,-57.69018555,32.69500333
11/22/2025 10:15,-57.69018555,32.8185359
11/22/2025 10:30,-57.69018555,32.94206847
11/22/2025 10:45,-57.69018555,33.06560104
11/22/2025 11:00,-57.69018555,33.1891336
11/22/2025 11:15,-57.69018555,33.31266617
11/22/2025 11:30,-57.69018555,33.51645257
11/22/2025 11:45,-57.69018555,33.84061971
11/22/2025 12:00,-57.69018555,34.16478685
11/22/2025 12:15,-57.69018555,34.488954
11/22/2025 12:30,-57.69018555,34.81312114
11/22/2025 12:45,-57.69018555,35.13728828
11/22/2025 13:00,-57.69018555,35.46145543
11/22/2025 13:15,-57.69018555,35.78562257
11/22/2025 13:30,-57.69018555,36.10978971
11/22/2025 13:45,-57.69018555,36.43395685
11/22/2025 14:00,-57.69018555,36.758124
11/22/2025 14:15,-57.69018555,37.08229114
11/22/2025 14:30,-57.69018555,37.40645828
11/22/2025 14:45,-57.69018555,37.73062542
11/22/2025 15:00,-57.69018555,38.05479257
11/22/2025 15:15,-57.69018555,38.37895971
11/22/2025 15:30,-57.69018555,38.70312685
11/22/2025 15:45,-57.69018555,39.027294
11/22/2025 16:00,-57.69018555,39.35146114
11/22/2025 16:15,-57.69018555,39.67562828
11/22/2025 16:30,-57.69018555,39.99979543
11/22/2025 16:45,-57.69018555,40.32396257
11/22/2025 17:00,-57.69018555,40.64812971
11/22/2025 17:15,-57.69018555,40.97229686
11/22/2025 17:30,-57.69018555,41.296464
11/22/2025 17:45,-57.69018555,41.62063114
11/22/2025 18:00,-57.69018555,41.94479828
11/22/2025 18:15,-57.69018555,42.26896543
11/22/2025 18:30,-57.69018555,42.59313257
11/22/2025 18:45,-41.48803711,42.91729971
11/22/2025 19:00,-34.15539551,43.24146686
11/22/2025 19:15,-47.44067383,43.565634
11/22/2025 19:30,-41.42675781,43.88980114
11/22/2025 19:45,-32.90625,44.21396829
11/22/2025 20:00,-46.94348145,44.53813543
11/22/2025 20:15,-36.98742676,44.86230257
11/22/2025 20:30,-46.34399414,45.18646971
11/22/2025 20:45,-30.77844238,45.51063686
11/22/2025 21:00,-46.9440918,45.834804
11/22/2025 21:15,-34.57641602,46.15897114
11/22/2025 21:30,-34.11035156,46.48313828
11/22/2025 21:45,-39.55212402,46.80730543
11/22/2025 22:00,-38.27807617,47.13147257
11/22/2025 22:15,-53.390625,47.45563971
11/22/2025 22:30,-42.83740234,47.77980686
11/22/2025 22:45,-54.92285156,48.103974
11/22/2025 23:00,-41.17932129,48.42814114
11/22/2025 23:15,-33.97399902,48.75230829
11/22/2025 23:30,-39.86608887,49.07647543
11/22/2025 23:45,-45.33642578,49.40064257
11/23/2025 0:00,-59.65527344,49.72480972
11/23/2025 0:15,-36.7199707,50.04897686
11/23/2025 0:30,-48.75805664,50.373144
11/23/2025 0:45,-60.5604248,50.69731114
11/23/2025 1:00,-20.04431152,51.02147829
11/23/2025 1:15,-65.10925293,51.34564543
11/23/2025 1:30,-47.47692871,51.66981257
11/23/2025 1:45,-32.33630371,51.99397972
11/23/2025 2:00,-32.98522949,52.31814686
11/23/2025 2:15,-39.57495117,52.642314
11/23/2025 2:30,-31.73449707,52.96648115
11/23/2025 2:45,-39.77941895,53.29064829
11/23/2025 3:00,-20.26513672,53.61481543
11/23/2025 3:15,-38.75878906,53.93898257
11/23/2025 3:30,-26.09631348,54.26314972
11/23/2025 3:45,-41.46044922,54.58731686
11/23/2025 4:00,-52.77050781,54.911484
11/23/2025 4:15,-16.82556152,55.23565114
11/23/2025 4:30,-47.21032715,55.55981829
11/23/2025 4:45,-38.58740234,55.88398543
11/23/2025 5:00,-50.90393066,56.20815257
11/23/2025 5:15,-6.743286133,56.53231972
11/23/2025 5:30,-17.43847656,56.85648686
11/23/2025 5:45,-53.9765625,57.180654
11/23/2025 6:00,-46.23950195,57.50482115
11/23/2025 6:15,-20.76708984,57.82898829
11/23/2025 6:30,-12.68334961,58.15315543
11/23/2025 6:45,-18.15869141,58.47732258
11/23/2025 7:00,-12.92211914,58.80148972
11/23/2025 7:15,-28.23852539,59.12565686
11/23/2025 7:30,-11.26855469,59.449824
11/23/2025 7:45,-14.9979248,59.77399115
11/23/2025 8:00,-15.4967041,60.09815829
11/23/2025 8:15,-31.01782227,60.44291978
11/23/2025 8:30,-0.50793457,61.07600209
11/23/2025 8:45,-34.08068848,61.70908439
11/23/2025 9:00,-33.37536621,62.3421667
11/23/2025 9:15,-16.06140137,62.97524901
11/23/2025 9:30,-63.78918457,63.60833131
11/23/2025 9:45,-51.22741699,64.24141362
11/23/2025 10:00,-46.24450684,64.87449593
11/23/2025 10:15,-22.89440918,65.50757824
11/23/2025 10:30,-45.81408691,66.14066055
11/23/2025 10:45,-11.72290039,66.77374286
11/23/2025 11:00,-31.17102051,67.40682516
11/23/2025 11:15,-30.18469238,68.03990747
11/23/2025 11:30,-15.46350098,68.67298978
11/23/2025 11:45,-44.00195313,69.30607208
11/23/2025 12:00,-17.02490234,69.93915439
11/23/2025 12:15,11.32080078,70.5722367
11/23/2025 12:30,-29.23327637,71.20531901
11/23/2025 12:45,-27.84130859,71.83840132
11/23/2025 13:00,-16.22265625,72.47148362
11/23/2025 13:15,-26.45666504,73.10456593
11/23/2025 13:30,-38.30981445,73.73764824
11/23/2025 13:45,-47.07666016,74.37073055
11/23/2025 14:00,-32.41040039,75.00381285
11/23/2025 14:15,-53.30761719,75.63689516
11/23/2025 14:30,-16.86694336,76.26997747
11/23/2025 14:45,-44.24121094,76.90305977
11/23/2025 15:00,-52.40917969,77.53614208
11/23/2025 15:15,-41.6171875,78.16922439
11/23/2025 15:30,-45.43811035,78.8023067
11/23/2025 15:45,-51.31640625,79.43538901
11/23/2025 16:00,-101.5227051,80.06847132
11/23/2025 16:15,-74.79956055,80.70155362
11/23/2025 16:30,-51.71411133,81.33463593
11/23/2025 16:45,-60.3338623,81.96771824
11/23/2025 17:00,-70.37731934,82.60080054
11/23/2025 17:15,-65.23706055,83.23388285
11/23/2025 17:30,-53.38500977,83.86696516
11/23/2025 17:45,-57.60437012,84.50004747
11/23/2025 18:00,-48.55712891,85.13312978
11/23/2025 18:15,-12.74365234,85.76621209
11/23/2025 18:30,-69.49816895,86.39929439
11/23/2025 18:45,-72.08886719,87.0323767
11/23/2025 19:00,-51.60974121,87.66545901
11/23/2025 19:15,-70.02319336,88.29854131
11/23/2025 19:30,-87.77197266,88.93162362
11/23/2025 19:45,-66.05749512,89.56470593
11/23/2025 20:00,-45.72473145,90.19778824
11/23/2025 20:15,-12.61694336,90.83087055
11/23/2025 20:30,-37.06811523,91.46395285
11/23/2025 20:45,-67.66015625,92.09703516
11/23/2025 21:00,-46.97241211,92.73011747
11/23/2025 21:15,0.895629883,93.36319978
11/23/2025 21:30,-43.78820801,93.99628208
11/23/2025 21:45,4.679321289,94.62936439
11/23/2025 22:00,-50.63952637,95.2624467
11/23/2025 22:15,-51.13366699,95.895529
11/23/2025 22:30,-18.39257813,96.52861131
11/23/2025 22:45,-29.1595459,97.16169362
11/23/2025 23:00,-39.8470459,97.79477593
11/23/2025 23:15,-46.95397949,98.42785824
11/23/2025 23:30,-84.65991211,99.06094055
11/23/2025 23:45,-35.98547363,99.69402285
11/24/2025 0:00,-40.7869873,100.3271052
11/24/2025 0:15,-36.65136719,100.9601875
11/24/2025 0:30,-44.48254395,101.5932698
11/24/2025 0:45,-32.60498047,102.2263521
11/24/2025 1:00,-56.71679688,102.8594344
11/24/2025 1:15,-46.54943848,103.4925167
11/24/2025 1:30,-28.32897949,104.125599
11/24/2025 1:45,-35.06152344,104.7586813
11/24/2025 2:00,-59.65856934,105.3917636
11/24/2025 2:15,-60.84191895,106.0248459
11/24/2025 2:30,-5.512084961,106.6579282
11/24/2025 2:45,-18.99450684,107.2910105
11/24/2025 3:00,-12.41552734,107.9240929
11/24/2025 3:15,-29.18847656,108.5571752
11/24/2025 3:30,-47.75280762,109.1902575
11/24/2025 3:45,-49.77941895,109.8233398
11/24/2025 4:00,-43.32495117,110.4564221
11/24/2025 4:15,-18.7512207,111.0895044
11/24/2025 4:30,0.429321289,111.7225867
11/24/2025 4:45,-28.40844727,112.355669
11/24/2025 5:00,-38.47937012,112.9887513
11/24/2025 5:15,-8.19921875,113.6218336
11/24/2025 5:30,-10.39172363,114.2549159
11/24/2025 5:45,-4.254516602,114.8879982
11/24/2025 6:00,-24.35754395,115.5210805
11/24/2025 6:15,-16.34692383,116.1541629
11/24/2025 6:30,-13.0916748,116.7872452
11/24/2025 6:45,-26.41210938,117.4203275
11/24/2025 7:00,-8.356811523,118.0534098
11/24/2025 7:15,26.32128906,118.6864921
11/24/2025 7:30,-19.31628418,119.3195744
11/24/2025 7:45,-26.54333496,119.9526567
11/24/2025 8:00,4.480224609,120.585739
11/24/2025 8:15,-28.18212891,121.2188213
11/24/2025 8:30,-9.252075195,121.8519036
11/24/2025 8:45,5.960571289,122.4849859
11/24/2025 9:00,-28.34558105,123.3095396
11/24/2025 9:15,-25.77380371,124.5170359
11/24/2025 9:30,-15.54016113,125.7245322
11/24/2025 9:45,-19.53918457,126.9320286
11/24/2025 10:00,41.34777832,128.1395249
11/24/2025 10:15,46.81420898,129.3470212
11/24/2025 10:30,13.12597656,130.5545175
11/24/2025 10:45,82.55114746,131.7620139
11/24/2025 11:00,2.364013672,132.9695102
11/24/2025 11:15,18.23803711,134.1770065
11/24/2025 11:30,18.43273926,135.3845028
11/24/2025 11:45,41.28759766,136.5919991
11/24/2025 12:00,22.87145996,137.7994955
11/24/2025 12:15,46.70666504,139.0069918
11/24/2025 12:30,-16.06433105,140.2144881
11/24/2025 12:45,56.89086914,141.4219845
11/24/2025 13:00,88.06896973,142.6294808
11/24/2025 13:15,6.62890625,143.8369771
11/24/2025 13:30,51.37609863,145.0444734
11/24/2025 13:45,38.04699707,146.2519698
11/24/2025 14:00,-7.630981445,147.4594661
11/24/2025 14:15,64.23010254,148.6669624
11/24/2025 14:30,9.154541016,149.8744587
11/24/2025 14:45,29.57202148,151.0819551
11/24/2025 15:00,4.198852539,152.2894514
11/24/2025 15:15,69.23864746,153.4969477
11/24/2025 15:30,59.20483398,154.704444
11/24/2025 15:45,58.03662109,155.9119404
11/24/2025 16:00,24.96240234,157.1194367
11/24/2025 16:15,31.52709961,158.326933
11/24/2025 16:30,30.54553223,159.5344293
11/24/2025 16:45,40.68725586,160.7419257
11/24/2025 17:00,9.434204102,161.949422
11/24/2025 17:15,46.96337891,163.1569183
11/24/2025 17:30,74.01538086,164.3644146
11/24/2025 17:45,-12.38806152,165.571911
11/24/2025 18:00,36.45715332,166.7794073
11/24/2025 18:15,26.11425781,167.9869036
11/24/2025 18:30,4.596191406,169.1943999
11/24/2025 18:45,64.15539551,170.4018963
11/24/2025 19:00,66.53942871,171.6093926
11/24/2025 19:15,40.02270508,172.8168889
11/24/2025 19:30,56.67614746,174.0243852
11/24/2025 19:45,62.6739502,175.2318816
11/24/2025 20:00,36.89672852,176.4393779
11/24/2025 20:15,67.39025879,177.6468742
11/24/2025 20:30,56.36694336,178.8543705
11/24/2025 20:45,55.77905273,180.0618669
11/24/2025 21:00,54.18994141,181.2693632
11/24/2025 21:15,50.54663086,182.4768595
11/24/2025 21:30,57.54296875,183.6843558
11/24/2025 21:45,31.2088623,184.8918522
11/24/2025 22:00,45.27246094,186.0993485
11/24/2025 22:15,47.41833496,187.3068448
11/24/2025 22:30,98.03320313,188.5143411
11/24/2025 22:45,106.5114746,189.7218375
11/24/2025 23:00,45.68823242,190.9293338
11/24/2025 23:15,103.3291016,192.1368301
11/24/2025 23:30,83.90380859,193.3443264
11/24/2025 23:45,67.55493164,194.5518228
11/25/2025 0:00,77.25195313,195.7593191
11/25/2025 0:15,98.00048828,196.9668154
11/25/2025 0:30,75.99023438,198.1743117
11/25/2025 0:45,59.33410645,199.3818081
11/25/2025 1:00,74.83508301,200.5893044
11/25/2025 1:15,100.8465576,201.7968007
11/25/2025 1:30,95.42370605,203.004297
11/25/2025 1:45,126.5964355,204.2117934
11/25/2025 2:00,81.94177246,205.4192897
11/25/2025 2:15,115.9476318,206.626786
11/25/2025 2:30,70.0333252,207.8342823
11/25/2025 2:45,94.15319824,209.0417787
11/25/2025 3:00,103.3931885,210.249275
11/25/2025 3:15,36.96240234,211.4567713
11/25/2025 3:30,79.27880859,212.6642676
11/25/2025 3:45,91.03491211,213.871764
11/25/2025 4:00,107.9838867,215.0792603
11/25/2025 4:15,121.9085693,216.2867566
11/25/2025 4:30,111.5871582,217.4942529
11/25/2025 4:45,99.95800781,218.7017493
11/25/2025 5:00,161.3807373,219.9092456
11/25/2025 5:15,75.1595459,221.1167419
11/25/2025 5:30,114.7700195,222.3242382
11/25/2025 5:45,135.395752,223.5317346
11/25/2025 6:00,125.5172119,224.7392309
11/25/2025 6:15,151.1196289,225.9467272
11/25/2025 6:30,167.9407959,227.1542235
11/25/2025 6:45,123.1942139,228.3617199
11/25/2025 7:00,139.5454102,229.5692162
11/25/2025 7:15,97.15563965,230.7767125
11/25/2025 7:30,118.0343018,231.9842088
11/25/2025 7:45,146.8151855,233.1917052
11/25/2025 8:00,138.605835,234.3992015
11/25/2025 8:15,170.5670166,235.6066978
11/25/2025 8:30,151.3763428,236.8141941
11/25/2025 8:45,174.4761963,238.7058928
11/25/2025 9:00,161.8244629,240.646463
11/25/2025 9:15,108.5070801,242.5870333
11/25/2025 9:30,211.2227783,244.5276035
11/25/2025 9:45,157.3199463,246.4681738
11/25/2025 10:00,186.4147949,248.408744
11/25/2025 10:15,191.1397705,250.3493142
11/25/2025 10:30,173.3709717,252.2898845
11/25/2025 10:45,185.9614258,254.2304547
11/25/2025 11:00,221.5802002,256.1710249
11/25/2025 11:15,133.9147949,258.1115952
11/25/2025 11:30,189.3999023,260.0521654
11/25/2025 11:45,228.8343506,261.9927357
11/25/2025 12:00,218.9575195,263.9333059
11/25/2025 12:15,240.4884033,265.8738762
11/25/2025 12:30,190.3250732,267.8144464
11/25/2025 12:45,219.4519043,269.7550166
11/25/2025 13:00,213.7043457,271.6955869
11/25/2025 13:15,179.3193359,273.6361571
11/25/2025 13:30,211.8824463,275.5767274
11/25/2025 13:45,221.6817627,277.5172976
11/25/2025 14:00,230.1776123,279.4578678
11/25/2025 14:15,200.9492188,281.3984381
11/25/2025 14:30,226.8299561,283.3390083
11/25/2025 14:45,204.6210938,285.2795785
11/25/2025 15:00,251.0267334,287.2201488
11/25/2025 15:15,230.7355957,289.160719
11/25/2025 15:30,185.3374023,291.1012893
11/25/2025 15:45,207.5002441,293.0418595
11/25/2025 16:00,193.467041,294.9824298
11/25/2025 16:15,139.9073486,296.923
11/25/2025 16:30,229.0716553,298.8635702
11/25/2025 16:45,243.8659668,300.8041405
11/25/2025 17:00,227.0848389,302.7447107
11/25/2025 17:15,158.3297119,304.685281
11/25/2025 17:30,250.2235107,306.6258512
11/25/2025 17:45,279.9080811,308.5664214
11/25/2025 18:00,241.6899414,310.5069917
11/25/2025 18:15,231.8728027,312.4475619
11/25/2025 18:30,221.1815186,314.3881321
11/25/2025 18:45,265.755127,316.3287024
11/25/2025 19:00,252.3061523,318.2692726
11/25/2025 19:15,256.5808105,320.2098429
11/25/2025 19:30,263.7404785,322.1504131
11/25/2025 19:45,250.3170166,324.0909834
11/25/2025 20:00,250.2279053,326.0315536
11/25/2025 20:15,253.9912109,327.9721238
11/25/2025 20:30,281.583252,329.9126941
11/25/2025 20:45,229.5841064,331.8532643
11/25/2025 21:00,278.307251,333.7938346
11/25/2025 21:15,256.333252,335.7344048
11/25/2025 21:30,261.0175781,337.674975
11/25/2025 21:45,293.4306641,339.6155453
11/25/2025 22:00,298.7402344,341.5561155
11/25/2025 22:15,312.8861084,343.4966858
11/25/2025 22:30,229.0172119,345.437256
11/25/2025 22:45,286.2036133,347.3778262
11/25/2025 23:00,270.6768799,349.3183965
11/25/2025 23:15,291.2106934,351.2589667
11/25/2025 23:30,329.5198975,353.199537
11/25/2025 23:45,274.5249023,355.1401072
11/26/2025 0:00,291.4000244,357.0806774
11/26/2025 0:15,304.1088867,359.0212477
11/26/2025 0:30,278.1657715,360.9618179
11/26/2025 0:45,285.732666,362.9023882
11/26/2025 1:00,277.8934326,364.8429584
11/26/2025 1:15,284.9326172,366.7835286
11/26/2025 1:30,314.0109863,368.7240989
11/26/2025 1:45,290.1099854,370.6646691
11/26/2025 2:00,271.8511963,372.6052394
11/26/2025 2:15,268.37854,374.5458096
11/26/2025 2:30,283.675293,376.4863798
11/26/2025 2:45,278.4475098,378.4269501
11/26/2025 3:00,282.9421387,380.3675203
11/26/2025 3:15,375.8104248,382.3080906
11/26/2025 3:30,324.7081299,384.2486608
11/26/2025 3:45,348.4769287,386.189231
11/26/2025 4:00,293.9050293,388.1298013
11/26/2025 4:15,343.6357422,390.0703715
11/26/2025 4:30,319.6405029,392.0109418
11/26/2025 4:45,290.6062012,393.951512
11/26/2025 5:00,303.1394043,395.8920822
11/26/2025 5:15,366.0964355,397.8326525
11/26/2025 5:30,356.3446045,399.7732227
11/26/2025 5:45,347.8458252,401.713793
11/26/2025 6:00,366.1710205,403.6543632
11/26/2025 6:15,363.5854492,405.5949334
11/26/2025 6:30,319.4129639,407.5355037
11/26/2025 6:45,403.9567871,409.4760739
11/26/2025 7:00,359.0518799,411.4166442
11/26/2025 7:15,314.8596191,413.3572144
11/26/2025 7:30,343.996582,415.2977846
11/26/2025 7:45,390.7890625,417.2383549
11/26/2025 8:00,418.4516602,419.1789251
11/26/2025 8:15,347.5946045,421.1194954
11/26/2025 8:30,348.4648438,423.0600656
11/26/2025 8:45,366.7927246,425.9094263
11/26/2025 9:00,411.0612793,429.0892563
11/26/2025 9:15,422.2047119,432.2690862
11/26/2025 9:30,453.0531006,435.4489162
11/26/2025 9:45,485.6320801,438.6287461
11/26/2025 10:00,420.439209,441.8085761
11/26/2025 10:15,448.0344238,444.988406
11/26/2025 10:30,425.7941895,448.168236
11/26/2025 10:45,454.8349609,451.348066
11/26/2025 11:00,467.3763428,454.5278959
11/26/2025 11:15,401.1702881,457.7077259
11/26/2025 11:30,499.6843262,460.8875558
11/26/2025 11:45,451.1386719,464.0673858
11/26/2025 12:00,460.1114502,467.2472157
11/26/2025 12:15,465.685791,470.4270457
11/26/2025 12:30,418.7807617,473.6068756
11/26/2025 12:45,461.414917,476.7867056
11/26/2025 13:00,513.9696045,479.9665356
11/26/2025 13:15,485.4327393,483.1463655
11/26/2025 13:30,576.8483887,486.3261955
11/26/2025 13:45,529.2626953,489.5060254
11/26/2025 14:00,476.4249268,492.6858554
11/26/2025 14:15,424.9688721,495.8656853
11/26/2025 14:30,460.9858398,499.0455153
11/26/2025 14:45,460.8796387,502.2253452
11/26/2025 15:00,493.9824219,505.4051752
11/26/2025 15:15,455.2199707,508.5850051
11/26/2025 15:30,490.9891357,511.7648351
11/26/2025 15:45,463.3482666,514.944665
11/26/2025 16:00,536.9112549,518.124495
11/26/2025 16:15,497.2611084,521.3043249
11/26/2025 16:30,483.1810303,524.4841549
11/26/2025 16:45,511.2070313,527.6639849
11/26/2025 17:00,449.7574463,530.8438148
11/26/2025 17:15,475.9106445,534.0236448
11/26/2025 17:30,448.9797363,537.2034747
11/26/2025 17:45,469.6668701,540.3833047
11/26/2025 18:00,531.9016113,543.5631346
11/26/2025 18:15,524.706543,546.7429646
11/26/2025 18:30,484.8006592,549.9227945
11/26/2025 18:45,476.9711914,553.1026245
11/26/2025 19:00,545.7015381,556.2824545
11/26/2025 19:15,475.9150391,559.4622844
11/26/2025 19:30,494.2524414,562.6421144
11/26/2025 19:45,475.8742676,565.8219443
11/26/2025 20:00,561.5571289,569.0017743
11/26/2025 20:15,537.3843994,572.1816042
11/26/2025 20:30,527.6230469,575.3614342
11/26/2025 20:45,478.21521,578.5412641
11/26/2025 21:00,494.4876709,581.7210941
11/26/2025 21:15,438.2617188,584.9009241
11/26/2025 21:30,533.175293,588.080754
11/26/2025 21:45,492.0032959,591.260584
11/26/2025 22:00,523.0340576,594.4404139
11/26/2025 22:15,517.1231689,597.6202439
11/26/2025 22:30,539.888916,600.8000738
11/26/2025 22:45,549.7381592,603.9799038
11/26/2025 23:00,546.8720703,607.1597337
11/26/2025 23:15,577.1346436,610.3395637
11/26/2025 23:30,516.77771,613.5193937
11/26/2025 23:45,615.6624756,616.6992236
11/27/2025 0:00,544.1496582,619.8790536
11/27/2025 0:15,530.3719482,623.0588835
11/27/2025 0:30,529.8126221,626.2387135
11/27/2025 0:45,554.4973145,629.4185434
11/27/2025 1:00,614.5263062,632.5983734
11/27/2025 1:15,583.5257568,635.7782033
11/27/2025 1:30,607.8200684,638.9580333
11/27/2025 1:45,629.3547974,642.1378633
11/27/2025 2:00,675.8977661,645.3176932
11/27/2025 2:15,607.9742432,648.4975232
11/27/2025 2:30,571.9926758,651.6773531
11/27/2025 2:45,598.3797607,654.8571831
11/27/2025 3:00,589.7008057,658.037013
11/27/2025 3:15,513.336792,661.216843
11/27/2025 3:30,616.9926758,664.3966729
11/27/2025 3:45,607.9975586,667.5765029
11/27/2025 4:00,608.5625,670.7563329
11/27/2025 4:15,617.0419312,673.9361628
11/27/2025 4:30,622.8995361,677.1159928
11/27/2025 4:45,631.8375244,680.2958227
11/27/2025 5:00,602.3459473,683.4756527
11/27/2025 5:15,681.6627808,686.6554826
11/27/2025 5:30,604.5031738,689.8353126
11/27/2025 5:45,651.2057495,693.0151425
11/27/2025 6:00,638.6403809,696.1949725
11/27/2025 6:15,620.2246094,699.3748025
11/27/2025 6:30,648.204834,702.5546324
11/27/2025 6:45,648.1897583,705.7344624
11/27/2025 7:00,632.8101807,708.9142923
11/27/2025 7:15,662.5984497,712.0941223
11/27/2025 7:30,665.5284424,715.2739522
11/27/2025 7:45,663.8899536,718.4537822
11/27/2025 8:00,621.6312256,721.6336121
11/27/2025 8:15,670.9257813,724.8134421
11/27/2025 8:30,699.5444336,727.9932721
11/27/2025 8:45,680.1146851,731.173102
11/27/2025 9:00,631.6437988,734.352932
11/27/2025 9:15,625.0822754,737.5327619
11/27/2025 9:30,619.8766479,741.0815124
11/27/2025 9:45,628.5898438,744.87621
11/27/2025 10:00,683.2407227,748.6709075
11/27/2025 10:15,674.135376,752.465605
11/27/2025 10:30,700.7537842,756.2603026
11/27/2025 10:45,649.6119385,760.0550001
11/27/2025 11:00,712.5674438,763.8496976
11/27/2025 11:15,608.5183105,767.6443952
11/27/2025 11:30,679.3328247,771.4390927
11/27/2025 11:45,629.4237671,775.2337902
11/27/2025 12:00,634.2870483,779.0284878
11/27/2025 12:15,703.8746948,782.8231853
11/27/2025 12:30,763.8788452,786.6178828
11/27/2025 12:45,645.574646,790.4125804
11/27/2025 13:00,630.5070801,794.2072779
11/27/2025 13:15,702.7105103,798.0019754
11/27/2025 13:30,644.3453979,801.796673
11/27/2025 13:45,693.2565918,805.5913705
11/27/2025 14:00,683.4472046,809.386068
11/27/2025 14:15,712.2402344,813.1807656
11/27/2025 14:30,714.4309082,816.9754631
11/27/2025 14:45,713.1670532,820.7701606
11/27/2025 15:00,628.0407715,824.5648582
11/27/2025 15:15,727.8950806,828.3595557
11/27/2025 15:30,659.3279419,832.1542532
11/27/2025 15:45,723.8673706,835.9489508
11/27/2025 16:00,712.5592651,839.7436483
11/27/2025 16:15,797.3258057,843.5383458
11/27/2025 16:30,788.87323,847.3330434
11/27/2025 16:45,772.8710327,851.1277409
11/27/2025 17:00,765.0692139,854.9224384
11/27/2025 17:15,782.8150635,858.717136
11/27/2025 17:30,744.8928223,862.5118335
11/27/2025 17:45,716.3631592,866.306531
11/27/2025 18:00,728.3863525,870.1012286
11/27/2025 18:15,755.9752197,873.8959261
11/27/2025 18:30,738.3251343,877.6906236
11/27/2025 18:45,724.4018555,881.4853212
11/27/2025 19:00,813.9596558,885.2800187
11/27/2025 19:15,766.0565186,889.0747163
11/27/2025 19:30,767.944519,892.8694138
11/27/2025 19:45,777.8119507,896.6641113
11/27/2025 20:00,747.8171997,900.4588089
11/27/2025 20:15,806.6585083,904.2535064
11/27/2025 20:30,813.1593018,908.0482039
11/27/2025 20:45,794.2918701,911.8429015
11/27/2025 21:00,763.736084,915.637599
11/27/2025 21:15,854.3660278,919.4322966
11/27/2025 21:30,819.6558228,923.2269941
11/27/2025 21:45,764.5952759,927.0216916
11/27/2025 22:00,813.6668701,930.8163892
11/27/2025 22:15,813.5511475,934.6110867
11/27/2025 22:30,842.9908447,938.4057842
11/27/2025 22:45,842.0366211,942.2004818
11/27/2025 23:00,844.5357056,945.9951793
11/27/2025 23:15,832.4401245,949.7898768
11/27/2025 23:30,864.4057007,953.5845744
11/27/2025 23:45,810.9470215,957.3792719
11/28/2025 0:00,854.5043335,961.1739694
11/28/2025 0:15,873.3883057,964.968667
11/28/2025 0:30,816.6414185,968.7633645
11/28/2025 0:45,886.1294556,972.558062
11/28/2025 1:00,852.1095581,976.3527596
11/28/2025 1:15,900.1567383,980.1474571
11/28/2025 1:30,832.894165,983.9421546
11/28/2025 1:45,923.7041626,987.7368522
11/28/2025 2:00,863.8556519,991.5315497
11/28/2025 2:15,846.3671265,995.3262472
11/28/2025 2:30,836.2403564,999.1209448
11/28/2025 2:45,899.0514526,1002.915642
11/28/2025 3:00,878.2594604,1006.71034
11/28/2025 3:15,906.4414063,1010.505037
11/28/2025 3:30,968.5623779,1014.299735
11/28/2025 3:45,894.9926147,1018.094432
11/28/2025 4:00,912.3157349,1021.88913
11/28/2025 4:15,867.8919067,1025.683827
11/28/2025 4:30,845.3119507,1029.478525
11/28/2025 4:45,912.2270508,1033.273223
11/28/2025 5:00,923.5585938,1037.06792
11/28/2025 5:15,916.7442627,1040.862618
11/28/2025 5:30,967.6286621,1044.657315
11/28/2025 5:45,934.0664673,1048.452013
11/28/2025 6:00,978.5166016,1052.24671
11/28/2025 6:15,957.5754395,1056.041408
11/28/2025 6:30,975.2177734,1059.836105
11/28/2025 6:45,946.4623413,1063.630803
11/28/2025 7:00,956.008728,1067.4255
11/28/2025 7:15,938.465332,1071.220198
11/28/2025 7:30,983.7816772,1075.014895
11/28/2025 7:45,974.9262695,1078.809593
11/28/2025 8:00,962.3514404,1082.604291
11/28/2025 8:15,973.3121948,1086.398988
11/28/2025 8:30,984.7932129,1090.193686
11/28/2025 8:45,994.0095825,1093.988383
11/28/2025 9:00,1041.570801,1097.783081
11/28/2025 9:15,948.4238281,1102.510972
11/28/2025 9:30,908.9250488,1107.578206
11/28/2025 9:45,1069.337524,1112.64544
11/28/2025 10:00,1087.066162,1117.712674
11/28/2025 10:15,1097.378662,1122.779908
11/28/2025 10:30,1047.436035,1127.847142
11/28/2025 10:45,1131.611572,1132.914376
11/28/2025 11:00,1093.302246,1137.98161
11/28/2025 11:15,1124.59314,1143.048844
11/28/2025 11:30,986.8635864,1148.116078
11/28/2025 11:45,1142.850342,1153.183312
11/28/2025 12:00,1076.627319,1158.250547
11/28/2025 12:15,1143.230713,1163.317781
11/28/2025 12:30,1087.21936,1168.385015
11/28/2025 12:45,1158.785156,1173.452249
11/28/2025 13:00,1180.175415,1178.519483
11/28/2025 13:15,1178.383423,1183.586717
11/28/2025 13:30,1090.799805,1188.653951
11/28/2025 13:45,1106.295654,1193.721185
11/28/2025 14:00,1171.426147,1198.788419
11/28/2025 14:15,1118.791626,1203.855653
11/28/2025 14:30,1136.250244,1208.922887
11/28/2025 14:45,1158.261353,1213.990122
11/28/2025 15:00,1074.138184,1219.057356
11/28/2025 15:15,1211.446045,1224.12459
11/28/2025 15:30,1179.372437,1229.191824
11/28/2025 15:45,1139.644165,1234.259058
11/28/2025 16:00,1135.235962,1239.326292
11/28/2025 16:15,1254.356812,1244.393526
11/28/2025 16:30,1198.492065,1249.46076
11/28/2025 16:45,1246.250488,1254.527994
11/28/2025 17:00,1175.357178,1259.595228
11/28/2025 17:15,1237.334473,1264.662462
11/28/2025 17:30,1187.64624,1269.729696
11/28/2025 17:45,1188.406616,1274.796931
11/28/2025 18:00,1217.138306,1279.864165
11/28/2025 18:15,1212.178223,1284.931399
11/28/2025 18:30,1124.405273,1289.998633
11/28/2025 18:45,1211.557129,1295.065867
11/28/2025 19:00,1237.895752,1300.133101
11/28/2025 19:15,1178.070068,1305.200335
11/28/2025 19:30,1259.084595,1310.267569
11/28/2025 19:45,1183.636963,1315.334803
11/28/2025 20:00,1259.078003,1320.402037
11/28/2025 20:15,1227.736084,1325.469271
11/28/2025 20:30,1292.802979,1330.536505
11/28/2025 20:45,1291.839355,1335.60374
11/28/2025 21:00,1283.942139,1340.670974
11/28/2025 21:15,1325.842041,1345.738208
11/28/2025 21:30,1277.619873,1350.805442
11/28/2025 21:45,1237.838379,1355.872676
11/28/2025 22:00,1282.786621,1360.93991
11/28/2025 22:15,1288.794556,1366.007144
11/28/2025 22:30,1230.12793,1371.074378
11/28/2025 22:45,1327.333984,1376.141612
11/28/2025 23:00,1358.454834,1381.208846
11/28/2025 23:15,1308.715942,1386.27608
11/28/2025 23:30,1301.940918,1391.343315
11/28/2025 23:45,1271.602295,1396.410549
11/29/2025 0:00,1323.7229,1401.477783
11/29/2025 0:15,1364.938232,1406.545017
11/29/2025 0:30,1279.061768,1411.612251
11/29/2025 0:45,1325.975586,1416.679485
11/29/2025 1:00,1419.121216,1421.746719
11/29/2025 1:15,1362.176758,1426.813953
11/29/2025 1:30,1358.351074,1431.881187
11/29/2025 1:45,1369.623413,1436.948421
11/29/2025 2:00,1343.139282,1442.015655
11/29/2025 2:15,1366.103149,1447.082889
11/29/2025 2:30,1362.787231,1452.150124
11/29/2025 2:45,1393.0177,1457.217358
11/29/2025 3:00,1379.483887,1462.284592
11/29/2025 3:15,1375.7229,1467.351826
11/29/2025 3:30,1383.88208,1472.41906
11/29/2025 3:45,1394.985596,1477.486294
11/29/2025 4:00,1415.302734,1482.553528
11/29/2025 4:15,1429.055786,1487.620762
11/29/2025 4:30,1371.91626,1492.687996
11/29/2025 4:45,1424.261597,1497.75523
11/29/2025 5:00,1400.626587,1502.822464
11/29/2025 5:15,1334.072388,1507.889698
11/29/2025 5:30,1390.367676,1512.956933
11/29/2025 5:45,1462.87915,1518.024167
11/29/2025 6:00,1445.255981,1523.091401
11/29/2025 6:15,1442.474487,1528.158635
11/29/2025 6:30,1353.102051,1533.225869
11/29/2025 6:45,1411.293823,1538.293103
11/29/2025 7:00,1419.723267,1543.360337
11/29/2025 7:15,1449.890137,1548.427571
11/29/2025 7:30,1379.624512,1553.494805
11/29/2025 7:45,1430.759277,1558.562039
11/29/2025 8:00,1448.536011,1563.629273
11/29/2025 8:15,1448.567017,1568.696507
11/29/2025 8:30,1462.368164,1573.763742
11/29/2025 8:45,1401.625977,1578.402156
11/29/2025 9:00,1458.106079,1582.39734
11/29/2025 9:15,1513.343018,1586.392524
11/29/2025 9:30,1410.731689,1590.387708
11/29/2025 9:45,1470.511353,1594.382892
11/29/2025 10:00,1380.259033,1598.378076
11/29/2025 10:15,1460.12561,1602.37326
11/29/2025 10:30,1375.308838,1606.368444
11/29/2025 10:45,1523.07019,1610.363628
11/29/2025 11:00,1442.595337,1614.358812
11/29/2025 11:15,1378.358643,1618.353997
11/29/2025 11:30,1528.372559,1622.349181
11/29/2025 11:45,1468.724609,1626.344365
11/29/2025 12:00,1497.031128,1630.339549
11/29/2025 12:15,1468.320068,1634.334733
11/29/2025 12:30,1480.193604,1638.329917
11/29/2025 12:45,1439.903198,1642.325101
11/29/2025 13:00,1510.51123,1646.320285
11/29/2025 13:15,1539.413452,1650.315469
11/29/2025 13:30,1473.016235,1654.310653
11/29/2025 13:45,1560.646484,1658.305838
11/29/2025 14:00,1493.292969,1662.301022
11/29/2025 14:15,1544.516724,1666.296206
11/29/2025 14:30,1479.354492,1670.29139
11/29/2025 14:45,1518.749146,1674.286574
11/29/2025 15:00,1458.325195,1678.281758
11/29/2025 15:15,1573.074707,1682.276942
11/29/2025 15:30,1452.44104,1686.272126
11/29/2025 15:45,1566.954346,1690.26731
11/29/2025 16:00,1631.989258,1694.262494
11/29/2025 16:15,1563.149658,1698.257678
11/29/2025 16:30,1522.843262,1702.252863
11/29/2025 16:45,1548.321655,1706.248047
11/29/2025 17:00,1535.754639,1710.243231
11/29/2025 17:15,1577.482178,1714.238415
11/29/2025 17:30,1607.411377,1718.233599
11/29/2025 17:45,1544.997803,1722.228783
11/29/2025 18:00,1510.769409,1726.223967
11/29/2025 18:15,1559.382813,1730.219151
11/29/2025 18:30,1581.391968,1734.214335
11/29/2025 18:45,1571.027466,1738.209519
11/29/2025 19:00,1554.423706,1742.204703
11/29/2025 19:15,1560.661865,1746.199888
11/29/2025 19:30,1650.286987,1750.195072
11/29/2025 19:45,1566.624634,1754.190256
11/29/2025 20:00,1539.115967,1758.18544
11/29/2025 20:15,1620.096924,1762.180624
11/29/2025 20:30,1652.176758,1766.175808
11/29/2025 20:45,1563.654297,1770.170992
11/29/2025 21:00,1637.963013,1774.166176
11/29/2025 21:15,1633.36084,1778.16136
11/29/2025 21:30,1587.327271,1782.156544
11/29/2025 21:45,1635.038452,1786.151728
11/29/2025 22:00,1738.337158,1790.146913
11/29/2025 22:15,1657.596802,1794.142097
11/29/2025 22:30,1650.448608,1798.137281
11/29/2025 22:45,1680.86792,1802.132465
11/29/2025 23:00,1559.553223,1806.127649
11/29/2025 23:15,1592.908691,1810.122833
11/29/2025 23:30,1703.669678,1814.118017
11/29/2025 23:45,1698.745605,1818.113201
11/30/2025 0:00,1596.286377,1822.108385
11/30/2025 0:15,1717.152588,1826.103569
11/30/2025 0:30,1696.167603,1830.098753
11/30/2025 0:45,1770.64624,1834.093938
11/30/2025 1:00,1623.964966,1838.089122
11/30/2025 1:15,1654.258057,1842.084306
11/30/2025 1:30,1762.036621,1846.07949
11/30/2025 1:45,1727.048096,1850.074674
11/30/2025 2:00,1772.418335,1854.069858
11/30/2025 2:15,1765.587646,1858.065042
11/30/2025 2:30,1820.659668,1862.060226
11/30/2025 2:45,1754.335083,1866.05541
11/30/2025 3:00,1785.489868,1870.050594
11/30/2025 3:15,1762.035156,1874.045779
11/30/2025 3:30,1745.496826,1878.040963
11/30/2025 3:45,1883.98999,1882.036147
11/30/2025 4:00,1700.82019,1886.031331
11/30/2025 4:15,1781.914551,1890.026515
11/30/2025 4:30,1730.734863,1894.021699
11/30/2025 4:45,1835.425537,1898.016883
11/30/2025 5:00,1835.618652,1902.012067
11/30/2025 5:15,1810.129639,1906.007251
11/30/2025 5:30,1801.326416,1910.002435
11/30/2025 5:45,1895.068237,1913.997619
11/30/2025 6:00,1948.45874,1917.992804
11/30/2025 6:15,1767.032837,1921.987988
11/30/2025 6:30,1909.532227,1925.983172
11/30/2025 6:45,1877.720093,1929.978356
11/30/2025 7:00,1946.107056,1933.97354
11/30/2025 7:15,2035.820801,1937.968724
11/30/2025 7:30,1914.301025,1941.963908
11/30/2025 7:45,1921.741943,1945.959092
11/30/2025 8:00,1982.713135,1949.954276
11/30/2025 8:15,1988.541504,1953.94946
11/30/2025 8:30,1895.988281,1957.944644
11/30/2025 8:45,1918.22522,1961.939829
11/30/2025 9:00,1890.088379,1965.999024
11/30/2025 9:15,1909.032593,1970.154238
11/30/2025 9:30,1884.522095,1974.309451
11/30/2025 9:45,1948.034912,1978.464665
11/30/2025 10:00,1881.339966,1982.619878
11/30/2025 10:15,1926.530029,1986.775092
11/30/2025 10:30,1969.827271,1990.930305
11/30/2025 10:45,2008.522217,1995.085519
11/30/2025 11:00,1961.169922,1999.240732
11/30/2025 11:15,1790.612915,2003.395946
11/30/2025 11:30,1920.11145,2007.55116
11/30/2025 11:45,1982.720581,2011.706373
11/30/2025 12:00,1960.051147,2015.861587
11/30/2025 12:15,1997.87207,2020.0168
11/30/2025 12:30,1912.547485,2024.172014
11/30/2025 12:45,1941.456055,2028.327227
11/30/2025 13:00,2004.403564,2032.482441
11/30/2025 13:15,1965.590088,2036.637654
11/30/2025 13:30,1895.19751,2040.792868
11/30/2025 13:45,1940.393066,2044.948081
11/30/2025 14:00,1848.438477,2049.103295
11/30/2025 14:15,2004.652222,2053.258508
11/30/2025 14:30,1864.579102,2057.413722
11/30/2025 14:45,1919.358887,2061.568935
11/30/2025 15:00,1934.31897,2065.724149
11/30/2025 15:15,1931.443604,2069.879362
11/30/2025 15:30,1942.320679,2074.034576
11/30/2025 15:45,1940.756836,2078.189789
11/30/2025 16:00,1929.308716,2082.345003
11/30/2025 16:15,1920.116943,2086.500216
11/30/2025 16:30,1971.102051,2090.65543
11/30/2025 16:45,2052.80835,2094.810643
11/30/2025 17:00,2055.17334,2098.965857
11/30/2025 17:15,1851.484131,2103.12107
11/30/2025 17:30,1882.108887,2107.276284
11/30/2025 17:45,1903.538086,2111.431497
11/30/2025 18:00,1946.805298,2115.586711
11/30/2025 18:15,1964.654053,2119.741924
11/30/2025 18:30,1941.205566,2123.897138
11/30/2025 18:45,1940.061768,2128.052351
11/30/2025 19:00,1913.446533,2132.207565
11/30/2025 19:15,1907.428589,2136.362778
11/30/2025 19:30,1875.003662,2140.517992
11/30/2025 19:45,1992.624023,2144.673205
11/30/2025 20:00,1923.212646,2148.828419
11/30/2025 20:15,1895.783325,2152.983632
11/30/2025 20:30,1925.021606,2157.138846
11/30/2025 20:45,1863.331177,2161.294059
11/30/2025 21:00,1916.075806,2165.449273
11/30/2025 21:15,1858.30127,2169.604486
11/30/2025 21:30,1920.225464,2173.7597
11/30/2025 21:45,1917.774536,2177.914913
11/30/2025 22:00,1861.641479,2182.070127
11/30/2025 22:15,1922.210938,2186.22534
11/30/2025 22:30,1962.000732,2190.380554
11/30/2025 22:45,1947.421875,2194.535767
11/30/2025 23:00,1866.019775,2198.690981
11/30/2025 23:15,1907.401123,2202.846194
11/30/2025 23:30,1891.761841,2207.001408
11/30/2025 23:45,1950.348999,2211.156621
12/1/2025 0:00,1950.343994,2215.311835
12/1/2025 0:15,1916.305664,2219.467048
12/1/2025 0:30,1883.15979,2223.622262
12/1/2025 0:45,1948.142212,2227.777475
12/1/2025 1:00,1922.440063,2231.932689
12/1/2025 1:15,1924.049438,2236.087902
12/1/2025 1:30,1894.953613,2240.243116
12/1/2025 1:45,1957.775879,2244.398329
12/1/2025 2:00,1950.886963,2248.553543
12/1/2025 2:15,2014.906006,2252.708756
12/1/2025 2:30,1991.197388,2256.86397
12/1/2025 2:45,2043.352661,2261.019183
12/1/2025 3:00,1965.081299,2265.174397
12/1/2025 3:15,1956.243652,2269.329611
12/1/2025 3:30,2021.32251,2273.484824
12/1/2025 3:45,2016.780273,2277.640038
12/1/2025 4:00,1987.266357,2281.795251
12/1/2025 4:15,2133.734619,2285.950465
12/1/2025 4:30,2067.650879,2290.105678
12/1/2025 4:45,1986.428345,2294.260892
12/1/2025 5:00,2044.025269,2298.416105
12/1/2025 5:15,2086.169434,2302.571319
12/1/2025 5:30,2082.435059,2306.726532
12/1/2025 5:45,2028.066895,2310.881746
12/1/2025 6:00,2047.06958,2315.036959
12/1/2025 6:15,2078.065918,2319.192173
12/1/2025 6:30,2102.566895,2323.347386
12/1/2025 6:45,2084.026123,2327.5026
12/1/2025 7:00,2120.779297,2331.657813
12/1/2025 7:15,2164.442627,2335.813027
12/1/2025 7:30,2139.941162,2339.96824
12/1/2025 7:45,2243.982666,2344.123454
12/1/2025 8:00,2151.666016,2348.278667
12/1/2025 8:15,2146.850342,2352.433881
12/1/2025 8:30,2241.455078,2356.589094
12/1/2025 8:45,2124.480957,2360.453215
12/1/2025 9:00,2211.835449,2363.152967
12/1/2025 9:15,2092.550049,2365.852719
12/1/2025 9:30,2184.832275,2368.55247
12/1/2025 9:45,2264.885254,2371.252222
12/1/2025 10:00,2267.328613,2373.951973
12/1/2025 10:15,2264.212402,2376.651725
12/1/2025 10:30,2252.958984,2379.351477
12/1/2025 10:45,2279.37915,2382.051228
12/1/2025 11:00,2278.734863,2384.75098
12/1/2025 11:15,2235.61377,2387.450732
12/1/2025 11:30,2285.265625,2390.150483
12/1/2025 11:45,2300.143555,2392.850235
12/1/2025 12:00,2337.765137,2395.549986
12/1/2025 12:15,2275.852539,2398.249738
12/1/2025 12:30,2280.059082,2400.94949
12/1/2025 12:45,2247.515381,2403.649241
12/1/2025 13:00,2326.504395,2406.348993
12/1/2025 13:15,2347.833008,2409.048745
12/1/2025 13:30,2310.060059,2411.748496
12/1/2025 13:45,2331.387695,2414.448248
12/1/2025 14:00,2324.431152,2417.147999
12/1/2025 14:15,2306.244141,2419.847751
12/1/2025 14:30,2223.533447,2422.547503
12/1/2025 14:45,2294.072754,2425.247254
12/1/2025 15:00,2310.609131,2427.947006
12/1/2025 15:15,2315.970703,2430.646758
12/1/2025 15:30,2322.094727,2433.346509
12/1/2025 15:45,2247.813721,2436.046261
12/1/2025 16:00,2203.171387,2438.746012
12/1/2025 16:15,2303.563965,2441.445764
12/1/2025 16:30,2260.359375,2444.145516
12/1/2025 16:45,2312.807617,2446.845267
12/1/2025 17:00,2397.651611,2449.545019
12/1/2025 17:15,2315.035889,2452.244771
12/1/2025 17:30,2365.789063,2454.944522
12/1/2025 17:45,2294.988281,2457.644274
12/1/2025 18:00,2308.431641,2460.344025
12/1/2025 18:15,2325.448975,2463.043777
12/1/2025 18:30,2173.080566,2465.743529
12/1/2025 18:45,2354.652832,2468.44328
12/1/2025 19:00,2274.711426,2471.143032
12/1/2025 19:15,2277.301758,2473.842784
12/1/2025 19:30,2346.631348,2476.542535
12/1/2025 19:45,2383.778564,2479.242287
12/1/2025 20:00,2364.036865,2481.942038
12/1/2025 20:15,2340.625977,2484.64179
12/1/2025 20:30,2474.395508,2487.341542
12/1/2025 20:45,2328.071289,2490.041293
12/1/2025 21:00,2322.328613,2492.741045
12/1/2025 21:15,2364.088379,2495.440797
12/1/2025 21:30,2297.239502,2498.140548
12/1/2025 21:45,2290.663818,2500.8403
12/1/2025 22:00,2349.717285,2503.540052
12/1/2025 22:15,2260.099609,2506.239803
12/1/2025 22:30,2320.42334,2508.939555
12/1/2025 22:45,2349.816162,2511.639306
12/1/2025 23:00,2322.017334,2514.339058
12/1/2025 23:15,2299.435059,2517.03881
12/1/2025 23:30,2370.817871,2519.738561
12/1/2025 23:45,2307.028076,2522.438313
12/2/2025 0:00,2367.536621,2525.138065
12/2/2025 0:15,2296.484863,2527.837816
12/2/2025 0:30,2305.98999,2530.537568
12/2/2025 0:45,2327.446289,2533.237319
12/2/2025 1:00,2317.492676,2535.937071
12/2/2025 1:15,2344.341797,2538.636823
12/2/2025 1:30,2293.620605,2541.336574
12/2/2025 1:45,2323.103271,2544.036326
12/2/2025 2:00,2326.605957,2546.736078
12/2/2025 2:15,2419.641602,2549.435829
12/2/2025 2:30,2392.822021,2552.135581
12/2/2025 2:45,2327.385742,2554.835332
12/2/2025 3:00,2322.870117,2557.535084
12/2/2025 3:15,2260.755127,2560.234836
12/2/2025 3:30,2347.965576,2562.934587
12/2/2025 3:45,2301.889893,2565.634339
12/2/2025 4:00,2421.368164,2568.334091
12/2/2025 4:15,2368.308594,2571.033842
12/2/2025 4:30,2409.346436,2573.733594
12/2/2025 4:45,2406.899414,2576.433345
12/2/2025 5:00,2406.041504,2579.133097
12/2/2025 5:15,2360.455078,2581.832849
12/2/2025 5:30,2407.932617,2584.5326
12/2/2025 5:45,2418.949219,2587.232352
12/2/2025 6:00,2301.669434,2589.932104
12/2/2025 6:15,2410.30957,2592.631855
12/2/2025 6:30,2293.598145,2595.331607
12/2/2025 6:45,2370.760986,2598.031358
12/2/2025 7:00,2427.984131,2600.73111
12/2/2025 7:15,2397.79126,2603.430862
12/2/2025 7:30,2433.833984,2606.130613
12/2/2025 7:45,2371.677246,2608.830365
12/2/2025 8:00,2422.286865,2611.530117
12/2/2025 8:15,2407.614502,2614.229868
12/2/2025 8:30,2338.062012,2616.92962
12/2/2025 8:45,2378.45166,2619.647305
12/2/2025 9:00,2394.780762,2622.616062
12/2/2025 9:15,2374.640137,2625.584818
12/2/2025 9:30,2454.938477,2628.553575
12/2/2025 9:45,2433.327148,2631.522331
12/2/2025 10:00,2408.052246,2634.491088
12/2/2025 10:15,2464.785156,2637.459845
12/2/2025 10:30,2446.648682,2640.428601
12/2/2025 10:45,2393.466309,2643.397358
12/2/2025 11:00,2363.082275,2646.366114
12/2/2025 11:15,2491.086426,2649.334871
12/2/2025 11:30,2446.511719,2652.303627
12/2/2025 11:45,2447.734863,2655.272384
12/2/2025 12:00,2427.135254,2658.241141
12/2/2025 12:15,2393.818848,2661.209897
12/2/2025 12:30,2446.889893,2664.178654
12/2/2025 12:45,2367.884277,2667.14741
12/2/2025 13:00,2386.801514,2670.116167
12/2/2025 13:15,2449.943359,2673.084923
12/2/2025 13:30,2394.355469,2676.05368
12/2/2025 13:45,2424.464844,2679.022437
12/2/2025 14:00,2463.777832,2681.991193
12/2/2025 14:15,2437.388428,2684.95995
12/2/2025 14:30,2461.702148,2687.928706
12/2/2025 14:45,2431.037842,2690.897463
12/2/2025 15:00,2353.413086,2693.86622
12/2/2025 15:15,2414.320313,2696.834976
12/2/2025 15:30,2465.49707,2699.803733
12/2/2025 15:45,2431.905273,2702.772489
12/2/2025 16:00,2478.592285,2705.741246
12/2/2025 16:15,2418.506592,2708.710002
12/2/2025 16:30,2460.966064,2711.678759
12/2/2025 16:45,2419.694824,2714.647516
12/2/2025 17:00,2313.862305,2717.616272
12/2/2025 17:15,2421.960938,2720.585029
12/2/2025 17:30,2422.175781,2723.553785
12/2/2025 17:45,2490.753418,2726.522542
12/2/2025 18:00,2428.445801,2729.491298
12/2/2025 18:15,2493.51709,2732.460055
12/2/2025 18:30,2346.616211,2735.428812
12/2/2025 18:45,2335.469482,2738.397568
12/2/2025 19:00,2324.099854,2741.366325
12/2/2025 19:15,2347.259521,2744.335081
12/2/2025 19:30,2349.127441,2747.303838
12/2/2025 19:45,2400.185791,2750.272595
12/2/2025 20:00,2374.924072,2753.241351
12/2/2025 20:15,2398.607666,2756.210108
12/2/2025 20:30,2419.867432,2759.178864
12/2/2025 20:45,2489.473145,2762.147621
12/2/2025 21:00,2400.378174,2765.116377
12/2/2025 21:15,2336.081055,2768.085134
12/2/2025 21:30,2309.450439,2771.053891
12/2/2025 21:45,2417.726074,2774.022647
12/2/2025 22:00,2524.817627,2776.991404
12/2/2025 22:15,2462.231934,2779.96016
12/2/2025 22:30,2386.175781,2782.928917
12/2/2025 22:45,2352.216064,2785.897673
12/2/2025 23:00,2361.995605,2788.86643
12/2/2025 23:15,2397.37207,2791.835187
12/2/2025 23:30,2444.731689,2794.803943
12/2/2025 23:45,2457.790771,2797.7727
12/3/2025 0:00,2454.358887,2800.741456
12/3/2025 0:15,2461.350586,2803.710213
12/3/2025 0:30,2375.840332,2806.678969
12/3/2025 0:45,2510.132568,2809.647726
12/3/2025 1:00,2400.663086,2812.616483
12/3/2025 1:15,2429.276123,2815.585239
12/3/2025 1:30,2407.438965,2818.553996
12/3/2025 1:45,2340.144531,2821.522752
12/3/2025 2:00,2511.859619,2824.491509
12/3/2025 2:15,2436.906982,2827.460266
12/3/2025 2:30,2459.192871,2830.429022
12/3/2025 2:45,2407.42749,2833.397779
12/3/2025 3:00,2396.083496,2836.366535
12/3/2025 3:15,2448.718994,2839.335292
12/3/2025 3:30,2453.911865,2842.304048
12/3/2025 3:45,2422.188232,2845.272805
12/3/2025 4:00,2440.049805,2848.241562
12/3/2025 4:15,2439.167969,2851.210318
12/3/2025 4:30,2446.792725,2854.179075
12/3/2025 4:45,2494.088867,2857.147831
12/3/2025 5:00,2413.325928,2860.116588
12/3/2025 5:15,2370.066406,2863.085344
12/3/2025 5:30,2444.856445,2866.054101
12/3/2025 5:45,2429.224609,2869.022858
12/3/2025 6:00,2512.052002,2871.991614
12/3/2025 6:15,2429.161377,2874.960371
12/3/2025 6:30,2434.440186,2877.929127
12/3/2025 6:45,2536.602295,2880.897884
12/3/2025 7:00,2434.362305,2883.86664
12/3/2025 7:15,2500.980225,2886.835397
12/3/2025 7:30,2517.271484,2889.804154
12/3/2025 7:45,2445.086426,2892.77291
12/3/2025 8:00,2472.530518,2895.741667
12/3/2025 8:15,2467.185059,2898.710423
12/3/2025 8:30,2595.622314,2901.67918
12/3/2025 8:45,2496.693359,2904.647937
12/3/2025 9:00,2543.286133,2907.550945
12/3/2025 9:15,2527.47583,2909.533484
12/3/2025 9:30,2569.487305,2911.516023
12/3/2025 9:45,2486.283691,2913.498562
12/3/2025 10:00,2502.666992,2915.4811
12/3/2025 10:15,2482.072266,2917.463639
12/3/2025 10:30,2486.802002,2919.446178
12/3/2025 10:45,2527.069824,2921.428717
12/3/2025 11:00,2558.70166,2923.411256
12/3/2025 11:15,2518.432617,2925.393794
12/3/2025 11:30,2520.591064,2927.376333
12/3/2025 11:45,2473.000977,2929.358872
12/3/2025 12:00,2447.063721,2931.341411
12/3/2025 12:15,2519.314453,2933.32395
12/3/2025 12:30,2444.765137,2935.306488
12/3/2025 12:45,2485.342285,2937.289027
12/3/2025 13:00,2571.732422,2939.271566
12/3/2025 13:15,2546.889648,2941.254105
12/3/2025 13:30,2462.194336,2943.236643
12/3/2025 13:45,2566.76123,2945.219182
12/3/2025 14:00,2676.263672,2947.201721
12/3/2025 14:15,2564.831055,2949.18426
12/3/2025 14:30,2554.638428,2951.166799
12/3/2025 14:45,2644.490723,2953.149337
12/3/2025 15:00,2523.356934,2955.131876
12/3/2025 15:15,2618.695801,2957.114415
12/3/2025 15:30,2576.427246,2959.096954
12/3/2025 15:45,2631.352539,2961.079493
12/3/2025 16:00,2627.70752,2963.062031
12/3/2025 16:15,2662.672852,2965.04457
12/3/2025 16:30,2713.53418,2967.027109
12/3/2025 16:45,2630.558105,2969.009648
12/3/2025 17:00,2598.550537,2970.992186
12/3/2025 17:15,2698.724609,2972.974725
12/3/2025 17:30,2594.834961,2974.957264
12/3/2025 17:45,2597.678711,2976.939803
12/3/2025 18:00,2554.79541,2978.922342
12/3/2025 18:15,2592.993164,2980.90488
12/3/2025 18:30,2644.312744,2982.887419
12/3/2025 18:45,2571.885254,2984.869958
12/3/2025 19:00,2645.195313,2986.852497
12/3/2025 19:15,2662.572021,2988.835036
12/3/2025 19:30,2665.660889,2990.817574
12/3/2025 19:45,2621.174316,2992.800113
12/3/2025 20:00,2668.992188,2994.782652
12/3/2025 20:15,2757.569092,2996.765191
12/3/2025 20:30,2669.630615,2998.74773
12/3/2025 20:45,2553.101074,3000.730268
12/3/2025 21:00,2651.812256,3002.712807
12/3/2025 21:15,2553.060059,3004.695346
12/3/2025 21:30,2763.017578,3006.677885
12/3/2025 21:45,2647.297363,3008.660423
12/3/2025 22:00,2642.548828,3010.642962
12/3/2025 22:15,2761.171631,3012.625501
12/3/2025 22:30,2667.777344,3014.60804
12/3/2025 22:45,2639.11377,3016.590579
12/3/2025 23:00,2645.21582,3018.573117
12/3/2025 23:15,2658.488525,3020.555656
12/3/2025 23:30,2585.233643,3022.538195
12/3/2025 23:45,2627.102051,3024.520734
12/4/2025 0:00,2658.316162,3026.503273
12/4/2025 0:15,2661.546875,3028.485811
12/4/2025 0:30,2677.907959,3030.46835
12/4/2025 0:45,2707.39502,3032.450889
12/4/2025 1:00,2695.421875,3034.433428
12/4/2025 1:15,2788.926758,3036.415966
12/4/2025 1:30,2717.81665,3038.398505
12/4/2025 1:45,2658.005371,3040.381044
12/4/2025 2:00,2754.959229,3042.363583
12/4/2025 2:15,2727.437012,3044.346122
12/4/2025 2:30,2750.582275,3046.32866
12/4/2025 2:45,2843.472656,3048.311199
12/4/2025 3:00,2757.27832,3050.293738
12/4/2025 3:15,2731.611572,3052.276277
12/4/2025 3:30,2818.307129,3054.258816
12/4/2025 3:45,2822.123047,3056.241354
12/4/2025 4:00,2808.158691,3058.223893
12/4/2025 4:15,2847.401367,3060.206432
12/4/2025 4:30,2763.129395,3062.188971
12/4/2025 4:45,2736.12207,3064.17151
12/4/2025 5:00,2795.93457,3066.154048
12/4/2025 5:15,2775.159668,3068.136587
12/4/2025 5:30,2696.652344,3070.119126
12/4/2025 5:45,2754.829102,3072.101665
12/4/2025 6:00,2761.31543,3074.084203
12/4/2025 6:15,2842.246582,3076.066742
12/4/2025 6:30,2769.477051,3078.049281
12/4/2025 6:45,2902.96582,3080.03182
12/4/2025 7:00,2772.72876,3082.014359
12/4/2025 7:15,2937.093506,3083.996897
12/4/2025 7:30,2923.958496,3085.979436
12/4/2025 7:45,2717.875488,3087.961975
12/4/2025 8:00,2869.410156,3089.944514
12/4/2025 8:15,2875.450684,3091.927053
12/4/2025 8:30,2892.821289,3093.909591
12/4/2025 8:45,2870.712891,3095.89213
12/4/2025 9:00,2908.516602,3097.874669
12/4/2025 9:15,2899.164551,3099.857208
12/4/2025 9:30,2902.710938,3101.832023
12/4/2025 9:45,2947.828613,3103.756636
12/4/2025 10:00,2884.220215,3105.681248
12/4/2025 10:15,2918.165283,3107.605861
12/4/2025 10:30,3016.527832,3109.530473
12/4/2025 10:45,2918.823242,3111.455086
12/4/2025 11:00,2946.966309,3113.379698
12/4/2025 11:15,2909.579834,3115.304311
12/4/2025 11:30,2963.47998,3117.228923
12/4/2025 11:45,2991.965332,3119.153536
12/4/2025 12:00,3042.899902,3121.078148
12/4/2025 12:15,2967.208496,3123.002761
12/4/2025 12:30,2932.192871,3124.927373
12/4/2025 12:45,3117.948242,3126.851986
12/4/2025 13:00,3013.249023,3128.776598
12/4/2025 13:15,2893.080078,3130.701211
12/4/2025 13:30,3043.783691,3132.625824
12/4/2025 13:45,3042.82373,3134.550436
12/4/2025 14:00,3014.311523,3136.475049
12/4/2025 14:15,2900.341797,3138.399661
12/4/2025 14:30,2919.796875,3140.324274
12/4/2025 14:45,2938.11377,3142.248886
12/4/2025 15:00,3054.328125,3144.173499
12/4/2025 15:15,2997.035645,3146.098111
12/4/2025 15:30,2910.047363,3148.022724
12/4/2025 15:45,2984.779053,3149.947336
12/4/2025 16:00,2966.625,3151.871949
12/4/2025 16:15,2931.192139,3153.796561
12/4/2025 16:30,2969.450684,3155.721174
12/4/2025 16:45,3003.071777,3157.645787
12/4/2025 17:00,2885.140137,3159.570399
12/4/2025 17:15,3067.387695,3161.495012
12/4/2025 17:30,3028.319824,3163.419624
12/4/2025 17:45,2923.969238,3165.344237
12/4/2025 18:00,2994.961914,3167.268849
12/4/2025 18:15,2979.629639,3169.193462
12/4/2025 18:30,2930.339111,3171.118074
12/4/2025 18:45,3016.472168,3173.042687
12/4/2025 19:00,2936.260742,3174.967299
12/4/2025 19:15,3101.831543,3176.891912
12/4/2025 19:30,2995.266357,3178.816524
12/4/2025 19:45,3027.61377,3180.741137
12/4/2025 20:00,3054.94165,3182.665749
12/4/2025 20:15,3012.883789,3184.590362
12/4/2025 20:30,3042.674561,3186.514975
12/4/2025 20:45,2974.114502,3188.439587
12/4/2025 21:00,3020.324707,3190.3642
12/4/2025 21:15,2929.889648,3192.288812
12/4/2025 21:30,2942.829346,3194.213425
12/4/2025 21:45,2971.739746,3196.138037
12/4/2025 22:00,2911.641602,3198.06265
12/4/2025 22:15,2959.905273,3199.987262
12/4/2025 22:30,2963.951172,3201.911875
12/4/2025 22:45,2960.166016,3203.836487
12/4/2025 23:00,2855.499268,3205.7611
12/4/2025 23:15,2909.74707,3207.685712
12/4/2025 23:30,2976.614746,3209.610325
12/4/2025 23:45,2958.133789,3211.534937
12/5/2025 0:00,2996.503174,3213.45955
12/5/2025 0:15,2968.255371,3215.384163
12/5/2025 0:30,2960.53833,3217.308775
12/5/2025 0:45,3075.94873,3219.233388
12/5/2025 1:00,2937.427734,3221.158
12/5/2025 1:15,2984.070068,3223.082613
12/5/2025 1:30,2987.838623,3225.007225
12/5/2025 1:45,2981.528809,3226.931838
12/5/2025 2:00,2902.984619,3228.85645
12/5/2025 2:15,3002.775391,3230.781063
12/5/2025 2:30,3005.459473,3232.705675
12/5/2025 2:45,2864.86377,3234.630288
12/5/2025 3:00,2997.609375,3236.5549
12/5/2025 3:15,3020.205566,3238.479513
12/5/2025 3:30,2968.371094,3240.404126
12/5/2025 3:45,2962.193848,3242.328738
12/5/2025 4:00,3017.463867,3244.253351
12/5/2025 4:15,2891.661621,3246.177963
12/5/2025 4:30,2849.933838,3248.102576
12/5/2025 4:45,3024.268555,3250.027188
12/5/2025 5:00,2990.317627,3251.951801
12/5/2025 5:15,2929.467773,3253.876413
12/5/2025 5:30,2892.601563,3255.801026
12/5/2025 5:45,2990.864746,3257.725638
12/5/2025 6:00,2934.79248,3259.650251
12/5/2025 6:15,2976.121094,3261.574863
12/5/2025 6:30,2859.677734,3263.499476
12/5/2025 6:45,2978.832031,3265.424088
12/5/2025 7:00,2912.947754,3267.348701
12/5/2025 7:15,2927.724121,3269.273314
12/5/2025 7:30,2901.462891,3271.197926
12/5/2025 7:45,2947.833984,3273.122539
12/5/2025 8:00,2980.94043,3275.047151
