,IGG,VCC,Viability,Diameter,Ammonium,Glutamate,Normalized_Bolus_Feed,Temperature,pH_setpoint
0,75.02,1.5,98.60000000000001,15.440000000000001,0.73,2.79,0.0,36.5,6.9
1,62.170458914730034,2.801270472734147,98.22359999518282,15.497018766521931,1.2257491985677138,2.701689290870525,0.0,36.5,6.9
2,95.01778761363913,4.195953602159716,97.83835117073625,15.776661738158614,1.8222676220792455,2.820459915353587,0.0,36.5,6.9
3,207.61471276337002,5.752109872814545,97.46271156360335,16.075117707010552,2.467703916343471,3.423240426344247,0.042434169,36.5,6.9
4,436.04135534754005,8.233710642244308,97.43923847546816,16.01842510033768,2.842804764423173,4.430604191101669,0.0,36.5,6.9
5,804.2171021963713,10.875751240223503,96.97434842459384,16.012462320118473,3.2764980041324274,5.622342562882122,0.0,36.5,6.9
6,1279.0581634941755,13.825604836443135,96.4681609256759,15.937834872008189,3.8624550910903306,7.022033675027471,0.053031757,35.0,6.9
7,1945.8846900743602,16.230482821959487,96.00469566162866,15.519475463826153,4.236890029601654,7.197216356678851,0.0,35.0,6.9
8,2602.661617195977,17.507621279602983,94.71627543552735,16.02113419165257,5.272964927263059,6.722801307404986,0.053633643,35.0,6.9
9,3255.288690673284,18.442893352505102,93.55427490157011,16.770439450329967,6.541589496843605,6.347425474779898,0.0,35.0,6.9
10,3967.54973508851,18.090611273550184,91.63614197782043,17.886240487773467,8.253138918923367,6.531082830795417,0.048951202,35.0,6.9
11,4746.927567619171,17.741141348465806,89.99591063741018,18.480941396535698,9.897554006307663,7.487077473095946,0.0,35.0,6.9
12,5616.141462826536,16.817140668856183,87.82716818896428,18.851215550003243,11.711512409697304,8.795977927396912,0.0438877,35.0,6.9
13,6531.72547540192,16.398230380630814,85.95105053937124,18.663926459643875,13.367787227911956,9.953302532325798,0.0,35.0,6.9
14,7481.6518537998145,15.62674935582212,83.47152867839742,18.641815443460438,15.174913287686763,10.366853418125583,0.0,35.0,6.9
15,75.02,1.5,98.60000000000001,15.440000000000001,0.73,2.79,0.0,36.5,7.3
16,41.034828876823155,3.023799091969841,98.91284811493367,15.320431232832844,1.1455292089976385,3.0716316972692415,0.0,36.5,7.3
17,69.5720020896306,4.905319520904545,99.20830706206,15.378823727850778,1.584763573445449,3.34310670580102,0.0,36.5,7.3
18,183.65256254289267,7.08691105461278,99.44742162397255,15.556408795930082,2.0465207444737987,3.8074320225380784,0.032369717,36.5,7.3
19,414.9550273645917,10.041299344794645,99.85128570396355,15.595956933189004,2.303007519183842,4.50949221895489,0.0,35.0,7.3
20,867.7825344096622,11.580888946303096,99.50349867616202,15.648841003798745,2.4737824599264715,4.260921630956097,0.0,35.0,7.3
21,1308.7086251277376,12.469967935893981,98.86857675878419,16.134893179335847,2.9863633063915915,3.8627123475744463,0.040602245,35.0,7.3
22,1771.30059729812,13.23901366746032,98.29481958291997,16.634483668391283,3.489271790318006,3.6467507952398894,0.0,35.0,7.3
23,2292.390451709296,13.193496073690909,97.10004253632763,17.284397503377537,4.153916362264801,3.7778571438690984,0.041278175,35.0,7.3
24,2862.8914281405014,13.306094087361389,96.0650339902745,17.49579759850624,4.599157741237117,4.260263132203804,0.0,35.0,7.3
25,3487.918379016778,12.928363604479994,94.46190403697342,17.63279171804606,5.063427851524886,4.736804125157338,0.037833861,35.0,7.3
26,4125.329828941714,12.83134918927394,92.96361982522167,17.434013273379847,5.272528124426618,4.915781392844622,0.0,35.0,7.3
27,4765.0246148575125,12.189367324095636,90.80781779042057,17.447262280756796,5.47059383196786,4.4800970597850736,0.034067647,35.0,7.3
28,5375.05218036632,11.517861074901624,88.53701940441266,17.459871842376717,5.345384085206789,3.433727205810727,0.0,35.0,7.3
29,5967.054430244266,10.036608406239917,85.43597372510078,17.806567596109158,4.96756177154114,1.8185335836771885,0.0,35.0,7.3
30,75.02,1.5,98.60000000000001,15.440000000000001,0.73,2.79,0.0,36.5,7.3
31,41.034828876823155,3.023799091969841,98.91284811493367,15.320431232832844,1.1455292089976385,3.0716316972692415,0.0,36.5,7.3
32,69.5720020896306,4.905319520904545,99.20830706206,15.378823727850778,1.584763573445449,3.34310670580102,0.0,36.5,7.3
33,183.65256254289267,7.08691105461278,99.44742162397255,15.556408795930082,2.0465207444737987,3.8074320225380784,0.032369717,36.5,7.3
34,414.9550273645917,10.041299344794645,99.85128570396355,15.595956933189004,2.303007519183842,4.50949221895489,0.0,35.0,7.3
35,867.7825344096622,11.580888946303096,99.50349867616202,15.648841003798745,2.4737824599264715,4.260921630956097,0.0,35.0,7.3
36,1308.7086251277376,12.469967935893981,98.86857675878419,16.134893179335847,2.9863633063915915,3.8627123475744463,0.040602245,35.0,7.3
37,1771.30059729812,13.23901366746032,98.29481958291997,16.634483668391283,3.489271790318006,3.6467507952398894,0.0,35.0,7.3
38,2292.390451709296,13.193496073690909,97.10004253632763,17.284397503377537,4.153916362264801,3.7778571438690984,0.041278175,35.0,7.3
39,2862.8914281405014,13.306094087361389,96.0650339902745,17.49579759850624,4.599157741237117,4.260263132203804,0.0,35.0,7.3
40,3487.918379016778,12.928363604479994,94.46190403697342,17.63279171804606,5.063427851524886,4.736804125157338,0.037833861,35.0,7.3
41,4125.329828941714,12.83134918927394,92.96361982522167,17.434013273379847,5.272528124426618,4.915781392844622,0.0,35.0,7.3
42,4765.0246148575125,12.189367324095636,90.80781779042057,17.447262280756796,5.47059383196786,4.4800970597850736,0.034067647,35.0,7.3
43,5375.05218036632,11.517861074901624,88.53701940441266,17.459871842376717,5.345384085206789,3.433727205810727,0.0,35.0,7.3
44,5967.054430244266,10.036608406239917,85.43597372510078,17.806567596109158,4.96756177154114,1.8185335836771885,0.0,35.0,7.3
45,75.02,1.5,98.60000000000001,15.440000000000001,0.73,2.79,0.0,36.5,6.9
46,62.170458914730034,2.801270472734147,98.22359999518282,15.497018766521931,1.2257491985677138,2.701689290870525,0.0,36.5,6.9
47,95.01778761363913,4.195953602159716,97.83835117073625,15.776661738158614,1.8222676220792455,2.820459915353587,0.0,36.5,6.9
48,207.61471276337002,5.752109872814545,97.46271156360335,16.075117707010552,2.467703916343471,3.423240426344247,0.042434169,36.5,6.9
49,436.04135534754005,8.233710642244308,97.43923847546816,16.01842510033768,2.842804764423173,4.430604191101669,0.0,35.0,6.9
50,880.9770471405947,9.336342085960839,96.68033711700207,15.901674908302956,3.1520203627667143,4.452880290345594,0.0,35.0,6.9
51,1292.1186474586434,9.867575135847218,95.74080641046912,16.203529445220664,3.858414625917444,4.189471216442014,0.053031757,35.0,6.9
52,1701.7320061146097,10.495647283004791,95.0417348321617,16.53928932527253,4.553011167454776,3.897025403129032,0.0,35.0,6.9
53,2155.10876101189,10.2217292290579,93.64629405958324,17.221428704867538,5.494493744692382,3.7909539785349127,0.053633643,35.0,6.9
54,2650.386804556137,10.23295136618458,92.53869162662964,17.516122361043124,6.182463008138047,4.038013779453072,0.0,35.0,6.9
55,3213.9251166224713,9.681572500053601,90.76518251062731,17.823268755407895,6.8850622358839,4.390721448995891,0.048951202,35.0,6.9
56,3812.128301771048,9.641852638184654,89.21191965713588,17.678724011368093,7.195028839374822,4.624162347982696,0.0,35.0,6.9
57,4446.480881490025,9.15927971534448,86.91173466268019,17.69002548613465,7.3979447144858534,4.34814848368864,0.0438877,35.0,6.9
58,5079.889543323245,8.986409005396995,84.57463331937629,17.559379027837267,7.105432083869458,3.471214959137943,0.0,35.0,6.9
59,5723.3540853813165,8.133567303702726,81.27218049485248,17.777127139668647,6.4687147713815385,1.9126215917739482,0.0,35.0,6.9
60,75.02,1.0,98.60000000000001,15.440000000000001,0.73,2.79,0.0,36.5,7.1
61,16.11164494869003,2.2223095845981495,98.6295817645619,15.414872348649112,1.310586905176171,2.8788881636361254,0.0,36.5,7.1
62,7.281640088224385,3.6844776693889116,98.67787449453289,15.598569245340173,1.968783878879131,3.0697291471870196,0.0,36.5,7.1
63,79.8742220715203,5.4062368447062115,98.73396057526624,15.855002540770455,2.670750064756901,3.611050424360115,0.037411268,36.5,7.1
64,270.84357686320277,8.023254316974123,99.07758549454229,15.863225202197823,3.1347810909836107,4.489156641370539,0.0,36.5,7.1
65,608.9195343437021,10.84528077378012,98.99610906413638,15.954468791767138,3.6399463850620366,5.582061609612291,0.0,35.0,7.1
66,1148.9917683434342,12.471217617191607,98.54327115700798,15.869836909176037,4.131573907326759,5.7885927569010756,0.0468399,35.0,7.1
67,1685.6784496421776,14.185934495155939,98.20552514774118,16.028940425753003,4.7635460514313115,5.553236799523488,0.0,35.0,7.1
68,2256.218336737866,14.880354192044363,97.11844921901307,16.793211095313808,5.82242645158501,5.266960616595448,0.04749481,35.0,7.1
69,2871.8378088059453,15.49219333056188,96.1617497850484,17.431535612470316,6.859251244496113,5.395628742751913,0.0,35.0,7.1
70,3573.910168734672,15.306149404277987,94.54254589708256,18.11561001860766,8.07038483402884,5.970030052275157,0.043439271,35.0,7.1
71,4344.242729093379,15.411440028081937,93.11525078834369,18.265421639986368,9.063017823274603,6.844734457656615,0.0,35.0,7.1
72,5183.005022721162,15.106548162196816,91.07742705313001,18.358606333913855,10.101789112653965,7.5276997960703405,0.039029597,35.0,7.1
73,6045.829607856401,15.135411984955041,89.08273157963198,18.199363615946922,10.898726862964986,7.696932387395646,0.0,35.0,7.1
74,6929.633803827793,14.59787655603527,86.29517018576888,18.371761481146596,11.665981426301428,7.089354107079587,0.0,35.0,7.1
75,75.02,0.5,98.60000000000001,15.440000000000001,0.73,2.79,0.0,36.5,7.3
76,-29.94716901734997,1.6433486964621518,99.03556353394102,15.33272593077629,1.395424611784628,3.0560870364017254,0.0,36.5,7.3
77,-80.4545074371905,3.1730017366181076,99.5173978183295,15.42047675252173,2.1153001356790164,3.3189983790204516,0.0,36.5,7.3
78,-47.86626862032956,5.060363816597878,100.00520958692914,15.634887374530358,2.8737962131703303,3.7988604223759816,0.032369717,36.5,7.3
79,105.64053115454264,7.812527434868071,100.71579765715464,15.708111767298275,3.4268886395049156,4.54777004058255,0.0,36.5,7.3
80,413.5988944917971,10.814390118519022,101.01782448905152,15.89653312201624,4.003665172817872,5.541993937483444,0.0,36.5,7.3
81,865.3637780883131,14.195143960548549,101.20649571326871,16.02342023685232,4.650077977003331,6.8944187778792,0.040602245,35.0,7.3
82,1552.7953339882863,16.9774298077926,101.27297737256899,15.785626008260941,5.050274831735014,7.236022468046439,0.0,35.0,7.3
83,2270.539365997018,18.88396058346504,100.58021873072099,16.27874976941378,5.982047999174757,7.086266976047988,0.041278175,35.0,7.3
84,3022.3567169876615,20.477988267556483,99.85031087043654,16.979125671649776,7.127971546453085,7.034906043879967,0.0,35.0,7.3
85,3855.509594916744,20.99873200243902,98.40079513483944,17.967840950236194,8.66169268835902,7.440734522910883,0.037833861,35.0,7.3
86,4772.684550069426,21.41424154074956,97.0281323137794,18.553917384474886,10.201050260960153,8.457309303056908,0.0,35.0,7.3
87,5787.108328937096,21.251379171215266,95.10825699285103,18.967597750627995,11.939799676980442,9.738692897271752,0.034067647,35.0,7.3
88,6860.4016690691415,21.320294330835235,93.27450743504278,18.957196000766963,13.630491003095214,10.868194301605019,0.0,35.0,7.3
89,7978.835232014759,20.930914717023853,90.82623495854428,19.09068527142751,15.510077535701903,11.363127342435476,0.0,35.0,7.3
90,75.02,1.5,98.60000000000001,15.440000000000001,0.73,2.79,0.0,36.5,7.3
91,41.034828876823155,3.023799091969841,98.91284811493367,15.320431232832844,1.1455292089976385,3.0716316972692415,0.0,36.5,7.3
92,69.5720020896306,4.905319520904545,99.20830706206,15.378823727850778,1.584763573445449,3.34310670580102,0.0,36.5,7.3
93,183.65256254289267,7.08691105461278,99.44742162397255,15.556408795930082,2.0465207444737987,3.8074320225380784,0.042434169,36.5,7.3
94,417.79747918067875,10.18730504387574,99.92406084532412,15.549297140595343,2.232193732239277,4.4766011887836425,0.0,35.0,7.3
95,880.2333134365025,11.80764337991296,99.52789870014068,15.617617673670622,2.3278577133821736,4.145824697660324,0.0,35.0,7.3
96,1331.2147990635285,12.742353515109272,98.81908569563831,16.13140333605089,2.7543300860509605,3.6779397848525797,0.053031757,35.0,7.3
97,1808.7347802346217,13.706993879249746,98.24034844682944,16.591825528541705,3.0646043957354516,3.382077124037855,0.0,35.0,7.3
98,2353.895883659601,13.75667167578514,96.875723197176,17.254772244586352,3.507486954935917,3.3973127394278313,0.053633643,35.0,7.3
99,2950.8872519986385,14.086694574064916,95.71762335750005,17.411221533555114,3.607773676870586,3.740298003113168,0.0,35.0,7.3
100,3607.101867829924,13.790530707647068,93.80737368726982,17.543499810642743,3.681713594635229,4.028639432766458,0.048951202,35.0,7.3
101,4271.2319869234825,13.83572745833251,92.02306917657022,17.27492930705902,3.370396620553135,3.9876300050387625,0.0,35.0,7.3
102,4932.610651883715,13.15834136583419,89.40012259508246,17.25652845342461,2.9880832525961942,3.277177471695312,0.0438877,35.0,7.3
103,5547.939306984085,12.443331723730541,86.6711430264732,17.171066399626888,2.1483096207615704,1.9140088276238665,0.0,35.0,7.3
104,6124.883028653644,10.695861436079825,82.95041384768608,17.444466118789155,0.9849810620605781,-0.08478639010823569,0.0,35.0,7.3
105,75.02,0.5,98.60000000000001,15.440000000000001,0.73,2.79,0.0,36.5,7.3
106,-29.94716901734997,1.6433486964621518,99.03556353394102,15.33272593077629,1.395424611784628,3.0560870364017254,0.0,36.5,7.3
107,-80.4545074371905,3.1730017366181076,99.5173978183295,15.42047675252173,2.1153001356790164,3.3189983790204516,0.0,36.5,7.3
108,-47.86626862032956,5.060363816597878,100.00520958692914,15.634887374530358,2.8737962131703303,3.7988604223759816,0.032369717,36.5,7.3
109,105.64053115454264,7.812527434868071,100.71579765715464,15.708111767298275,3.4268886395049156,4.54777004058255,0.0,36.5,7.3
110,413.5988944917971,10.814390118519022,101.01782448905152,15.89653312201624,4.003665172817872,5.541993937483444,0.0,36.5,7.3
111,865.3637780883131,14.195143960548549,101.20649571326871,16.02342023685232,4.650077977003331,6.8944187778792,0.040602245,35.0,7.3
112,1552.7953339882863,16.9774298077926,101.27297737256899,15.785626008260941,5.050274831735014,7.236022468046439,0.0,35.0,7.3
113,2270.539365997018,18.88396058346504,100.58021873072099,16.27874976941378,5.982047999174757,7.086266976047988,0.041278175,35.0,7.3
114,3022.3567169876615,20.477988267556483,99.85031087043654,16.979125671649776,7.127971546453085,7.034906043879967,0.0,35.0,7.3
115,3855.509594916744,20.99873200243902,98.40079513483944,17.967840950236194,8.66169268835902,7.440734522910883,0.037833861,35.0,7.3
116,4772.684550069426,21.41424154074956,97.0281323137794,18.553917384474886,10.201050260960153,8.457309303056908,0.0,35.0,7.3
117,5787.108328937096,21.251379171215266,95.10825699285103,18.967597750627995,11.939799676980442,9.738692897271752,0.034067647,35.0,7.3
118,6860.4016690691415,21.320294330835235,93.27450743504278,18.957196000766963,13.630491003095214,10.868194301605019,0.0,35.0,7.3
119,7978.835232014759,20.930914717023853,90.82623495854428,19.09068527142751,15.510077535701903,11.363127342435476,0.0,35.0,7.3
120,75.02,0.5,98.60000000000001,15.440000000000001,0.73,2.79,0.0,36.5,6.9
121,-8.811538979443098,1.420820077226458,98.34631541419014,15.509313464465377,1.4756446013547033,2.686144630003009,0.0,36.5,6.9
122,-55.00872191318191,2.463635817873278,98.14744192700574,15.81831476282957,2.3528041843128125,2.79635158857302,0.0,36.5,6.9
123,-23.90411839985216,3.725562634799643,98.02049952655993,16.153596285610824,3.2949793850400027,3.4146688261821514,0.042434169,36.5,6.9
124,126.72685913749098,6.0049387323177355,98.30375042865924,16.130579934446953,3.9666858847442468,4.468882012729329,0.0,35.0,6.9
125,503.5533521669531,7.030434103914102,97.90065162229978,16.038579614704936,4.557425434292402,4.564490324336413,0.0,35.0,6.9
126,861.8342843836873,7.63472145990588,97.35137084974684,16.357751075949615,5.518088831356298,4.388615188161309,0.053031757,35.0,6.9
127,1239.074058845027,8.499227884382396,97.05693179234373,16.710245526588565,6.430135346724902,4.186106122385766,0.0,35.0,6.9
128,1685.7048191155266,8.626301688286974,96.05648887803251,17.416075484118743,7.5441541990316505,4.167516481843734,0.053633643,35.0,6.9
129,2204.9502072861533,9.19490356005917,95.3083852318512,17.74513334489981,8.352150324648447,4.503244995802417,0.0,35.0,6.9
130,2827.8917140564035,9.342902124516069,93.83311414130023,18.09534625523245,9.115250389678552,4.954290464949915,0.048951202,35.0,6.9
131,3524.6837570506395,10.12545627937915,92.49244116541927,17.996410737295527,9.421025808975504,5.302775133081729,0.0,35.0,6.9
132,4298.904014233102,10.563430608952432,90.29674033882654,18.049170892137262,9.553582864286968,5.158914877467043,0.0438877,35.0,6.9
133,5113.403099947398,11.377020886096807,87.93570413001142,17.952155754420907,9.128183857715367,4.423594481744379,0.0,35.0,6.9
134,5976.837118733318,11.534691562367282,84.46309354475098,18.19655651119521,8.305032019237057,3.0029835241806007,0.0,35.0,6.9
135,75.02,1.5,98.60000000000001,15.440000000000001,0.73,2.79,0.0,36.5,6.9
136,62.170458914730034,2.801270472734147,98.22359999518282,15.497018766521931,1.2257491985677138,2.701689290870525,0.0,36.5,6.9
137,95.01778761363913,4.195953602159716,97.83835117073625,15.776661738158614,1.8222676220792455,2.820459915353587,0.0,36.5,6.9
138,207.61471276337002,5.752109872814545,97.46271156360335,16.075117707010552,2.467703916343471,3.423240426344247,0.042434169,36.5,6.9
139,436.04135534754005,8.233710642244308,97.43923847546816,16.01842510033768,2.842804764423173,4.430604191101669,0.0,35.0,6.9
140,880.9770471405947,9.336342085960839,96.68033711700207,15.901674908302956,3.1520203627667143,4.452880290345594,0.0,35.0,6.9
141,1292.1186474586434,9.867575135847218,95.74080641046912,16.203529445220664,3.858414625917444,4.189471216442014,0.053031757,35.0,6.9
142,1701.7320061146097,10.495647283004791,95.0417348321617,16.53928932527253,4.553011167454776,3.897025403129032,0.0,35.0,6.9
143,2155.10876101189,10.2217292290579,93.64629405958324,17.221428704867538,5.494493744692382,3.7909539785349127,0.053633643,35.0,6.9
144,2650.386804556137,10.23295136618458,92.53869162662964,17.516122361043124,6.182463008138047,4.038013779453072,0.0,35.0,6.9
145,3213.9251166224713,9.681572500053601,90.76518251062731,17.823268755407895,6.8850622358839,4.390721448995891,0.048951202,35.0,6.9
146,3812.128301771048,9.641852638184654,89.21191965713588,17.678724011368093,7.195028839374822,4.624162347982696,0.0,35.0,6.9
147,4446.480881490025,9.15927971534448,86.91173466268019,17.69002548613465,7.3979447144858534,4.34814848368864,0.0438877,35.0,6.9
148,5079.889543323245,8.986409005396995,84.57463331937629,17.559379027837267,7.105432083869458,3.471214959137943,0.0,35.0,6.9
149,5723.3540853813165,8.133567303702726,81.27218049485248,17.777127139668647,6.4687147713815385,1.9126215917739482,0.0,35.0,6.9
150,75.02,1.0,98.60000000000001,15.440000000000001,0.73,2.79,0.0,36.5,7.1
151,16.11164494869003,2.2223095845981495,98.6295817645619,15.414872348649112,1.310586905176171,2.8788881636361254,0.0,36.5,7.1
152,7.281640088224385,3.6844776693889116,98.67787449453289,15.598569245340173,1.968783878879131,3.0697291471870196,0.0,36.5,7.1
153,79.8742220715203,5.4062368447062115,98.73396057526624,15.855002540770455,2.670750064756901,3.611050424360115,0.037411268,36.5,7.1
154,270.84357686320277,8.023254316974123,99.07758549454229,15.863225202197823,3.1347810909836107,4.489156641370539,0.0,36.5,7.1
155,608.9195343437021,10.84528077378012,98.99610906413638,15.954468791767138,3.6399463850620366,5.582061609612291,0.0,35.0,7.1
156,1148.9917683434342,12.471217617191607,98.54327115700798,15.869836909176037,4.131573907326759,5.7885927569010756,0.0468399,35.0,7.1
157,1685.6784496421776,14.185934495155939,98.20552514774118,16.028940425753003,4.7635460514313115,5.553236799523488,0.0,35.0,7.1
158,2256.218336737866,14.880354192044363,97.11844921901307,16.793211095313808,5.82242645158501,5.266960616595448,0.04749481,35.0,7.1
159,2871.8378088059453,15.49219333056188,96.1617497850484,17.431535612470316,6.859251244496113,5.395628742751913,0.0,35.0,7.1
160,3573.910168734672,15.306149404277987,94.54254589708256,18.11561001860766,8.07038483402884,5.970030052275157,0.043439271,35.0,7.1
161,4344.242729093379,15.411440028081937,93.11525078834369,18.265421639986368,9.063017823274603,6.844734457656615,0.0,35.0,7.1
162,5183.005022721162,15.106548162196816,91.07742705313001,18.358606333913855,10.101789112653965,7.5276997960703405,0.039029597,35.0,7.1
163,6045.829607856401,15.135411984955041,89.08273157963198,18.199363615946922,10.898726862964986,7.696932387395646,0.0,35.0,7.1
164,6929.633803827793,14.59787655603527,86.29517018576888,18.371761481146596,11.665981426301428,7.089354107079587,0.0,35.0,7.1
165,75.02,1.5,98.60000000000001,15.440000000000001,0.73,2.79,0.0,36.5,6.9
166,62.170458914730034,2.801270472734147,98.22359999518282,15.497018766521931,1.2257491985677138,2.701689290870525,0.0,36.5,6.9
167,95.01778761363913,4.195953602159716,97.83835117073625,15.776661738158614,1.8222676220792455,2.820459915353587,0.0,36.5,6.9
168,207.61471276337002,5.752109872814545,97.46271156360335,16.075117707010552,2.467703916343471,3.423240426344247,0.042434169,36.5,6.9
169,436.04135534754005,8.233710642244308,97.43923847546816,16.01842510033768,2.842804764423173,4.430604191101669,0.0,36.5,6.9
170,804.2171021963713,10.875751240223503,96.97434842459384,16.012462320118473,3.2764980041324274,5.622342562882122,0.0,36.5,6.9
171,1279.0581634941755,13.825604836443135,96.4681609256759,15.937834872008189,3.8624550910903306,7.022033675027471,0.053031757,35.0,6.9
172,1945.8846900743602,16.230482821959487,96.00469566162866,15.519475463826153,4.236890029601654,7.197216356678851,0.0,35.0,6.9
173,2602.661617195977,17.507621279602983,94.71627543552735,16.02113419165257,5.272964927263059,6.722801307404986,0.053633643,35.0,6.9
174,3255.288690673284,18.442893352505102,93.55427490157011,16.770439450329967,6.541589496843605,6.347425474779898,0.0,35.0,6.9
175,3967.54973508851,18.090611273550184,91.63614197782043,17.886240487773467,8.253138918923367,6.531082830795417,0.048951202,35.0,6.9
176,4746.927567619171,17.741141348465806,89.99591063741018,18.480941396535698,9.897554006307663,7.487077473095946,0.0,35.0,6.9
177,5616.141462826536,16.817140668856183,87.82716818896428,18.851215550003243,11.711512409697304,8.795977927396912,0.0438877,35.0,6.9
178,6531.72547540192,16.398230380630814,85.95105053937124,18.663926459643875,13.367787227911956,9.953302532325798,0.0,35.0,6.9
179,7481.6518537998145,15.62674935582212,83.47152867839742,18.641815443460438,15.174913287686763,10.366853418125583,0.0,35.0,6.9
180,75.02,1.5,98.60000000000001,15.440000000000001,0.73,2.79,0.0,36.5,6.9
181,62.170458914730034,2.801270472734147,98.22359999518282,15.497018766521931,1.2257491985677138,2.701689290870525,0.0,36.5,6.9
182,95.01778761363913,4.195953602159716,97.83835117073625,15.776661738158614,1.8222676220792455,2.820459915353587,0.0,36.5,6.9
183,207.61471276337002,5.752109872814545,97.46271156360335,16.075117707010552,2.467703916343471,3.423240426344247,0.032369717,36.5,6.9
184,433.1989035314529,8.087704943163212,97.36646333410758,16.065084892931342,2.9136185513677386,4.463495221272916,0.0,36.5,6.9
185,791.7663231695311,10.648996806613642,96.9499484006152,16.04368565024659,3.4224227506767253,5.737439496177894,0.0,36.5,6.9
186,1256.5519895583845,13.553219257227846,96.51765198882178,15.941324715293145,4.094488311430961,7.206806237749338,0.040602245,35.0,6.9
187,1908.4505071378583,15.762502610170062,96.0591667977192,15.56213360367573,4.66155742418421,7.4618900278808855,0.0,35.0,6.9
188,2541.1561852456725,16.944445677508757,94.94059477467897,16.050759450443756,5.919394334591943,7.103345711846253,0.041278175,35.0,6.9
189,3167.2928668151476,17.662292865801586,93.90168553434457,16.855015515281096,7.5329735612101345,6.867390603870533,0.0,35.0,6.9
190,3848.366246275365,17.228444170383113,92.29067232752404,17.975532395176785,9.63485317581302,7.239247523186297,0.037833861,35.0,6.9
191,4601.025409637404,16.736763079407243,90.93646128606166,18.640025362856523,11.79968551018114,8.415228860901804,0.0,35.0,6.9
192,5448.555425800333,15.848166627117644,89.23486338430237,19.041949377335428,14.194022989068962,9.99889751548667,0.034067647,35.0,6.9
193,6358.838348784154,15.472759731801917,87.81692691731068,18.9527319023937,16.56486169235716,11.473020910512657,0.0,35.0,6.9
194,7323.823255390435,14.967496325982244,85.95708855581212,19.003916920780433,19.1574939971673,12.270173391911003,0.0,35.0,6.9
195,75.02,1.5,98.60000000000001,15.440000000000001,0.73,2.79,0.0,36.5,7.3
196,41.034828876823155,3.023799091969841,98.91284811493367,15.320431232832844,1.1455292089976385,3.0716316972692415,0.0,36.5,7.3
197,69.5720020896306,4.905319520904545,99.20830706206,15.378823727850778,1.584763573445449,3.34310670580102,0.0,36.5,7.3
198,183.65256254289267,7.08691105461278,99.44742162397255,15.556408795930082,2.0465207444737987,3.8074320225380784,0.042434169,36.5,7.3
199,417.79747918067875,10.18730504387574,99.92406084532412,15.549297140595343,2.232193732239277,4.4766011887836425,0.0,36.5,7.3
200,803.4733684922792,13.347052534175623,99.82191000773246,15.72840508548614,2.4523353547478863,5.315286970196852,0.0,36.5,7.3
201,1318.1543150990606,16.700383215705187,99.54644021084509,15.865708762838414,2.7583705512238477,6.510502243438036,0.053031757,35.0,7.3
202,2052.887464194371,19.441829418204435,99.2033092762964,15.57201166709533,2.748483257882333,6.682268077587671,0.0,35.0,7.3
203,2801.4487398436877,21.042563726330215,97.94570457312011,16.054477731371385,3.285958137506598,6.329160068297904,0.053633643,35.0,7.3
204,3555.7891381157838,22.296636560385434,96.73320663244053,16.665538622841957,3.966900165576147,6.049709698439992,0.0,35.0,7.3
205,4360.726486295959,22.199569481143648,94.6783331544629,17.606471543008315,5.049790277674699,6.169000814565982,0.048951202,35.0,7.3
206,5206.031252771603,21.935016168613657,92.80706015684453,18.07714669222662,6.072921787485975,6.850545130152011,0.0,35.0,7.3
207,6102.2712332202245,20.816202319345894,90.31555612136655,18.4177185172932,7.301650947807642,7.725006915403582,0.0438877,35.0,7.3
208,6999.775239062759,19.85515309896436,88.04756024646817,18.2756138314335,8.410664764804064,8.396096400811718,0.0,35.0,7.3
209,7883.18079707214,18.189043488199225,85.14976203123105,18.309154422580946,9.691179578365803,8.369445436243398,0.0,35.0,7.3
210,75.02,0.5,98.60000000000001,15.440000000000001,0.73,2.79,0.0,36.5,7.3
211,-29.94716901734997,1.6433486964621518,99.03556353394102,15.33272593077629,1.395424611784628,3.0560870364017254,0.0,36.5,7.3
212,-80.4545074371905,3.1730017366181076,99.5173978183295,15.42047675252173,2.1153001356790164,3.3189983790204516,0.0,36.5,7.3
213,-47.86626862032956,5.060363816597878,100.00520958692914,15.634887374530358,2.8737962131703303,3.7988604223759816,0.032369717,36.5,7.3
214,105.64053115454264,7.812527434868071,100.71579765715464,15.708111767298275,3.4268886395049156,4.54777004058255,0.0,35.0,7.3
215,490.35883943602045,9.27498096425636,100.72381318145975,15.785745710200727,3.8791875314521587,4.372531664946916,0.0,35.0,7.3
216,878.4242620527814,10.237114259952639,100.47914119806192,16.2891148100648,4.6460375118304444,4.061856319293742,0.040602245,35.0,7.3
217,1308.6426500285365,11.242594268837914,100.31001654310201,16.805439869707318,5.366395969588133,3.935831514496622,0.0,35.0,7.3
218,1822.9865098129317,11.598068532919974,99.51023735477689,17.479044282628745,6.203576816604072,4.154419647177918,0.041278175,35.0,7.3
219,2417.454830870516,12.268046281235971,98.83472759549608,17.724808582362925,6.768845057747517,4.725494348553145,0.0,35.0,7.3
220,3101.8849764507086,12.589693228942448,97.52983566764632,17.904869217870615,7.29361600531954,5.3003731411113595,0.037833861,35.0,7.3
221,3837.8852842213046,13.314952830468416,96.24414133350508,17.75169999930728,7.498525094027304,5.594394177943653,0.0,35.0,7.3
222,4617.447747600587,13.593518217703565,94.19282346656695,17.806407686759407,7.626231981768983,5.290863453563474,0.034067647,35.0,7.3
223,5408.565736990466,13.908472955601408,91.8980902150478,17.85264856896036,7.368135859052707,4.386106728417162,0.0,35.0,7.3
224,6220.537463596261,13.437732664904454,88.62688677499932,18.225996967635723,6.80387901939666,2.9088955160838403,0.0,35.0,7.3
225,75.02,0.5,98.60000000000001,15.440000000000001,0.73,2.79,0.0,36.5,7.3
226,-29.94716901734997,1.6433486964621518,99.03556353394102,15.33272593077629,1.395424611784628,3.0560870364017254,0.0,36.5,7.3
227,-80.4545074371905,3.1730017366181076,99.5173978183295,15.42047675252173,2.1153001356790164,3.3189983790204516,0.0,36.5,7.3
228,-47.86626862032956,5.060363816597878,100.00520958692914,15.634887374530358,2.8737962131703303,3.7988604223759816,0.042434169,36.5,7.3
229,108.48298297062976,7.9585331339491665,100.78857279851519,15.661451974704615,3.35607485256035,4.514879010411303,0.0,35.0,7.3
230,502.8096184628607,9.50173539786622,100.7482132054384,15.754522380072604,3.73326278490786,4.257434731651144,0.0,35.0,7.3
231,900.9304359885721,10.509499839167928,100.42965013491605,16.28562496677984,4.414004291489812,3.877083756571877,0.053031757,35.0,7.3
232,1346.0768329650382,11.710574480627342,100.25554540701147,16.762781729857743,4.941728575005577,3.6711578432945884,0.0,35.0,7.3
233,1884.4919417632366,12.161244135014208,99.28591801562528,17.449419023837557,5.557147409275186,3.773875242736651,0.053633643,35.0,7.3
234,2505.450654728653,13.048646767939497,98.48731696272161,17.6402325174118,5.777460993380987,4.205529219462509,0.0,35.0,7.3
235,3221.0684652638533,13.45186033210952,96.87530531794273,17.815577310467297,5.9119017484298855,4.592208448720477,0.048951202,35.0,7.3
236,3983.7874422030723,14.31933109952698,95.30359068485363,17.59261603298646,5.596393590153824,4.666242790137795,0.0,35.0,7.3
237,4785.03378462679,14.562492259442108,92.78512827122884,17.615673859427226,5.143721402397324,4.087943865473717,0.0438877,35.0,7.3
238,5581.452863608232,14.833943604430313,90.03221383710836,17.563843126210536,4.1710613946074995,2.8663883502303076,0.0,35.0,7.3
239,6378.366062005639,14.096985694744342,86.14132689758463,17.863895490315723,2.8212983099161213,1.0055755422984283,0.0,35.0,7.3
240,75.02,0.5,98.60000000000001,15.440000000000001,0.73,2.79,0.0,36.5,6.9
241,-8.811538979443098,1.420820077226458,98.34631541419014,15.509313464465377,1.4756446013547033,2.686144630003009,0.0,36.5,6.9
242,-55.00872191318191,2.463635817873278,98.14744192700574,15.81831476282957,2.3528041843128125,2.79635158857302,0.0,36.5,6.9
243,-23.90411839985216,3.725562634799643,98.02049952655993,16.153596285610824,3.2949793850400027,3.4146688261821514,0.042434169,36.5,6.9
244,126.72685913749098,6.0049387323177355,98.30375042865924,16.130579934446953,3.9666858847442468,4.468882012729329,0.0,35.0,6.9
245,503.5533521669531,7.030434103914102,97.90065162229978,16.038579614704936,4.557425434292402,4.564490324336413,0.0,35.0,6.9
246,861.8342843836873,7.63472145990588,97.35137084974684,16.357751075949615,5.518088831356298,4.388615188161309,0.053031757,35.0,6.9
247,1239.074058845027,8.499227884382396,97.05693179234373,16.710245526588565,6.430135346724902,4.186106122385766,0.0,35.0,6.9
248,1685.7048191155266,8.626301688286974,96.05648887803251,17.416075484118743,7.5441541990316505,4.167516481843734,0.053633643,35.0,6.9
249,2204.9502072861533,9.19490356005917,95.3083852318512,17.74513334489981,8.352150324648447,4.503244995802417,0.0,35.0,6.9
250,2827.8917140564035,9.342902124516069,93.83311414130023,18.09534625523245,9.115250389678552,4.954290464949915,0.048951202,35.0,6.9
251,3524.6837570506395,10.12545627937915,92.49244116541927,17.996410737295527,9.421025808975504,5.302775133081729,0.0,35.0,6.9
252,4298.904014233102,10.563430608952432,90.29674033882654,18.049170892137262,9.553582864286968,5.158914877467043,0.0438877,35.0,6.9
253,5113.403099947398,11.377020886096807,87.93570413001142,17.952155754420907,9.128183857715367,4.423594481744379,0.0,35.0,6.9
254,5976.837118733318,11.534691562367282,84.46309354475098,18.19655651119521,8.305032019237057,3.0029835241806007,0.0,35.0,6.9
255,75.02,0.5,98.60000000000001,15.440000000000001,0.73,2.79,0.0,36.5,7.3
256,-29.94716901734997,1.6433486964621518,99.03556353394102,15.33272593077629,1.395424611784628,3.0560870364017254,0.0,36.5,7.3
257,-80.4545074371905,3.1730017366181076,99.5173978183295,15.42047675252173,2.1153001356790164,3.3189983790204516,0.0,36.5,7.3
258,-47.86626862032956,5.060363816597878,100.00520958692914,15.634887374530358,2.8737962131703303,3.7988604223759816,0.042434169,36.5,7.3
259,108.48298297062976,7.9585331339491665,100.78857279851519,15.661451974704615,3.35607485256035,4.514879010411303,0.0,36.5,7.3
260,426.0496735186374,11.041144552128884,101.04222451303018,15.865309791888121,3.8577404262735726,5.426897004187672,0.0,36.5,7.3
261,887.8699520241041,14.467529539763847,101.15700465012283,16.019930393567368,4.4180447566627,6.709646215157333,0.053031757,35.0,7.3
262,1590.2295169247882,17.44541001958203,101.21850623647843,15.742967868411363,4.625607437152457,6.9713487968444054,0.0,35.0,7.3
263,2332.044797947324,19.447136185559273,100.35589939156938,16.24912451062259,5.335618591845867,6.7057225716067235,0.053633643,35.0,7.3
264,3110.3525408457986,21.258588754259996,99.50290023766209,16.894549606698643,6.13658748208655,6.514940914789333,0.0,35.0,7.3
265,3974.6930837298887,21.860899105606077,97.74626478513585,17.878549042832873,7.279978431469361,6.732569830520002,0.048951202,35.0,7.3
266,4918.586708051191,22.418619809808103,96.08758166512793,18.39483341815406,8.29891875708668,7.529157915251042,0.0,35.0,7.3
267,5954.694365963294,22.22035321295378,93.70056179751293,18.776863923295814,9.45728909760879,8.535773309181984,0.0438877,35.0,7.3
268,7033.288795686901,22.2457649796641,91.40863105710334,18.668390558017148,10.433416538650015,9.348475923418158,0.0,35.0,7.3
269,8136.663830424129,21.590167746863703,88.34067508112962,18.728583794107514,11.527496826221366,9.459807368650061,0.0,35.0,7.3
270,75.02,0.5,98.60000000000001,15.440000000000001,0.73,2.79,0.0,36.5,6.9
271,-8.811538979443098,1.420820077226458,98.34631541419014,15.509313464465377,1.4756446013547033,2.686144630003009,0.0,36.5,6.9
272,-55.00872191318191,2.463635817873278,98.14744192700574,15.81831476282957,2.3528041843128125,2.79635158857302,0.0,36.5,6.9
273,-23.90411839985216,3.725562634799643,98.02049952655993,16.153596285610824,3.2949793850400027,3.4146688261821514,0.032369717,36.5,6.9
274,123.88440732140387,5.85893303323664,98.23097528729866,16.177239727040615,4.0374996716888125,4.501773042900576,0.0,35.0,6.9
275,491.10257314011267,6.80367967030424,97.87625159832115,16.06980294483306,4.703350180836699,4.6795872576321855,0.0,35.0,6.9
276,839.3281104478964,7.362335880690591,97.40086191289274,16.36124091923457,5.750122051696928,4.573387750883176,0.040602245,35.0,6.9
277,1201.639875908525,8.031247672592968,97.11140292843427,16.752903666438144,6.854802741307457,4.4507797935878,0.0,35.0,6.9
278,1624.1993871652212,8.063126086192744,96.28080821718413,17.44570074290993,8.190583606360537,4.548060886285,0.041278175,35.0,6.9
279,2116.9543834280166,8.414303073355649,95.65579586462566,17.82970940985094,9.343534389014978,5.02321012489305,0.0,35.0,6.9
280,2708.708225243259,8.480735021348993,94.48764449100383,18.18463816263577,10.49696464656821,5.662455157340794,0.037833861,35.0,6.9
281,3378.781599068873,9.121078010320575,93.43299181407073,18.15549470361636,11.323157312848986,6.23092652088759,0.0,35.0,6.9
282,4131.3179772069,9.594456567213868,91.70443553416465,18.239904719469447,12.036093443658636,6.361834465556808,0.034067647,35.0,6.9
283,4940.5159733296305,10.451550237267877,89.80158050795087,18.240961197170733,12.325258322160584,5.943312859931242,0.0,35.0,6.9
284,5819.008520323938,10.875438532527367,86.94865342216568,18.558657988515208,12.28761272871761,4.906303497966024,0.0,35.0,6.9
285,75.02,1.5,98.60000000000001,15.440000000000001,0.73,2.79,0.0,36.5,7.3
286,41.034828876823155,3.023799091969841,98.91284811493367,15.320431232832844,1.1455292089976385,3.0716316972692415,0.0,36.5,7.3
287,69.5720020896306,4.905319520904545,99.20830706206,15.378823727850778,1.584763573445449,3.34310670580102,0.0,36.5,7.3
288,183.65256254289267,7.08691105461278,99.44742162397255,15.556408795930082,2.0465207444737987,3.8074320225380784,0.032369717,36.5,7.3
289,414.9550273645917,10.041299344794645,99.85128570396355,15.595956933189004,2.303007519183842,4.50949221895489,0.0,36.5,7.3
290,791.0225894654388,13.120298100565758,99.7975099837538,15.759628415614262,2.5982601012921847,5.430383903492625,0.0,36.5,7.3
291,1295.6481411632697,16.427997636489888,99.59593127399097,15.869198606123371,2.9904037715644787,6.695274806159904,0.040602245,35.0,7.3
292,2015.4532812578698,18.973849206414997,99.25778041238694,15.614669806944905,3.173150652464889,6.946941748789707,0.0,35.0,7.3
293,2739.943307893382,20.47938812423596,98.17002391227172,16.08410299016257,3.9323875448354877,6.709704472739172,0.041278175,35.0,7.3
294,3467.793314257645,21.516036073681875,97.08061726521498,16.750114687793083,4.958284229942689,6.569674827530628,0.0,35.0,7.3
295,4241.54299748281,21.33740237797653,95.33286350416654,17.695763450411633,6.431504534564374,6.877165506956864,0.037833861,35.0,7.3
296,5060.129094789831,20.930637899555038,93.74761080549601,18.236230658547452,7.975053291359489,7.778696517957873,0.0,35.0,7.3
297,5934.685196194015,19.847228277607286,91.72325131670468,18.60845234462539,9.78416152717935,8.927926503493348,0.034067647,35.0,7.3
298,6826.8881124449845,18.929682450135388,89.91343662440764,18.56441927418333,11.607739229249335,9.91581477899859,0.0,35.0,7.3
299,7725.352198662752,17.52979045835927,87.63532190864579,18.671255899900952,13.673760287846418,10.272765410028837,0.0,35.0,7.3
300,75.02,1.0,98.60000000000001,15.440000000000001,0.73,2.79,0.0,36.5,7.1
301,16.11164494869003,2.2223095845981495,98.6295817645619,15.414872348649112,1.310586905176171,2.8788881636361254,0.0,36.5,7.1
302,7.281640088224385,3.6844776693889116,98.67787449453289,15.598569245340173,1.968783878879131,3.0697291471870196,0.0,36.5,7.1
303,79.8742220715203,5.4062368447062115,98.73396057526624,15.855002540770455,2.670750064756901,3.611050424360115,0.037411268,36.5,7.1
304,270.84357686320277,8.023254316974123,99.07758549454229,15.863225202197823,3.1347810909836107,4.489156641370539,0.0,36.5,7.1
305,608.9195343437021,10.84528077378012,98.99610906413638,15.954468791767138,3.6399463850620366,5.582061609612291,0.0,35.0,7.1
306,1148.9917683434342,12.471217617191607,98.54327115700798,15.869836909176037,4.131573907326759,5.7885927569010756,0.0468399,35.0,7.1
307,1685.6784496421776,14.185934495155939,98.20552514774118,16.028940425753003,4.7635460514313115,5.553236799523488,0.0,35.0,7.1
308,2256.218336737866,14.880354192044363,97.11844921901307,16.793211095313808,5.82242645158501,5.266960616595448,0.04749481,35.0,7.1
309,2871.8378088059453,15.49219333056188,96.1617497850484,17.431535612470316,6.859251244496113,5.395628742751913,0.0,35.0,7.1
310,3573.910168734672,15.306149404277987,94.54254589708256,18.11561001860766,8.07038483402884,5.970030052275157,0.043439271,35.0,7.1
311,4344.242729093379,15.411440028081937,93.11525078834369,18.265421639986368,9.063017823274603,6.844734457656615,0.0,35.0,7.1
312,5183.005022721162,15.106548162196816,91.07742705313001,18.358606333913855,10.101789112653965,7.5276997960703405,0.039029597,35.0,7.1
313,6045.829607856401,15.135411984955041,89.08273157963198,18.199363615946922,10.898726862964986,7.696932387395646,0.0,35.0,7.1
314,6929.633803827793,14.59787655603527,86.29517018576888,18.371761481146596,11.665981426301428,7.089354107079587,0.0,35.0,7.1
315,75.02,0.5,98.60000000000001,15.440000000000001,0.73,2.79,0.0,36.5,7.3
316,-29.94716901734997,1.6433486964621518,99.03556353394102,15.33272593077629,1.395424611784628,3.0560870364017254,0.0,36.5,7.3
317,-80.4545074371905,3.1730017366181076,99.5173978183295,15.42047675252173,2.1153001356790164,3.3189983790204516,0.0,36.5,7.3
318,-47.86626862032956,5.060363816597878,100.00520958692914,15.634887374530358,2.8737962131703303,3.7988604223759816,0.042434169,36.5,7.3
319,108.48298297062976,7.9585331339491665,100.78857279851519,15.661451974704615,3.35607485256035,4.514879010411303,0.0,35.0,7.3
320,502.8096184628607,9.50173539786622,100.7482132054384,15.754522380072604,3.73326278490786,4.257434731651144,0.0,35.0,7.3
321,900.9304359885721,10.509499839167928,100.42965013491605,16.28562496677984,4.414004291489812,3.877083756571877,0.053031757,35.0,7.3
322,1346.0768329650382,11.710574480627342,100.25554540701147,16.762781729857743,4.941728575005577,3.6711578432945884,0.0,35.0,7.3
323,1884.4919417632366,12.161244135014208,99.28591801562528,17.449419023837557,5.557147409275186,3.773875242736651,0.053633643,35.0,7.3
324,2505.450654728653,13.048646767939497,98.48731696272161,17.6402325174118,5.777460993380987,4.205529219462509,0.0,35.0,7.3
325,3221.0684652638533,13.45186033210952,96.87530531794273,17.815577310467297,5.9119017484298855,4.592208448720477,0.048951202,35.0,7.3
326,3983.7874422030723,14.31933109952698,95.30359068485363,17.59261603298646,5.596393590153824,4.666242790137795,0.0,35.0,7.3
327,4785.03378462679,14.562492259442108,92.78512827122884,17.615673859427226,5.143721402397324,4.087943865473717,0.0438877,35.0,7.3
328,5581.452863608232,14.833943604430313,90.03221383710836,17.563843126210536,4.1710613946074995,2.8663883502303076,0.0,35.0,7.3
329,6378.366062005639,14.096985694744342,86.14132689758463,17.863895490315723,2.8212983099161213,1.0055755422984283,0.0,35.0,7.3
330,75.02,1.5,98.60000000000001,15.440000000000001,0.73,2.79,0.0,36.5,7.3
331,41.034828876823155,3.023799091969841,98.91284811493367,15.320431232832844,1.1455292089976385,3.0716316972692415,0.0,36.5,7.3
332,69.5720020896306,4.905319520904545,99.20830706206,15.378823727850778,1.584763573445449,3.34310670580102,0.0,36.5,7.3
333,183.65256254289267,7.08691105461278,99.44742162397255,15.556408795930082,2.0465207444737987,3.8074320225380784,0.042434169,36.5,7.3
334,417.79747918067875,10.18730504387574,99.92406084532412,15.549297140595343,2.232193732239277,4.4766011887836425,0.0,35.0,7.3
335,880.2333134365025,11.80764337991296,99.52789870014068,15.617617673670622,2.3278577133821736,4.145824697660324,0.0,35.0,7.3
336,1331.2147990635285,12.742353515109272,98.81908569563831,16.13140333605089,2.7543300860509605,3.6779397848525797,0.053031757,35.0,7.3
337,1808.7347802346217,13.706993879249746,98.24034844682944,16.591825528541705,3.0646043957354516,3.382077124037855,0.0,35.0,7.3
338,2353.895883659601,13.75667167578514,96.875723197176,17.254772244586352,3.507486954935917,3.3973127394278313,0.053633643,35.0,7.3
339,2950.8872519986385,14.086694574064916,95.71762335750005,17.411221533555114,3.607773676870586,3.740298003113168,0.0,35.0,7.3
340,3607.101867829924,13.790530707647068,93.80737368726982,17.543499810642743,3.681713594635229,4.028639432766458,0.048951202,35.0,7.3
341,4271.2319869234825,13.83572745833251,92.02306917657022,17.27492930705902,3.370396620553135,3.9876300050387625,0.0,35.0,7.3
342,4932.610651883715,13.15834136583419,89.40012259508246,17.25652845342461,2.9880832525961942,3.277177471695312,0.0438877,35.0,7.3
343,5547.939306984085,12.443331723730541,86.6711430264732,17.171066399626888,2.1483096207615704,1.9140088276238665,0.0,35.0,7.3
344,6124.883028653644,10.695861436079825,82.95041384768608,17.444466118789155,0.9849810620605781,-0.08478639010823569,0.0,35.0,7.3
345,75.02,1.5,98.60000000000001,15.440000000000001,0.73,2.79,0.0,36.5,7.3
346,41.034828876823155,3.023799091969841,98.91284811493367,15.320431232832844,1.1455292089976385,3.0716316972692415,0.0,36.5,7.3
347,69.5720020896306,4.905319520904545,99.20830706206,15.378823727850778,1.584763573445449,3.34310670580102,0.0,36.5,7.3
348,183.65256254289267,7.08691105461278,99.44742162397255,15.556408795930082,2.0465207444737987,3.8074320225380784,0.032369717,36.5,7.3
349,414.9550273645917,10.041299344794645,99.85128570396355,15.595956933189004,2.303007519183842,4.50949221895489,0.0,36.5,7.3
350,791.0225894654388,13.120298100565758,99.7975099837538,15.759628415614262,2.5982601012921847,5.430383903492625,0.0,36.5,7.3
351,1295.6481411632697,16.427997636489888,99.59593127399097,15.869198606123371,2.9904037715644787,6.695274806159904,0.040602245,35.0,7.3
352,2015.4532812578698,18.973849206414997,99.25778041238694,15.614669806944905,3.173150652464889,6.946941748789707,0.0,35.0,7.3
353,2739.943307893382,20.47938812423596,98.17002391227172,16.08410299016257,3.9323875448354877,6.709704472739172,0.041278175,35.0,7.3
354,3467.793314257645,21.516036073681875,97.08061726521498,16.750114687793083,4.958284229942689,6.569674827530628,0.0,35.0,7.3
355,4241.54299748281,21.33740237797653,95.33286350416654,17.695763450411633,6.431504534564374,6.877165506956864,0.037833861,35.0,7.3
356,5060.129094789831,20.930637899555038,93.74761080549601,18.236230658547452,7.975053291359489,7.778696517957873,0.0,35.0,7.3
357,5934.685196194015,19.847228277607286,91.72325131670468,18.60845234462539,9.78416152717935,8.927926503493348,0.034067647,35.0,7.3
358,6826.8881124449845,18.929682450135388,89.91343662440764,18.56441927418333,11.607739229249335,9.91581477899859,0.0,35.0,7.3
359,7725.352198662752,17.52979045835927,87.63532190864579,18.671255899900952,13.673760287846418,10.272765410028837,0.0,35.0,7.3
360,75.02,0.5,98.60000000000001,15.440000000000001,0.73,2.79,0.0,36.5,6.9
361,-8.811538979443098,1.420820077226458,98.34631541419014,15.509313464465377,1.4756446013547033,2.686144630003009,0.0,36.5,6.9
362,-55.00872191318191,2.463635817873278,98.14744192700574,15.81831476282957,2.3528041843128125,2.79635158857302,0.0,36.5,6.9
363,-23.90411839985216,3.725562634799643,98.02049952655993,16.153596285610824,3.2949793850400027,3.4146688261821514,0.042434169,36.5,6.9
364,126.72685913749098,6.0049387323177355,98.30375042865924,16.130579934446953,3.9666858847442468,4.468882012729329,0.0,36.5,6.9
365,426.7934072227298,8.569843258176764,98.19466292989156,16.14936702652045,4.681903075658115,5.733952596872941,0.0,36.5,6.9
366,848.7738004192192,11.592751160501797,98.07872536495364,16.092056502737144,5.522129296529185,7.221177646746767,0.053031757,35.0,6.9
367,1483.2267428047771,14.234063423337089,98.0198926218107,15.690431665142187,6.114014208871783,7.486297075935584,0.0,35.0,6.9
368,2133.2576752996138,15.912193738832057,97.12647025397662,16.21578097090378,7.322625381602331,7.099363810713806,0.053633643,35.0,6.9
369,2809.8520934033004,17.404845546379697,96.32396850679167,16.999450434186656,8.711276813354006,6.8126566911292405,0.0,35.0,6.9
370,3581.516332522441,17.751940898012652,94.70407360849335,18.15831798759803,10.483327072718023,7.09465184674944,0.048951202,35.0,6.9
371,4459.483022898763,18.224744989660298,93.27643214569359,18.798628122463136,12.123550975908346,8.165690258194982,0.0,35.0,6.9
372,5468.564595569614,18.22129156246413,91.21217386511063,19.210360956005854,13.867150559498421,9.606744321175318,0.0438877,35.0,6.9
373,6565.239032026073,18.78884226133061,89.3121213500064,19.05670318622752,15.390539001757862,10.905682054932235,0.0,35.0,6.9
374,7735.134887151815,19.027873614486666,86.66244172829595,19.061244814987003,17.011230535542282,11.45721535053224,0.0,35.0,6.9
375,75.02,0.5,98.60000000000001,15.440000000000001,0.73,2.79,0.0,36.5,6.9
376,-8.811538979443098,1.420820077226458,98.34631541419014,15.509313464465377,1.4756446013547033,2.686144630003009,0.0,36.5,6.9
377,-55.00872191318191,2.463635817873278,98.14744192700574,15.81831476282957,2.3528041843128125,2.79635158857302,0.0,36.5,6.9
378,-23.90411839985216,3.725562634799643,98.02049952655993,16.153596285610824,3.2949793850400027,3.4146688261821514,0.032369717,36.5,6.9
379,123.88440732140387,5.85893303323664,98.23097528729866,16.177239727040615,4.0374996716888125,4.501773042900576,0.0,35.0,6.9
380,491.10257314011267,6.80367967030424,97.87625159832115,16.06980294483306,4.703350180836699,4.6795872576321855,0.0,35.0,6.9
381,839.3281104478964,7.362335880690591,97.40086191289274,16.36124091923457,5.750122051696928,4.573387750883176,0.040602245,35.0,6.9
382,1201.639875908525,8.031247672592968,97.11140292843427,16.752903666438144,6.854802741307457,4.4507797935878,0.0,35.0,6.9
383,1624.1993871652212,8.063126086192744,96.28080821718413,17.44570074290993,8.190583606360537,4.548060886285,0.041278175,35.0,6.9
384,2116.9543834280166,8.414303073355649,95.65579586462566,17.82970940985094,9.343534389014978,5.02321012489305,0.0,35.0,6.9
385,2708.708225243259,8.480735021348993,94.48764449100383,18.18463816263577,10.49696464656821,5.662455157340794,0.037833861,35.0,6.9
386,3378.781599068873,9.121078010320575,93.43299181407073,18.15549470361636,11.323157312848986,6.23092652088759,0.0,35.0,6.9
387,4131.3179772069,9.594456567213868,91.70443553416465,18.239904719469447,12.036093443658636,6.361834465556808,0.034067647,35.0,6.9
388,4940.5159733296305,10.451550237267877,89.80158050795087,18.240961197170733,12.325258322160584,5.943312859931242,0.0,35.0,6.9
389,5819.008520323938,10.875438532527367,86.94865342216568,18.558657988515208,12.28761272871761,4.906303497966024,0.0,35.0,6.9
390,75.02,1.5,98.60000000000001,15.440000000000001,0.73,2.79,0.0,36.5,6.9
391,62.170458914730034,2.801270472734147,98.22359999518282,15.497018766521931,1.2257491985677138,2.701689290870525,0.0,36.5,6.9
392,95.01778761363913,4.195953602159716,97.83835117073625,15.776661738158614,1.8222676220792455,2.820459915353587,0.0,36.5,6.9
393,207.61471276337002,5.752109872814545,97.46271156360335,16.075117707010552,2.467703916343471,3.423240426344247,0.032369717,36.5,6.9
394,433.1989035314529,8.087704943163212,97.36646333410758,16.065084892931342,2.9136185513677386,4.463495221272916,0.0,35.0,6.9
395,868.5262681137544,9.109587652350978,96.65593709302341,15.932898238431079,3.2979451093110126,4.567977223641366,0.0,35.0,6.9
396,1269.612473522853,9.595189556631931,95.790297473615,16.207019288505617,4.0904478462580744,4.37424377916388,0.040602245,35.0,6.9
397,1664.2978231781085,10.027667071215367,95.09620596825224,16.58194746512211,4.97767856203733,4.161699074331067,0.0,35.0,6.9
398,2093.6033290615856,9.658553626963672,93.87061339873487,17.251053963658723,6.140923152021264,4.171498382976179,0.041278175,35.0,6.9
399,2562.3909806980005,9.452350879481054,92.88610225940411,17.60069842599425,7.173847072504575,4.557978908543708,0.0,35.0,6.9
400,3094.7416278093274,8.819405396886525,91.41971286033092,17.912560662811213,8.266776492773554,5.098886141386773,0.037833861,35.0,6.9
401,3666.2261437892803,8.637474369126082,90.15247030578735,17.83780797768892,9.097160343248301,5.552313735788555,0.0,35.0,6.9
402,4278.894844463823,8.190305673605918,88.31942985801828,17.88075931346684,9.880455293857516,5.551068071778403,0.034067647,35.0,6.9
403,4907.002416705479,8.060938356568068,86.44050969731573,17.84818447058709,10.30250654831467,4.9909333373248055,0.0,35.0,6.9
404,5565.5254869719365,7.47431427386281,83.75774037226718,18.139228616988643,10.451295480862091,3.815941565559369,0.0,35.0,6.9
405,75.02,1.5,98.60000000000001,15.440000000000001,0.73,2.79,0.0,36.5,7.3
406,41.034828876823155,3.023799091969841,98.91284811493367,15.320431232832844,1.1455292089976385,3.0716316972692415,0.0,36.5,7.3
407,69.5720020896306,4.905319520904545,99.20830706206,15.378823727850778,1.584763573445449,3.34310670580102,0.0,36.5,7.3
408,183.65256254289267,7.08691105461278,99.44742162397255,15.556408795930082,2.0465207444737987,3.8074320225380784,0.042434169,36.5,7.3
409,417.79747918067875,10.18730504387574,99.92406084532412,15.549297140595343,2.232193732239277,4.4766011887836425,0.0,36.5,7.3
410,803.4733684922792,13.347052534175623,99.82191000773246,15.72840508548614,2.4523353547478863,5.315286970196852,0.0,36.5,7.3
411,1318.1543150990606,16.700383215705187,99.54644021084509,15.865708762838414,2.7583705512238477,6.510502243438036,0.053031757,35.0,7.3
412,2052.887464194371,19.441829418204435,99.2033092762964,15.57201166709533,2.748483257882333,6.682268077587671,0.0,35.0,7.3
413,2801.4487398436877,21.042563726330215,97.94570457312011,16.054477731371385,3.285958137506598,6.329160068297904,0.053633643,35.0,7.3
414,3555.7891381157838,22.296636560385434,96.73320663244053,16.665538622841957,3.966900165576147,6.049709698439992,0.0,35.0,7.3
415,4360.726486295959,22.199569481143648,94.6783331544629,17.606471543008315,5.049790277674699,6.169000814565982,0.048951202,35.0,7.3
416,5206.031252771603,21.935016168613657,92.80706015684453,18.07714669222662,6.072921787485975,6.850545130152011,0.0,35.0,7.3
417,6102.2712332202245,20.816202319345894,90.31555612136655,18.4177185172932,7.301650947807642,7.725006915403582,0.0438877,35.0,7.3
418,6999.775239062759,19.85515309896436,88.04756024646817,18.2756138314335,8.410664764804064,8.396096400811718,0.0,35.0,7.3
419,7883.18079707214,18.189043488199225,85.14976203123105,18.309154422580946,9.691179578365803,8.369445436243398,0.0,35.0,7.3
420,75.02,1.5,98.60000000000001,15.440000000000001,0.73,2.79,0.0,36.5,6.9
421,62.170458914730034,2.801270472734147,98.22359999518282,15.497018766521931,1.2257491985677138,2.701689290870525,0.0,36.5,6.9
422,95.01778761363913,4.195953602159716,97.83835117073625,15.776661738158614,1.8222676220792455,2.820459915353587,0.0,36.5,6.9
423,207.61471276337002,5.752109872814545,97.46271156360335,16.075117707010552,2.467703916343471,3.423240426344247,0.032369717,36.5,6.9
424,433.1989035314529,8.087704943163212,97.36646333410758,16.065084892931342,2.9136185513677386,4.463495221272916,0.0,36.5,6.9
425,791.7663231695311,10.648996806613642,96.9499484006152,16.04368565024659,3.4224227506767253,5.737439496177894,0.0,36.5,6.9
426,1256.5519895583845,13.553219257227846,96.51765198882178,15.941324715293145,4.094488311430961,7.206806237749338,0.040602245,35.0,6.9
427,1908.4505071378583,15.762502610170062,96.0591667977192,15.56213360367573,4.66155742418421,7.4618900278808855,0.0,35.0,6.9
428,2541.1561852456725,16.944445677508757,94.94059477467897,16.050759450443756,5.919394334591943,7.103345711846253,0.041278175,35.0,6.9
429,3167.2928668151476,17.662292865801586,93.90168553434457,16.855015515281096,7.5329735612101345,6.867390603870533,0.0,35.0,6.9
430,3848.366246275365,17.228444170383113,92.29067232752404,17.975532395176785,9.63485317581302,7.239247523186297,0.037833861,35.0,6.9
431,4601.025409637404,16.736763079407243,90.93646128606166,18.640025362856523,11.79968551018114,8.415228860901804,0.0,35.0,6.9
432,5448.555425800333,15.848166627117644,89.23486338430237,19.041949377335428,14.194022989068962,9.99889751548667,0.034067647,35.0,6.9
433,6358.838348784154,15.472759731801917,87.81692691731068,18.9527319023937,16.56486169235716,11.473020910512657,0.0,35.0,6.9
434,7323.823255390435,14.967496325982244,85.95708855581212,19.003916920780433,19.1574939971673,12.270173391911003,0.0,35.0,6.9
435,75.02,0.5,98.60000000000001,15.440000000000001,0.73,2.79,0.0,36.5,6.9
436,-8.811538979443098,1.420820077226458,98.34631541419014,15.509313464465377,1.4756446013547033,2.686144630003009,0.0,36.5,6.9
437,-55.00872191318191,2.463635817873278,98.14744192700574,15.81831476282957,2.3528041843128125,2.79635158857302,0.0,36.5,6.9
438,-23.90411839985216,3.725562634799643,98.02049952655993,16.153596285610824,3.2949793850400027,3.4146688261821514,0.042434169,36.5,6.9
439,126.72685913749098,6.0049387323177355,98.30375042865924,16.130579934446953,3.9666858847442468,4.468882012729329,0.0,36.5,6.9
440,426.7934072227298,8.569843258176764,98.19466292989156,16.14936702652045,4.681903075658115,5.733952596872941,0.0,36.5,6.9
441,848.7738004192192,11.592751160501797,98.07872536495364,16.092056502737144,5.522129296529185,7.221177646746767,0.053031757,35.0,6.9
442,1483.2267428047771,14.234063423337089,98.0198926218107,15.690431665142187,6.114014208871783,7.486297075935584,0.0,35.0,6.9
443,2133.2576752996138,15.912193738832057,97.12647025397662,16.21578097090378,7.322625381602331,7.099363810713806,0.053633643,35.0,6.9
444,2809.8520934033004,17.404845546379697,96.32396850679167,16.999450434186656,8.711276813354006,6.8126566911292405,0.0,35.0,6.9
445,3581.516332522441,17.751940898012652,94.70407360849335,18.15831798759803,10.483327072718023,7.09465184674944,0.048951202,35.0,6.9
446,4459.483022898763,18.224744989660298,93.27643214569359,18.798628122463136,12.123550975908346,8.165690258194982,0.0,35.0,6.9
447,5468.564595569614,18.22129156246413,91.21217386511063,19.210360956005854,13.867150559498421,9.606744321175318,0.0438877,35.0,6.9
448,6565.239032026073,18.78884226133061,89.3121213500064,19.05670318622752,15.390539001757862,10.905682054932235,0.0,35.0,6.9
449,7735.134887151815,19.027873614486666,86.66244172829595,19.061244814987003,17.011230535542282,11.45721535053224,0.0,35.0,6.9
450,75.02,0.5,98.60000000000001,15.440000000000001,0.73,2.79,0.0,36.5,7.3
451,-29.94716901734997,1.6433486964621518,99.03556353394102,15.33272593077629,1.395424611784628,3.0560870364017254,0.0,36.5,7.3
452,-80.4545074371905,3.1730017366181076,99.5173978183295,15.42047675252173,2.1153001356790164,3.3189983790204516,0.0,36.5,7.3
453,-47.86626862032956,5.060363816597878,100.00520958692914,15.634887374530358,2.8737962131703303,3.7988604223759816,0.032369717,36.5,7.3
454,105.64053115454264,7.812527434868071,100.71579765715464,15.708111767298275,3.4268886395049156,4.54777004058255,0.0,35.0,7.3
455,490.35883943602045,9.27498096425636,100.72381318145975,15.785745710200727,3.8791875314521587,4.372531664946916,0.0,35.0,7.3
456,878.4242620527814,10.237114259952639,100.47914119806192,16.2891148100648,4.6460375118304444,4.061856319293742,0.040602245,35.0,7.3
457,1308.6426500285365,11.242594268837914,100.31001654310201,16.805439869707318,5.366395969588133,3.935831514496622,0.0,35.0,7.3
458,1822.9865098129317,11.598068532919974,99.51023735477689,17.479044282628745,6.203576816604072,4.154419647177918,0.041278175,35.0,7.3
459,2417.454830870516,12.268046281235971,98.83472759549608,17.724808582362925,6.768845057747517,4.725494348553145,0.0,35.0,7.3
460,3101.8849764507086,12.589693228942448,97.52983566764632,17.904869217870615,7.29361600531954,5.3003731411113595,0.037833861,35.0,7.3
461,3837.8852842213046,13.314952830468416,96.24414133350508,17.75169999930728,7.498525094027304,5.594394177943653,0.0,35.0,7.3
462,4617.447747600587,13.593518217703565,94.19282346656695,17.806407686759407,7.626231981768983,5.290863453563474,0.034067647,35.0,7.3
463,5408.565736990466,13.908472955601408,91.8980902150478,17.85264856896036,7.368135859052707,4.386106728417162,0.0,35.0,7.3
464,6220.537463596261,13.437732664904454,88.62688677499932,18.225996967635723,6.80387901939666,2.9088955160838403,0.0,35.0,7.3
465,75.02,0.5,98.60000000000001,15.440000000000001,0.73,2.79,0.0,36.5,7.3
466,-29.94716901734997,1.6433486964621518,99.03556353394102,15.33272593077629,1.395424611784628,3.0560870364017254,0.0,36.5,7.3
467,-80.4545074371905,3.1730017366181076,99.5173978183295,15.42047675252173,2.1153001356790164,3.3189983790204516,0.0,36.5,7.3
468,-47.86626862032956,5.060363816597878,100.00520958692914,15.634887374530358,2.8737962131703303,3.7988604223759816,0.042434169,36.5,7.3
469,108.48298297062976,7.9585331339491665,100.78857279851519,15.661451974704615,3.35607485256035,4.514879010411303,0.0,36.5,7.3
470,426.0496735186374,11.041144552128884,101.04222451303018,15.865309791888121,3.8577404262735726,5.426897004187672,0.0,36.5,7.3
471,887.8699520241041,14.467529539763847,101.15700465012283,16.019930393567368,4.4180447566627,6.709646215157333,0.053031757,35.0,7.3
472,1590.2295169247882,17.44541001958203,101.21850623647843,15.742967868411363,4.625607437152457,6.9713487968444054,0.0,35.0,7.3
473,2332.044797947324,19.447136185559273,100.35589939156938,16.24912451062259,5.335618591845867,6.7057225716067235,0.053633643,35.0,7.3
474,3110.3525408457986,21.258588754259996,99.50290023766209,16.894549606698643,6.13658748208655,6.514940914789333,0.0,35.0,7.3
475,3974.6930837298887,21.860899105606077,97.74626478513585,17.878549042832873,7.279978431469361,6.732569830520002,0.048951202,35.0,7.3
476,4918.586708051191,22.418619809808103,96.08758166512793,18.39483341815406,8.29891875708668,7.529157915251042,0.0,35.0,7.3
477,5954.694365963294,22.22035321295378,93.70056179751293,18.776863923295814,9.45728909760879,8.535773309181984,0.0438877,35.0,7.3
478,7033.288795686901,22.2457649796641,91.40863105710334,18.668390558017148,10.433416538650015,9.348475923418158,0.0,35.0,7.3
479,8136.663830424129,21.590167746863703,88.34067508112962,18.728583794107514,11.527496826221366,9.459807368650061,0.0,35.0,7.3
480,75.02,0.5,98.60000000000001,15.440000000000001,0.73,2.79,0.0,36.5,6.9
481,-8.811538979443098,1.420820077226458,98.34631541419014,15.509313464465377,1.4756446013547033,2.686144630003009,0.0,36.5,6.9
482,-55.00872191318191,2.463635817873278,98.14744192700574,15.81831476282957,2.3528041843128125,2.79635158857302,0.0,36.5,6.9
483,-23.90411839985216,3.725562634799643,98.02049952655993,16.153596285610824,3.2949793850400027,3.4146688261821514,0.032369717,36.5,6.9
484,123.88440732140387,5.85893303323664,98.23097528729866,16.177239727040615,4.0374996716888125,4.501773042900576,0.0,36.5,6.9
485,414.34262819588935,8.343088824566902,98.17026290591292,16.180590356648576,4.827827822202412,5.849049530168713,0.0,36.5,6.9
486,826.2676264834282,11.320365581286502,98.12821642809952,16.095546346022097,5.7541625168698145,7.405950209468634,0.040602245,35.0,6.9
487,1445.7925598682748,13.766083211547658,98.07436375790122,15.733089804991765,6.538681603454337,7.750970747137618,0.0,35.0,6.9
488,2071.7522433493077,15.349018136737818,97.35078959312823,16.245406229694964,7.969054788931217,7.479908215155072,0.041278175,35.0,6.9
489,2721.856269545162,16.62424505967616,96.67137913956613,17.08402649913778,9.702660877720538,7.332621820219875,0.0,35.0,6.9
490,3462.3328437092937,16.889773794845564,95.35860395819695,18.247609895001347,11.865041329607683,7.802816539140318,0.037833861,35.0,6.9
491,4313.580864916994,17.220366720601717,94.21698279434506,18.95771208878396,14.025682479781834,9.093841646000838,0.0,35.0,6.9
492,5300.9785585434065,17.252317520725562,92.61986906044874,19.40109478333804,16.3496611388701,10.809663909265076,0.034067647,35.0,6.9
493,6392.351905408302,17.86337161250169,91.17799772794585,19.345508628977342,18.587613466203095,12.425400433119096,0.0,35.0,6.9
494,7577.306288742431,18.36862058464677,89.14800160571066,19.423346292307002,20.993811245022844,13.360535324317661,0.0,35.0,6.9
495,75.02,1.0,98.60000000000001,15.440000000000001,0.73,2.79,0.0,36.5,7.1
496,16.11164494869003,2.2223095845981495,98.6295817645619,15.414872348649112,1.310586905176171,2.8788881636361254,0.0,36.5,7.1
497,7.281640088224385,3.6844776693889116,98.67787449453289,15.598569245340173,1.968783878879131,3.0697291471870196,0.0,36.5,7.1
498,79.8742220715203,5.4062368447062115,98.73396057526624,15.855002540770455,2.670750064756901,3.611050424360115,0.037411268,36.5,7.1
499,270.84357686320277,8.023254316974123,99.07758549454229,15.863225202197823,3.1347810909836107,4.489156641370539,0.0,36.5,7.1
500,608.9195343437021,10.84528077378012,98.99610906413638,15.954468791767138,3.6399463850620366,5.582061609612291,0.0,35.0,7.1
501,1148.9917683434342,12.471217617191607,98.54327115700798,15.869836909176037,4.131573907326759,5.7885927569010756,0.0468399,35.0,7.1
502,1685.6784496421776,14.185934495155939,98.20552514774118,16.028940425753003,4.7635460514313115,5.553236799523488,0.0,35.0,7.1
503,2256.218336737866,14.880354192044363,97.11844921901307,16.793211095313808,5.82242645158501,5.266960616595448,0.04749481,35.0,7.1
504,2871.8378088059453,15.49219333056188,96.1617497850484,17.431535612470316,6.859251244496113,5.395628742751913,0.0,35.0,7.1
505,3573.910168734672,15.306149404277987,94.54254589708256,18.11561001860766,8.07038483402884,5.970030052275157,0.043439271,35.0,7.1
506,4344.242729093379,15.411440028081937,93.11525078834369,18.265421639986368,9.063017823274603,6.844734457656615,0.0,35.0,7.1
507,5183.005022721162,15.106548162196816,91.07742705313001,18.358606333913855,10.101789112653965,7.5276997960703405,0.039029597,35.0,7.1
508,6045.829607856401,15.135411984955041,89.08273157963198,18.199363615946922,10.898726862964986,7.696932387395646,0.0,35.0,7.1
509,6929.633803827793,14.59787655603527,86.29517018576888,18.371761481146596,11.665981426301428,7.089354107079587,0.0,35.0,7.1
510,75.02,1.5,98.60000000000001,15.440000000000001,0.73,2.79,0.0,36.5,6.9
511,62.170458914730034,2.801270472734147,98.22359999518282,15.497018766521931,1.2257491985677138,2.701689290870525,0.0,36.5,6.9
512,95.01778761363913,4.195953602159716,97.83835117073625,15.776661738158614,1.8222676220792455,2.820459915353587,0.0,36.5,6.9
513,207.61471276337002,5.752109872814545,97.46271156360335,16.075117707010552,2.467703916343471,3.423240426344247,0.032369717,36.5,6.9
514,433.1989035314529,8.087704943163212,97.36646333410758,16.065084892931342,2.9136185513677386,4.463495221272916,0.0,35.0,6.9
515,868.5262681137544,9.109587652350978,96.65593709302341,15.932898238431079,3.2979451093110126,4.567977223641366,0.0,35.0,6.9
516,1269.612473522853,9.595189556631931,95.790297473615,16.207019288505617,4.0904478462580744,4.37424377916388,0.040602245,35.0,6.9
517,1664.2978231781085,10.027667071215367,95.09620596825224,16.58194746512211,4.97767856203733,4.161699074331067,0.0,35.0,6.9
518,2093.6033290615856,9.658553626963672,93.87061339873487,17.251053963658723,6.140923152021264,4.171498382976179,0.041278175,35.0,6.9
519,2562.3909806980005,9.452350879481054,92.88610225940411,17.60069842599425,7.173847072504575,4.557978908543708,0.0,35.0,6.9
520,3094.7416278093274,8.819405396886525,91.41971286033092,17.912560662811213,8.266776492773554,5.098886141386773,0.037833861,35.0,6.9
521,3666.2261437892803,8.637474369126082,90.15247030578735,17.83780797768892,9.097160343248301,5.552313735788555,0.0,35.0,6.9
522,4278.894844463823,8.190305673605918,88.31942985801828,17.88075931346684,9.880455293857516,5.551068071778403,0.034067647,35.0,6.9
523,4907.002416705479,8.060938356568068,86.44050969731573,17.84818447058709,10.30250654831467,4.9909333373248055,0.0,35.0,6.9
524,5565.5254869719365,7.47431427386281,83.75774037226718,18.139228616988643,10.451295480862091,3.815941565559369,0.0,35.0,6.9
525,75.02,0.5,98.60000000000001,15.440000000000001,0.73,2.79,0.0,36.5,6.9
526,-8.811538979443098,1.420820077226458,98.34631541419014,15.509313464465377,1.4756446013547033,2.686144630003009,0.0,36.5,6.9
527,-55.00872191318191,2.463635817873278,98.14744192700574,15.81831476282957,2.3528041843128125,2.79635158857302,0.0,36.5,6.9
528,-23.90411839985216,3.725562634799643,98.02049952655993,16.153596285610824,3.2949793850400027,3.4146688261821514,0.032369717,36.5,6.9
529,123.88440732140387,5.85893303323664,98.23097528729866,16.177239727040615,4.0374996716888125,4.501773042900576,0.0,36.5,6.9
530,414.34262819588935,8.343088824566902,98.17026290591292,16.180590356648576,4.827827822202412,5.849049530168713,0.0,36.5,6.9
531,826.2676264834282,11.320365581286502,98.12821642809952,16.095546346022097,5.7541625168698145,7.405950209468634,0.040602245,35.0,6.9
532,1445.7925598682748,13.766083211547658,98.07436375790122,15.733089804991765,6.538681603454337,7.750970747137618,0.0,35.0,6.9
533,2071.7522433493077,15.349018136737818,97.35078959312823,16.245406229694964,7.969054788931217,7.479908215155072,0.041278175,35.0,6.9
534,2721.856269545162,16.62424505967616,96.67137913956613,17.08402649913778,9.702660877720538,7.332621820219875,0.0,35.0,6.9
535,3462.3328437092937,16.889773794845564,95.35860395819695,18.247609895001347,11.865041329607683,7.802816539140318,0.037833861,35.0,6.9
536,4313.580864916994,17.220366720601717,94.21698279434506,18.95771208878396,14.025682479781834,9.093841646000838,0.0,35.0,6.9
537,5300.9785585434065,17.252317520725562,92.61986906044874,19.40109478333804,16.3496611388701,10.809663909265076,0.034067647,35.0,6.9
538,6392.351905408302,17.86337161250169,91.17799772794585,19.345508628977342,18.587613466203095,12.425400433119096,0.0,35.0,6.9
539,7577.306288742431,18.36862058464677,89.14800160571066,19.423346292307002,20.993811245022844,13.360535324317661,0.0,35.0,6.9
