Experiment,Batch,Day,iVCC,pH_setpoint,pH_setpoint_low,pH_setpoint_high,Temperature,Bolus_Feed,Normalized_Bolus_Feed,Volume
MPC25-001,MPC25-001-001,0,1.5,6.9,6.75,7.05,36.5,0,0,200
MPC25-001,MPC25-001-001,1,1.5,6.9,6.75,7.05,36.5,0,0,202.8233333
MPC25-001,MPC25-001-001,2,1.5,6.9,6.75,7.05,36.5,0,0,205.66
MPC25-001,MPC25-001-001,3,1.5,6.9,6.75,7.05,36.5,9.572727273,0.045772459,209.1372727
MPC25-001,MPC25-001-001,4,1.5,6.9,6.75,7.05,36.5,0,0,204.2772727
MPC25-001,MPC25-001-001,5,1.5,6.9,6.75,7.05,36.5,0,0,207.0472727
MPC25-001,MPC25-001-001,6,1.5,6.9,6.75,7.05,35,12.02727273,0.057134467,210.5081818
MPC25-001,MPC25-001-001,7,1.5,6.9,6.75,7.05,35,0,0,203.7481818
MPC25-001,MPC25-001-001,8,1.5,6.9,6.75,7.05,35,12.02727273,0.057683692,208.5038636
MPC25-001,MPC25-001-001,9,1.5,6.9,6.75,7.05,35,0,0,201.7838636
MPC25-001,MPC25-001-001,10,1.5,6.9,6.75,7.05,35,10.8,0.052575037,205.4206818
MPC25-001,MPC25-001-001,11,1.5,6.9,6.75,7.05,35,0,0,199.6806818
MPC25-001,MPC25-001-001,12,1.5,6.9,6.75,7.05,35,9.572727273,0.047070341,203.3706818
MPC25-001,MPC25-001-001,13,1.5,6.9,6.75,7.05,35,0,0,198.5806818
MPC25-001,MPC25-001-001,14,1.5,6.9,6.75,7.05,35,0,0,204.3206818
MPC25-001,MPC25-001-002,0,1.5,7.3,7.15,7.45,36.5,0,0,200
MPC25-001,MPC25-001-002,1,1.5,7.3,7.15,7.45,36.5,0,0,202.8233333
MPC25-001,MPC25-001-002,2,1.5,7.3,7.15,7.45,36.5,0,0,205.66
MPC25-001,MPC25-001-002,3,1.5,7.3,7.15,7.45,36.5,6.027272727,0.028998269,207.8493939
MPC25-001,MPC25-001-002,4,1.5,7.3,7.15,7.45,35,0,0,202.9893939
MPC25-001,MPC25-001-002,5,1.5,7.3,7.15,7.45,35,0,0,205.7593939
MPC25-001,MPC25-001-002,6,1.5,7.3,7.15,7.45,35,7.572727273,0.036418113,207.9384848
MPC25-001,MPC25-001-002,7,1.5,7.3,7.15,7.45,35,0,0,201.1784848
MPC25-001,MPC25-001-002,8,1.5,7.3,7.15,7.45,35,7.572727273,0.037089794,204.172803
MPC25-001,MPC25-001-002,9,1.5,7.3,7.15,7.45,35,0,0,197.452803
MPC25-001,MPC25-001-002,10,1.5,7.3,7.15,7.45,35,6.8,0.034043806,199.7426515
MPC25-001,MPC25-001-002,11,1.5,7.3,7.15,7.45,35,0,0,194.0026515
MPC25-001,MPC25-001-002,12,1.5,7.3,7.15,7.45,35,6.027272727,0.030700331,196.3259848
MPC25-001,MPC25-001-002,13,1.5,7.3,7.15,7.45,35,0,0,191.5359848
MPC25-001,MPC25-001-002,14,1.5,7.3,7.15,7.45,35,0,0,197.2759848
MPC25-001,MPC25-001-003,0,1.5,7.3,7.15,7.45,36.5,0,0,200
MPC25-001,MPC25-001-003,1,1.5,7.3,7.15,7.45,36.5,0,0,202.8233333
MPC25-001,MPC25-001-003,2,1.5,7.3,7.15,7.45,36.5,0,0,205.66
MPC25-001,MPC25-001-003,3,1.5,7.3,7.15,7.45,36.5,6.027272727,0.028998269,207.8493939
MPC25-001,MPC25-001-003,4,1.5,7.3,7.15,7.45,35,0,0,202.9893939
MPC25-001,MPC25-001-003,5,1.5,7.3,7.15,7.45,35,0,0,205.7593939
MPC25-001,MPC25-001-003,6,1.5,7.3,7.15,7.45,35,7.572727273,0.036418113,207.9384848
MPC25-001,MPC25-001-003,7,1.5,7.3,7.15,7.45,35,0,0,201.1784848
MPC25-001,MPC25-001-003,8,1.5,7.3,7.15,7.45,35,7.572727273,0.037089794,204.172803
MPC25-001,MPC25-001-003,9,1.5,7.3,7.15,7.45,35,0,0,197.452803
MPC25-001,MPC25-001-003,10,1.5,7.3,7.15,7.45,35,6.8,0.034043806,199.7426515
MPC25-001,MPC25-001-003,11,1.5,7.3,7.15,7.45,35,0,0,194.0026515
MPC25-001,MPC25-001-003,12,1.5,7.3,7.15,7.45,35,6.027272727,0.030700331,196.3259848
MPC25-001,MPC25-001-003,13,1.5,7.3,7.15,7.45,35,0,0,191.5359848
MPC25-001,MPC25-001-003,14,1.5,7.3,7.15,7.45,35,0,0,197.2759848
MPC25-001,MPC25-001-004,0,1.5,6.9,6.75,7.05,36.5,0,0,200
MPC25-001,MPC25-001-004,1,1.5,6.9,6.75,7.05,36.5,0,0,202.8233333
MPC25-001,MPC25-001-004,2,1.5,6.9,6.75,7.05,36.5,0,0,205.66
MPC25-001,MPC25-001-004,3,1.5,6.9,6.75,7.05,36.5,9.572727273,0.045772459,209.1372727
MPC25-001,MPC25-001-004,4,1.5,6.9,6.75,7.05,35,0,0,204.2772727
MPC25-001,MPC25-001-004,5,1.5,6.9,6.75,7.05,35,0,0,207.0472727
MPC25-001,MPC25-001-004,6,1.5,6.9,6.75,7.05,35,12.02727273,0.057134467,210.5081818
MPC25-001,MPC25-001-004,7,1.5,6.9,6.75,7.05,35,0,0,203.7481818
MPC25-001,MPC25-001-004,8,1.5,6.9,6.75,7.05,35,12.02727273,0.057683692,208.5038636
MPC25-001,MPC25-001-004,9,1.5,6.9,6.75,7.05,35,0,0,201.7838636
MPC25-001,MPC25-001-004,10,1.5,6.9,6.75,7.05,35,10.8,0.052575037,205.4206818
MPC25-001,MPC25-001-004,11,1.5,6.9,6.75,7.05,35,0,0,199.6806818
MPC25-001,MPC25-001-004,12,1.5,6.9,6.75,7.05,35,9.572727273,0.047070341,203.3706818
MPC25-001,MPC25-001-004,13,1.5,6.9,6.75,7.05,35,0,0,198.5806818
MPC25-001,MPC25-001-004,14,1.5,6.9,6.75,7.05,35,0,0,204.3206818
MPC25-001,MPC25-001-005,0,1,7.1,6.95,7.25,36.5,0,0,200
MPC25-001,MPC25-001-005,1,1,7.1,6.95,7.25,36.5,0,0,202.8233333
MPC25-001,MPC25-001-005,2,1,7.1,6.95,7.25,36.5,0,0,205.66
MPC25-001,MPC25-001-005,3,1,7.1,6.95,7.25,36.5,7.8,0.037411268,208.4933333
MPC25-001,MPC25-001-005,4,1,7.1,6.95,7.25,36.5,0,0,203.6333333
MPC25-001,MPC25-001-005,5,1,7.1,6.95,7.25,35,0,0,206.4033333
MPC25-001,MPC25-001-005,6,1,7.1,6.95,7.25,35,9.8,0.0468399,209.2233333
MPC25-001,MPC25-001-005,7,1,7.1,6.95,7.25,35,0,0,202.4633333
MPC25-001,MPC25-001-005,8,1,7.1,6.95,7.25,35,9.8,0.04749481,206.3383333
MPC25-001,MPC25-001-005,9,1,7.1,6.95,7.25,35,0,0,199.6183333
MPC25-001,MPC25-001-005,10,1,7.1,6.95,7.25,35,8.8,0.043439271,202.5816667
MPC25-001,MPC25-001-005,11,1,7.1,6.95,7.25,35,0,0,196.8416667
MPC25-001,MPC25-001-005,12,1,7.1,6.95,7.25,35,7.8,0.039029597,199.8483333
MPC25-001,MPC25-001-005,13,1,7.1,6.95,7.25,35,0,0,195.0583333
MPC25-001,MPC25-001-005,14,1,7.1,6.95,7.25,35,0,0,200.7983333
MPC25-001,MPC25-001-006,0,0.5,7.3,7.15,7.45,36.5,0,0,200
MPC25-001,MPC25-001-006,1,0.5,7.3,7.15,7.45,36.5,0,0,202.8233333
MPC25-001,MPC25-001-006,2,0.5,7.3,7.15,7.45,36.5,0,0,205.66
MPC25-001,MPC25-001-006,3,0.5,7.3,7.15,7.45,36.5,6.027272727,0.028998269,207.8493939
MPC25-001,MPC25-001-006,4,0.5,7.3,7.15,7.45,36.5,0,0,202.9893939
MPC25-001,MPC25-001-006,5,0.5,7.3,7.15,7.45,36.5,0,0,205.7593939
MPC25-001,MPC25-001-006,6,0.5,7.3,7.15,7.45,35,7.572727273,0.036418113,207.9384848
MPC25-001,MPC25-001-006,7,0.5,7.3,7.15,7.45,35,0,0,201.1784848
MPC25-001,MPC25-001-006,8,0.5,7.3,7.15,7.45,35,7.572727273,0.037089794,204.172803
MPC25-001,MPC25-001-006,9,0.5,7.3,7.15,7.45,35,0,0,197.452803
MPC25-001,MPC25-001-006,10,0.5,7.3,7.15,7.45,35,6.8,0.034043806,199.7426515
MPC25-001,MPC25-001-006,11,0.5,7.3,7.15,7.45,35,0,0,194.0026515
MPC25-001,MPC25-001-006,12,0.5,7.3,7.15,7.45,35,6.027272727,0.030700331,196.3259848
MPC25-001,MPC25-001-006,13,0.5,7.3,7.15,7.45,35,0,0,191.5359848
MPC25-001,MPC25-001-006,14,0.5,7.3,7.15,7.45,35,0,0,197.2759848
MPC25-001,MPC25-001-007,0,1.5,7.3,7.15,7.45,36.5,0,0,200
MPC25-001,MPC25-001-007,1,1.5,7.3,7.15,7.45,36.5,0,0,202.8233333
MPC25-001,MPC25-001-007,2,1.5,7.3,7.15,7.45,36.5,0,0,205.66
MPC25-001,MPC25-001-007,3,1.5,7.3,7.15,7.45,36.5,9.572727273,0.045772459,209.1372727
MPC25-001,MPC25-001-007,4,1.5,7.3,7.15,7.45,35,0,0,204.2772727
MPC25-001,MPC25-001-007,5,1.5,7.3,7.15,7.45,35,0,0,207.0472727
MPC25-001,MPC25-001-007,6,1.5,7.3,7.15,7.45,35,12.02727273,0.057134467,210.5081818
MPC25-001,MPC25-001-007,7,1.5,7.3,7.15,7.45,35,0,0,203.7481818
MPC25-001,MPC25-001-007,8,1.5,7.3,7.15,7.45,35,12.02727273,0.057683692,208.5038636
MPC25-001,MPC25-001-007,9,1.5,7.3,7.15,7.45,35,0,0,201.7838636
MPC25-001,MPC25-001-007,10,1.5,7.3,7.15,7.45,35,10.8,0.052575037,205.4206818
MPC25-001,MPC25-001-007,11,1.5,7.3,7.15,7.45,35,0,0,199.6806818
MPC25-001,MPC25-001-007,12,1.5,7.3,7.15,7.45,35,9.572727273,0.047070341,203.3706818
MPC25-001,MPC25-001-007,13,1.5,7.3,7.15,7.45,35,0,0,198.5806818
MPC25-001,MPC25-001-007,14,1.5,7.3,7.15,7.45,35,0,0,204.3206818
MPC25-001,MPC25-001-008,0,0.5,7.3,7.15,7.45,36.5,0,0,200
MPC25-001,MPC25-001-008,1,0.5,7.3,7.15,7.45,36.5,0,0,202.8233333
MPC25-001,MPC25-001-008,2,0.5,7.3,7.15,7.45,36.5,0,0,205.66
MPC25-001,MPC25-001-008,3,0.5,7.3,7.15,7.45,36.5,6.027272727,0.028998269,207.8493939
MPC25-001,MPC25-001-008,4,0.5,7.3,7.15,7.45,36.5,0,0,202.9893939
MPC25-001,MPC25-001-008,5,0.5,7.3,7.15,7.45,36.5,0,0,205.7593939
MPC25-001,MPC25-001-008,6,0.5,7.3,7.15,7.45,35,7.572727273,0.036418113,207.9384848
MPC25-001,MPC25-001-008,7,0.5,7.3,7.15,7.45,35,0,0,201.1784848
MPC25-001,MPC25-001-008,8,0.5,7.3,7.15,7.45,35,7.572727273,0.037089794,204.172803
MPC25-001,MPC25-001-008,9,0.5,7.3,7.15,7.45,35,0,0,197.452803
MPC25-001,MPC25-001-008,10,0.5,7.3,7.15,7.45,35,6.8,0.034043806,199.7426515
MPC25-001,MPC25-001-008,11,0.5,7.3,7.15,7.45,35,0,0,194.0026515
MPC25-001,MPC25-001-008,12,0.5,7.3,7.15,7.45,35,6.027272727,0.030700331,196.3259848
MPC25-001,MPC25-001-008,13,0.5,7.3,7.15,7.45,35,0,0,191.5359848
MPC25-001,MPC25-001-008,14,0.5,7.3,7.15,7.45,35,0,0,197.2759848
MPC25-001,MPC25-001-009,0,0.5,6.9,6.75,7.05,36.5,0,0,200
MPC25-001,MPC25-001-009,1,0.5,6.9,6.75,7.05,36.5,0,0,202.8233333
MPC25-001,MPC25-001-009,2,0.5,6.9,6.75,7.05,36.5,0,0,205.66
MPC25-001,MPC25-001-009,3,0.5,6.9,6.75,7.05,36.5,9.572727273,0.045772459,209.1372727
MPC25-001,MPC25-001-009,4,0.5,6.9,6.75,7.05,35,0,0,204.2772727
MPC25-001,MPC25-001-009,5,0.5,6.9,6.75,7.05,35,0,0,207.0472727
MPC25-001,MPC25-001-009,6,0.5,6.9,6.75,7.05,35,12.02727273,0.057134467,210.5081818
MPC25-001,MPC25-001-009,7,0.5,6.9,6.75,7.05,35,0,0,203.7481818
MPC25-001,MPC25-001-009,8,0.5,6.9,6.75,7.05,35,12.02727273,0.057683692,208.5038636
MPC25-001,MPC25-001-009,9,0.5,6.9,6.75,7.05,35,0,0,201.7838636
MPC25-001,MPC25-001-009,10,0.5,6.9,6.75,7.05,35,10.8,0.052575037,205.4206818
MPC25-001,MPC25-001-009,11,0.5,6.9,6.75,7.05,35,0,0,199.6806818
MPC25-001,MPC25-001-009,12,0.5,6.9,6.75,7.05,35,9.572727273,0.047070341,203.3706818
MPC25-001,MPC25-001-009,13,0.5,6.9,6.75,7.05,35,0,0,198.5806818
MPC25-001,MPC25-001-009,14,0.5,6.9,6.75,7.05,35,0,0,204.3206818
MPC25-001,MPC25-001-010,0,1.5,6.9,6.75,7.05,36.5,0,0,200
MPC25-001,MPC25-001-010,1,1.5,6.9,6.75,7.05,36.5,0,0,202.8233333
MPC25-001,MPC25-001-010,2,1.5,6.9,6.75,7.05,36.5,0,0,205.66
MPC25-001,MPC25-001-010,3,1.5,6.9,6.75,7.05,36.5,9.572727273,0.045772459,209.1372727
MPC25-001,MPC25-001-010,4,1.5,6.9,6.75,7.05,35,0,0,204.2772727
MPC25-001,MPC25-001-010,5,1.5,6.9,6.75,7.05,35,0,0,207.0472727
MPC25-001,MPC25-001-010,6,1.5,6.9,6.75,7.05,35,12.02727273,0.057134467,210.5081818
MPC25-001,MPC25-001-010,7,1.5,6.9,6.75,7.05,35,0,0,203.7481818
MPC25-001,MPC25-001-010,8,1.5,6.9,6.75,7.05,35,12.02727273,0.057683692,208.5038636
MPC25-001,MPC25-001-010,9,1.5,6.9,6.75,7.05,35,0,0,201.7838636
MPC25-001,MPC25-001-010,10,1.5,6.9,6.75,7.05,35,10.8,0.052575037,205.4206818
MPC25-001,MPC25-001-010,11,1.5,6.9,6.75,7.05,35,0,0,199.6806818
MPC25-001,MPC25-001-010,12,1.5,6.9,6.75,7.05,35,9.572727273,0.047070341,203.3706818
MPC25-001,MPC25-001-010,13,1.5,6.9,6.75,7.05,35,0,0,198.5806818
MPC25-001,MPC25-001-010,14,1.5,6.9,6.75,7.05,35,0,0,204.3206818
MPC25-001,MPC25-001-011,0,1,7.1,6.95,7.25,36.5,0,0,200
MPC25-001,MPC25-001-011,1,1,7.1,6.95,7.25,36.5,0,0,202.8233333
MPC25-001,MPC25-001-011,2,1,7.1,6.95,7.25,36.5,0,0,205.66
MPC25-001,MPC25-001-011,3,1,7.1,6.95,7.25,36.5,7.8,0.037411268,208.4933333
MPC25-001,MPC25-001-011,4,1,7.1,6.95,7.25,36.5,0,0,203.6333333
MPC25-001,MPC25-001-011,5,1,7.1,6.95,7.25,35,0,0,206.4033333
MPC25-001,MPC25-001-011,6,1,7.1,6.95,7.25,35,9.8,0.0468399,209.2233333
MPC25-001,MPC25-001-011,7,1,7.1,6.95,7.25,35,0,0,202.4633333
MPC25-001,MPC25-001-011,8,1,7.1,6.95,7.25,35,9.8,0.04749481,206.3383333
MPC25-001,MPC25-001-011,9,1,7.1,6.95,7.25,35,0,0,199.6183333
MPC25-001,MPC25-001-011,10,1,7.1,6.95,7.25,35,8.8,0.043439271,202.5816667
MPC25-001,MPC25-001-011,11,1,7.1,6.95,7.25,35,0,0,196.8416667
MPC25-001,MPC25-001-011,12,1,7.1,6.95,7.25,35,7.8,0.039029597,199.8483333
MPC25-001,MPC25-001-011,13,1,7.1,6.95,7.25,35,0,0,195.0583333
MPC25-001,MPC25-001-011,14,1,7.1,6.95,7.25,35,0,0,200.7983333
MPC25-001,MPC25-001-012,0,1.5,6.9,6.75,7.05,36.5,0,0,200
MPC25-001,MPC25-001-012,1,1.5,6.9,6.75,7.05,36.5,0,0,202.8233333
MPC25-001,MPC25-001-012,2,1.5,6.9,6.75,7.05,36.5,0,0,205.66
MPC25-001,MPC25-001-012,3,1.5,6.9,6.75,7.05,36.5,9.572727273,0.045772459,209.1372727
MPC25-001,MPC25-001-012,4,1.5,6.9,6.75,7.05,36.5,0,0,204.2772727
MPC25-001,MPC25-001-012,5,1.5,6.9,6.75,7.05,36.5,0,0,207.0472727
MPC25-001,MPC25-001-012,6,1.5,6.9,6.75,7.05,35,12.02727273,0.057134467,210.5081818
MPC25-001,MPC25-001-012,7,1.5,6.9,6.75,7.05,35,0,0,203.7481818
MPC25-001,MPC25-001-012,8,1.5,6.9,6.75,7.05,35,12.02727273,0.057683692,208.5038636
MPC25-001,MPC25-001-012,9,1.5,6.9,6.75,7.05,35,0,0,201.7838636
MPC25-001,MPC25-001-012,10,1.5,6.9,6.75,7.05,35,10.8,0.052575037,205.4206818
MPC25-001,MPC25-001-012,11,1.5,6.9,6.75,7.05,35,0,0,199.6806818
MPC25-001,MPC25-001-012,12,1.5,6.9,6.75,7.05,35,9.572727273,0.047070341,203.3706818
MPC25-001,MPC25-001-012,13,1.5,6.9,6.75,7.05,35,0,0,198.5806818
MPC25-001,MPC25-001-012,14,1.5,6.9,6.75,7.05,35,0,0,204.3206818
MPC25-001,MPC25-001-013,0,1.5,6.9,6.75,7.05,36.5,0,0,200
MPC25-001,MPC25-001-013,1,1.5,6.9,6.75,7.05,36.5,0,0,202.8233333
MPC25-001,MPC25-001-013,2,1.5,6.9,6.75,7.05,36.5,0,0,205.66
MPC25-001,MPC25-001-013,3,1.5,6.9,6.75,7.05,36.5,6.027272727,0.028998269,207.8493939
MPC25-001,MPC25-001-013,4,1.5,6.9,6.75,7.05,36.5,0,0,202.9893939
MPC25-001,MPC25-001-013,5,1.5,6.9,6.75,7.05,36.5,0,0,205.7593939
MPC25-001,MPC25-001-013,6,1.5,6.9,6.75,7.05,35,7.572727273,0.036418113,207.9384848
MPC25-001,MPC25-001-013,7,1.5,6.9,6.75,7.05,35,0,0,201.1784848
MPC25-001,MPC25-001-013,8,1.5,6.9,6.75,7.05,35,7.572727273,0.037089794,204.172803
MPC25-001,MPC25-001-013,9,1.5,6.9,6.75,7.05,35,0,0,197.452803
MPC25-001,MPC25-001-013,10,1.5,6.9,6.75,7.05,35,6.8,0.034043806,199.7426515
MPC25-001,MPC25-001-013,11,1.5,6.9,6.75,7.05,35,0,0,194.0026515
MPC25-001,MPC25-001-013,12,1.5,6.9,6.75,7.05,35,6.027272727,0.030700331,196.3259848
MPC25-001,MPC25-001-013,13,1.5,6.9,6.75,7.05,35,0,0,191.5359848
MPC25-001,MPC25-001-013,14,1.5,6.9,6.75,7.05,35,0,0,197.2759848
MPC25-001,MPC25-001-014,0,1.5,7.3,7.15,7.45,36.5,0,0,200
MPC25-001,MPC25-001-014,1,1.5,7.3,7.15,7.45,36.5,0,0,202.8233333
MPC25-001,MPC25-001-014,2,1.5,7.3,7.15,7.45,36.5,0,0,205.66
MPC25-001,MPC25-001-014,3,1.5,7.3,7.15,7.45,36.5,9.572727273,0.045772459,209.1372727
MPC25-001,MPC25-001-014,4,1.5,7.3,7.15,7.45,36.5,0,0,204.2772727
MPC25-001,MPC25-001-014,5,1.5,7.3,7.15,7.45,36.5,0,0,207.0472727
MPC25-001,MPC25-001-014,6,1.5,7.3,7.15,7.45,35,12.02727273,0.057134467,210.5081818
MPC25-001,MPC25-001-014,7,1.5,7.3,7.15,7.45,35,0,0,203.7481818
MPC25-001,MPC25-001-014,8,1.5,7.3,7.15,7.45,35,12.02727273,0.057683692,208.5038636
MPC25-001,MPC25-001-014,9,1.5,7.3,7.15,7.45,35,0,0,201.7838636
MPC25-001,MPC25-001-014,10,1.5,7.3,7.15,7.45,35,10.8,0.052575037,205.4206818
MPC25-001,MPC25-001-014,11,1.5,7.3,7.15,7.45,35,0,0,199.6806818
MPC25-001,MPC25-001-014,12,1.5,7.3,7.15,7.45,35,9.572727273,0.047070341,203.3706818
MPC25-001,MPC25-001-014,13,1.5,7.3,7.15,7.45,35,0,0,198.5806818
MPC25-001,MPC25-001-014,14,1.5,7.3,7.15,7.45,35,0,0,204.3206818
MPC25-001,MPC25-001-015,0,0.5,7.3,7.15,7.45,36.5,0,0,200
MPC25-001,MPC25-001-015,1,0.5,7.3,7.15,7.45,36.5,0,0,202.8233333
MPC25-001,MPC25-001-015,2,0.5,7.3,7.15,7.45,36.5,0,0,205.66
MPC25-001,MPC25-001-015,3,0.5,7.3,7.15,7.45,36.5,6.027272727,0.028998269,207.8493939
MPC25-001,MPC25-001-015,4,0.5,7.3,7.15,7.45,35,0,0,202.9893939
MPC25-001,MPC25-001-015,5,0.5,7.3,7.15,7.45,35,0,0,205.7593939
MPC25-001,MPC25-001-015,6,0.5,7.3,7.15,7.45,35,7.572727273,0.036418113,207.9384848
MPC25-001,MPC25-001-015,7,0.5,7.3,7.15,7.45,35,0,0,201.1784848
MPC25-001,MPC25-001-015,8,0.5,7.3,7.15,7.45,35,7.572727273,0.037089794,204.172803
MPC25-001,MPC25-001-015,9,0.5,7.3,7.15,7.45,35,0,0,197.452803
MPC25-001,MPC25-001-015,10,0.5,7.3,7.15,7.45,35,6.8,0.034043806,199.7426515
MPC25-001,MPC25-001-015,11,0.5,7.3,7.15,7.45,35,0,0,194.0026515
MPC25-001,MPC25-001-015,12,0.5,7.3,7.15,7.45,35,6.027272727,0.030700331,196.3259848
MPC25-001,MPC25-001-015,13,0.5,7.3,7.15,7.45,35,0,0,191.5359848
MPC25-001,MPC25-001-015,14,0.5,7.3,7.15,7.45,35,0,0,197.2759848
MPC25-001,MPC25-001-016,0,0.5,7.3,7.15,7.45,36.5,0,0,200
MPC25-001,MPC25-001-016,1,0.5,7.3,7.15,7.45,36.5,0,0,202.8233333
MPC25-001,MPC25-001-016,2,0.5,7.3,7.15,7.45,36.5,0,0,205.66
MPC25-001,MPC25-001-016,3,0.5,7.3,7.15,7.45,36.5,9.572727273,0.045772459,209.1372727
MPC25-001,MPC25-001-016,4,0.5,7.3,7.15,7.45,35,0,0,204.2772727
MPC25-001,MPC25-001-016,5,0.5,7.3,7.15,7.45,35,0,0,207.0472727
MPC25-001,MPC25-001-016,6,0.5,7.3,7.15,7.45,35,12.02727273,0.057134467,210.5081818
MPC25-001,MPC25-001-016,7,0.5,7.3,7.15,7.45,35,0,0,203.7481818
MPC25-001,MPC25-001-016,8,0.5,7.3,7.15,7.45,35,12.02727273,0.057683692,208.5038636
MPC25-001,MPC25-001-016,9,0.5,7.3,7.15,7.45,35,0,0,201.7838636
MPC25-001,MPC25-001-016,10,0.5,7.3,7.15,7.45,35,10.8,0.052575037,205.4206818
MPC25-001,MPC25-001-016,11,0.5,7.3,7.15,7.45,35,0,0,199.6806818
MPC25-001,MPC25-001-016,12,0.5,7.3,7.15,7.45,35,9.572727273,0.047070341,203.3706818
MPC25-001,MPC25-001-016,13,0.5,7.3,7.15,7.45,35,0,0,198.5806818
MPC25-001,MPC25-001-016,14,0.5,7.3,7.15,7.45,35,0,0,204.3206818
MPC25-001,MPC25-001-017,0,0.5,6.9,6.75,7.05,36.5,0,0,200
MPC25-001,MPC25-001-017,1,0.5,6.9,6.75,7.05,36.5,0,0,202.8233333
MPC25-001,MPC25-001-017,2,0.5,6.9,6.75,7.05,36.5,0,0,205.66
MPC25-001,MPC25-001-017,3,0.5,6.9,6.75,7.05,36.5,9.572727273,0.045772459,209.1372727
MPC25-001,MPC25-001-017,4,0.5,6.9,6.75,7.05,35,0,0,204.2772727
MPC25-001,MPC25-001-017,5,0.5,6.9,6.75,7.05,35,0,0,207.0472727
MPC25-001,MPC25-001-017,6,0.5,6.9,6.75,7.05,35,12.02727273,0.057134467,210.5081818
MPC25-001,MPC25-001-017,7,0.5,6.9,6.75,7.05,35,0,0,203.7481818
MPC25-001,MPC25-001-017,8,0.5,6.9,6.75,7.05,35,12.02727273,0.057683692,208.5038636
MPC25-001,MPC25-001-017,9,0.5,6.9,6.75,7.05,35,0,0,201.7838636
MPC25-001,MPC25-001-017,10,0.5,6.9,6.75,7.05,35,10.8,0.052575037,205.4206818
MPC25-001,MPC25-001-017,11,0.5,6.9,6.75,7.05,35,0,0,199.6806818
MPC25-001,MPC25-001-017,12,0.5,6.9,6.75,7.05,35,9.572727273,0.047070341,203.3706818
MPC25-001,MPC25-001-017,13,0.5,6.9,6.75,7.05,35,0,0,198.5806818
MPC25-001,MPC25-001-017,14,0.5,6.9,6.75,7.05,35,0,0,204.3206818
MPC25-001,MPC25-001-018,0,0.5,7.3,7.15,7.45,36.5,0,0,200
MPC25-001,MPC25-001-018,1,0.5,7.3,7.15,7.45,36.5,0,0,202.8233333
MPC25-001,MPC25-001-018,2,0.5,7.3,7.15,7.45,36.5,0,0,205.66
MPC25-001,MPC25-001-018,3,0.5,7.3,7.15,7.45,36.5,9.572727273,0.045772459,209.1372727
MPC25-001,MPC25-001-018,4,0.5,7.3,7.15,7.45,36.5,0,0,204.2772727
MPC25-001,MPC25-001-018,5,0.5,7.3,7.15,7.45,36.5,0,0,207.0472727
MPC25-001,MPC25-001-018,6,0.5,7.3,7.15,7.45,35,12.02727273,0.057134467,210.5081818
MPC25-001,MPC25-001-018,7,0.5,7.3,7.15,7.45,35,0,0,203.7481818
MPC25-001,MPC25-001-018,8,0.5,7.3,7.15,7.45,35,12.02727273,0.057683692,208.5038636
MPC25-001,MPC25-001-018,9,0.5,7.3,7.15,7.45,35,0,0,201.7838636
MPC25-001,MPC25-001-018,10,0.5,7.3,7.15,7.45,35,10.8,0.052575037,205.4206818
MPC25-001,MPC25-001-018,11,0.5,7.3,7.15,7.45,35,0,0,199.6806818
MPC25-001,MPC25-001-018,12,0.5,7.3,7.15,7.45,35,9.572727273,0.047070341,203.3706818
MPC25-001,MPC25-001-018,13,0.5,7.3,7.15,7.45,35,0,0,198.5806818
MPC25-001,MPC25-001-018,14,0.5,7.3,7.15,7.45,35,0,0,204.3206818
MPC25-001,MPC25-001-019,0,0.5,6.9,6.75,7.05,36.5,0,0,200
MPC25-001,MPC25-001-019,1,0.5,6.9,6.75,7.05,36.5,0,0,202.8233333
MPC25-001,MPC25-001-019,2,0.5,6.9,6.75,7.05,36.5,0,0,205.66
MPC25-001,MPC25-001-019,3,0.5,6.9,6.75,7.05,36.5,6.027272727,0.028998269,207.8493939
MPC25-001,MPC25-001-019,4,0.5,6.9,6.75,7.05,35,0,0,202.9893939
MPC25-001,MPC25-001-019,5,0.5,6.9,6.75,7.05,35,0,0,205.7593939
MPC25-001,MPC25-001-019,6,0.5,6.9,6.75,7.05,35,7.572727273,0.036418113,207.9384848
MPC25-001,MPC25-001-019,7,0.5,6.9,6.75,7.05,35,0,0,201.1784848
MPC25-001,MPC25-001-019,8,0.5,6.9,6.75,7.05,35,7.572727273,0.037089794,204.172803
MPC25-001,MPC25-001-019,9,0.5,6.9,6.75,7.05,35,0,0,197.452803
MPC25-001,MPC25-001-019,10,0.5,6.9,6.75,7.05,35,6.8,0.034043806,199.7426515
MPC25-001,MPC25-001-019,11,0.5,6.9,6.75,7.05,35,0,0,194.0026515
MPC25-001,MPC25-001-019,12,0.5,6.9,6.75,7.05,35,6.027272727,0.030700331,196.3259848
MPC25-001,MPC25-001-019,13,0.5,6.9,6.75,7.05,35,0,0,191.5359848
MPC25-001,MPC25-001-019,14,0.5,6.9,6.75,7.05,35,0,0,197.2759848
MPC25-001,MPC25-001-020,0,1.5,7.3,7.15,7.45,36.5,0,0,200
MPC25-001,MPC25-001-020,1,1.5,7.3,7.15,7.45,36.5,0,0,202.8233333
MPC25-001,MPC25-001-020,2,1.5,7.3,7.15,7.45,36.5,0,0,205.66
MPC25-001,MPC25-001-020,3,1.5,7.3,7.15,7.45,36.5,6.027272727,0.028998269,207.8493939
MPC25-001,MPC25-001-020,4,1.5,7.3,7.15,7.45,36.5,0,0,202.9893939
MPC25-001,MPC25-001-020,5,1.5,7.3,7.15,7.45,36.5,0,0,205.7593939
MPC25-001,MPC25-001-020,6,1.5,7.3,7.15,7.45,35,7.572727273,0.036418113,207.9384848
MPC25-001,MPC25-001-020,7,1.5,7.3,7.15,7.45,35,0,0,201.1784848
MPC25-001,MPC25-001-020,8,1.5,7.3,7.15,7.45,35,7.572727273,0.037089794,204.172803
MPC25-001,MPC25-001-020,9,1.5,7.3,7.15,7.45,35,0,0,197.452803
MPC25-001,MPC25-001-020,10,1.5,7.3,7.15,7.45,35,6.8,0.034043806,199.7426515
MPC25-001,MPC25-001-020,11,1.5,7.3,7.15,7.45,35,0,0,194.0026515
MPC25-001,MPC25-001-020,12,1.5,7.3,7.15,7.45,35,6.027272727,0.030700331,196.3259848
MPC25-001,MPC25-001-020,13,1.5,7.3,7.15,7.45,35,0,0,191.5359848
MPC25-001,MPC25-001-020,14,1.5,7.3,7.15,7.45,35,0,0,197.2759848
MPC25-001,MPC25-001-021,0,1,7.1,6.95,7.25,36.5,0,0,200
MPC25-001,MPC25-001-021,1,1,7.1,6.95,7.25,36.5,0,0,202.8233333
MPC25-001,MPC25-001-021,2,1,7.1,6.95,7.25,36.5,0,0,205.66
MPC25-001,MPC25-001-021,3,1,7.1,6.95,7.25,36.5,7.8,0.037411268,208.4933333
MPC25-001,MPC25-001-021,4,1,7.1,6.95,7.25,36.5,0,0,203.6333333
MPC25-001,MPC25-001-021,5,1,7.1,6.95,7.25,35,0,0,206.4033333
MPC25-001,MPC25-001-021,6,1,7.1,6.95,7.25,35,9.8,0.0468399,209.2233333
MPC25-001,MPC25-001-021,7,1,7.1,6.95,7.25,35,0,0,202.4633333
MPC25-001,MPC25-001-021,8,1,7.1,6.95,7.25,35,9.8,0.04749481,206.3383333
MPC25-001,MPC25-001-021,9,1,7.1,6.95,7.25,35,0,0,199.6183333
MPC25-001,MPC25-001-021,10,1,7.1,6.95,7.25,35,8.8,0.043439271,202.5816667
MPC25-001,MPC25-001-021,11,1,7.1,6.95,7.25,35,0,0,196.8416667
MPC25-001,MPC25-001-021,12,1,7.1,6.95,7.25,35,7.8,0.039029597,199.8483333
MPC25-001,MPC25-001-021,13,1,7.1,6.95,7.25,35,0,0,195.0583333
MPC25-001,MPC25-001-021,14,1,7.1,6.95,7.25,35,0,0,200.7983333
MPC25-001,MPC25-001-022,0,0.5,7.3,7.15,7.45,36.5,0,0,200
MPC25-001,MPC25-001-022,1,0.5,7.3,7.15,7.45,36.5,0,0,202.8233333
MPC25-001,MPC25-001-022,2,0.5,7.3,7.15,7.45,36.5,0,0,205.66
MPC25-001,MPC25-001-022,3,0.5,7.3,7.15,7.45,36.5,9.572727273,0.045772459,209.1372727
MPC25-001,MPC25-001-022,4,0.5,7.3,7.15,7.45,35,0,0,204.2772727
MPC25-001,MPC25-001-022,5,0.5,7.3,7.15,7.45,35,0,0,207.0472727
MPC25-001,MPC25-001-022,6,0.5,7.3,7.15,7.45,35,12.02727273,0.057134467,210.5081818
MPC25-001,MPC25-001-022,7,0.5,7.3,7.15,7.45,35,0,0,203.7481818
MPC25-001,MPC25-001-022,8,0.5,7.3,7.15,7.45,35,12.02727273,0.057683692,208.5038636
MPC25-001,MPC25-001-022,9,0.5,7.3,7.15,7.45,35,0,0,201.7838636
MPC25-001,MPC25-001-022,10,0.5,7.3,7.15,7.45,35,10.8,0.052575037,205.4206818
MPC25-001,MPC25-001-022,11,0.5,7.3,7.15,7.45,35,0,0,199.6806818
MPC25-001,MPC25-001-022,12,0.5,7.3,7.15,7.45,35,9.572727273,0.047070341,203.3706818
MPC25-001,MPC25-001-022,13,0.5,7.3,7.15,7.45,35,0,0,198.5806818
MPC25-001,MPC25-001-022,14,0.5,7.3,7.15,7.45,35,0,0,204.3206818
MPC25-001,MPC25-001-023,0,1.5,7.3,7.15,7.45,36.5,0,0,200
MPC25-001,MPC25-001-023,1,1.5,7.3,7.15,7.45,36.5,0,0,202.8233333
MPC25-001,MPC25-001-023,2,1.5,7.3,7.15,7.45,36.5,0,0,205.66
MPC25-001,MPC25-001-023,3,1.5,7.3,7.15,7.45,36.5,9.572727273,0.045772459,209.1372727
MPC25-001,MPC25-001-023,4,1.5,7.3,7.15,7.45,35,0,0,204.2772727
MPC25-001,MPC25-001-023,5,1.5,7.3,7.15,7.45,35,0,0,207.0472727
MPC25-001,MPC25-001-023,6,1.5,7.3,7.15,7.45,35,12.02727273,0.057134467,210.5081818
MPC25-001,MPC25-001-023,7,1.5,7.3,7.15,7.45,35,0,0,203.7481818
MPC25-001,MPC25-001-023,8,1.5,7.3,7.15,7.45,35,12.02727273,0.057683692,208.5038636
MPC25-001,MPC25-001-023,9,1.5,7.3,7.15,7.45,35,0,0,201.7838636
MPC25-001,MPC25-001-023,10,1.5,7.3,7.15,7.45,35,10.8,0.052575037,205.4206818
MPC25-001,MPC25-001-023,11,1.5,7.3,7.15,7.45,35,0,0,199.6806818
MPC25-001,MPC25-001-023,12,1.5,7.3,7.15,7.45,35,9.572727273,0.047070341,203.3706818
MPC25-001,MPC25-001-023,13,1.5,7.3,7.15,7.45,35,0,0,198.5806818
MPC25-001,MPC25-001-023,14,1.5,7.3,7.15,7.45,35,0,0,204.3206818
MPC25-001,MPC25-001-024,0,1.5,7.3,7.15,7.45,36.5,0,0,200
MPC25-001,MPC25-001-024,1,1.5,7.3,7.15,7.45,36.5,0,0,202.8233333
MPC25-001,MPC25-001-024,2,1.5,7.3,7.15,7.45,36.5,0,0,205.66
MPC25-001,MPC25-001-024,3,1.5,7.3,7.15,7.45,36.5,6.027272727,0.028998269,207.8493939
MPC25-001,MPC25-001-024,4,1.5,7.3,7.15,7.45,36.5,0,0,202.9893939
MPC25-001,MPC25-001-024,5,1.5,7.3,7.15,7.45,36.5,0,0,205.7593939
MPC25-001,MPC25-001-024,6,1.5,7.3,7.15,7.45,35,7.572727273,0.036418113,207.9384848
MPC25-001,MPC25-001-024,7,1.5,7.3,7.15,7.45,35,0,0,201.1784848
MPC25-001,MPC25-001-024,8,1.5,7.3,7.15,7.45,35,7.572727273,0.037089794,204.172803
MPC25-001,MPC25-001-024,9,1.5,7.3,7.15,7.45,35,0,0,197.452803
MPC25-001,MPC25-001-024,10,1.5,7.3,7.15,7.45,35,6.8,0.034043806,199.7426515
MPC25-001,MPC25-001-024,11,1.5,7.3,7.15,7.45,35,0,0,194.0026515
MPC25-001,MPC25-001-024,12,1.5,7.3,7.15,7.45,35,6.027272727,0.030700331,196.3259848
MPC25-001,MPC25-001-024,13,1.5,7.3,7.15,7.45,35,0,0,191.5359848
MPC25-001,MPC25-001-024,14,1.5,7.3,7.15,7.45,35,0,0,197.2759848
MPC25-001,MPC25-001-025,0,0.5,6.9,6.75,7.05,36.5,0,0,200
MPC25-001,MPC25-001-025,1,0.5,6.9,6.75,7.05,36.5,0,0,202.8233333
MPC25-001,MPC25-001-025,2,0.5,6.9,6.75,7.05,36.5,0,0,205.66
MPC25-001,MPC25-001-025,3,0.5,6.9,6.75,7.05,36.5,9.572727273,0.045772459,209.1372727
MPC25-001,MPC25-001-025,4,0.5,6.9,6.75,7.05,36.5,0,0,204.2772727
MPC25-001,MPC25-001-025,5,0.5,6.9,6.75,7.05,36.5,0,0,207.0472727
MPC25-001,MPC25-001-025,6,0.5,6.9,6.75,7.05,35,12.02727273,0.057134467,210.5081818
MPC25-001,MPC25-001-025,7,0.5,6.9,6.75,7.05,35,0,0,203.7481818
MPC25-001,MPC25-001-025,8,0.5,6.9,6.75,7.05,35,12.02727273,0.057683692,208.5038636
MPC25-001,MPC25-001-025,9,0.5,6.9,6.75,7.05,35,0,0,201.7838636
MPC25-001,MPC25-001-025,10,0.5,6.9,6.75,7.05,35,10.8,0.052575037,205.4206818
MPC25-001,MPC25-001-025,11,0.5,6.9,6.75,7.05,35,0,0,199.6806818
MPC25-001,MPC25-001-025,12,0.5,6.9,6.75,7.05,35,9.572727273,0.047070341,203.3706818
MPC25-001,MPC25-001-025,13,0.5,6.9,6.75,7.05,35,0,0,198.5806818
MPC25-001,MPC25-001-025,14,0.5,6.9,6.75,7.05,35,0,0,204.3206818
MPC25-001,MPC25-001-026,0,0.5,6.9,6.75,7.05,36.5,0,0,200
MPC25-001,MPC25-001-026,1,0.5,6.9,6.75,7.05,36.5,0,0,202.8233333
MPC25-001,MPC25-001-026,2,0.5,6.9,6.75,7.05,36.5,0,0,205.66
MPC25-001,MPC25-001-026,3,0.5,6.9,6.75,7.05,36.5,6.027272727,0.028998269,207.8493939
MPC25-001,MPC25-001-026,4,0.5,6.9,6.75,7.05,35,0,0,202.9893939
MPC25-001,MPC25-001-026,5,0.5,6.9,6.75,7.05,35,0,0,205.7593939
MPC25-001,MPC25-001-026,6,0.5,6.9,6.75,7.05,35,7.572727273,0.036418113,207.9384848
MPC25-001,MPC25-001-026,7,0.5,6.9,6.75,7.05,35,0,0,201.1784848
MPC25-001,MPC25-001-026,8,0.5,6.9,6.75,7.05,35,7.572727273,0.037089794,204.172803
MPC25-001,MPC25-001-026,9,0.5,6.9,6.75,7.05,35,0,0,197.452803
MPC25-001,MPC25-001-026,10,0.5,6.9,6.75,7.05,35,6.8,0.034043806,199.7426515
MPC25-001,MPC25-001-026,11,0.5,6.9,6.75,7.05,35,0,0,194.0026515
MPC25-001,MPC25-001-026,12,0.5,6.9,6.75,7.05,35,6.027272727,0.030700331,196.3259848
MPC25-001,MPC25-001-026,13,0.5,6.9,6.75,7.05,35,0,0,191.5359848
MPC25-001,MPC25-001-026,14,0.5,6.9,6.75,7.05,35,0,0,197.2759848
MPC25-001,MPC25-001-027,0,1.5,6.9,6.75,7.05,36.5,0,0,200
MPC25-001,MPC25-001-027,1,1.5,6.9,6.75,7.05,36.5,0,0,202.8233333
MPC25-001,MPC25-001-027,2,1.5,6.9,6.75,7.05,36.5,0,0,205.66
MPC25-001,MPC25-001-027,3,1.5,6.9,6.75,7.05,36.5,6.027272727,0.028998269,207.8493939
MPC25-001,MPC25-001-027,4,1.5,6.9,6.75,7.05,35,0,0,202.9893939
MPC25-001,MPC25-001-027,5,1.5,6.9,6.75,7.05,35,0,0,205.7593939
MPC25-001,MPC25-001-027,6,1.5,6.9,6.75,7.05,35,7.572727273,0.036418113,207.9384848
MPC25-001,MPC25-001-027,7,1.5,6.9,6.75,7.05,35,0,0,201.1784848
MPC25-001,MPC25-001-027,8,1.5,6.9,6.75,7.05,35,7.572727273,0.037089794,204.172803
MPC25-001,MPC25-001-027,9,1.5,6.9,6.75,7.05,35,0,0,197.452803
MPC25-001,MPC25-001-027,10,1.5,6.9,6.75,7.05,35,6.8,0.034043806,199.7426515
MPC25-001,MPC25-001-027,11,1.5,6.9,6.75,7.05,35,0,0,194.0026515
MPC25-001,MPC25-001-027,12,1.5,6.9,6.75,7.05,35,6.027272727,0.030700331,196.3259848
MPC25-001,MPC25-001-027,13,1.5,6.9,6.75,7.05,35,0,0,191.5359848
MPC25-001,MPC25-001-027,14,1.5,6.9,6.75,7.05,35,0,0,197.2759848
MPC25-001,MPC25-001-028,0,1.5,7.3,7.15,7.45,36.5,0,0,200
MPC25-001,MPC25-001-028,1,1.5,7.3,7.15,7.45,36.5,0,0,202.8233333
MPC25-001,MPC25-001-028,2,1.5,7.3,7.15,7.45,36.5,0,0,205.66
MPC25-001,MPC25-001-028,3,1.5,7.3,7.15,7.45,36.5,9.572727273,0.045772459,209.1372727
MPC25-001,MPC25-001-028,4,1.5,7.3,7.15,7.45,36.5,0,0,204.2772727
MPC25-001,MPC25-001-028,5,1.5,7.3,7.15,7.45,36.5,0,0,207.0472727
MPC25-001,MPC25-001-028,6,1.5,7.3,7.15,7.45,35,12.02727273,0.057134467,210.5081818
MPC25-001,MPC25-001-028,7,1.5,7.3,7.15,7.45,35,0,0,203.7481818
MPC25-001,MPC25-001-028,8,1.5,7.3,7.15,7.45,35,12.02727273,0.057683692,208.5038636
MPC25-001,MPC25-001-028,9,1.5,7.3,7.15,7.45,35,0,0,201.7838636
MPC25-001,MPC25-001-028,10,1.5,7.3,7.15,7.45,35,10.8,0.052575037,205.4206818
MPC25-001,MPC25-001-028,11,1.5,7.3,7.15,7.45,35,0,0,199.6806818
MPC25-001,MPC25-001-028,12,1.5,7.3,7.15,7.45,35,9.572727273,0.047070341,203.3706818
MPC25-001,MPC25-001-028,13,1.5,7.3,7.15,7.45,35,0,0,198.5806818
MPC25-001,MPC25-001-028,14,1.5,7.3,7.15,7.45,35,0,0,204.3206818
MPC25-001,MPC25-001-029,0,1.5,6.9,6.75,7.05,36.5,0,0,200
MPC25-001,MPC25-001-029,1,1.5,6.9,6.75,7.05,36.5,0,0,202.8233333
MPC25-001,MPC25-001-029,2,1.5,6.9,6.75,7.05,36.5,0,0,205.66
MPC25-001,MPC25-001-029,3,1.5,6.9,6.75,7.05,36.5,6.027272727,0.028998269,207.8493939
MPC25-001,MPC25-001-029,4,1.5,6.9,6.75,7.05,36.5,0,0,202.9893939
MPC25-001,MPC25-001-029,5,1.5,6.9,6.75,7.05,36.5,0,0,205.7593939
MPC25-001,MPC25-001-029,6,1.5,6.9,6.75,7.05,35,7.572727273,0.036418113,207.9384848
MPC25-001,MPC25-001-029,7,1.5,6.9,6.75,7.05,35,0,0,201.1784848
MPC25-001,MPC25-001-029,8,1.5,6.9,6.75,7.05,35,7.572727273,0.037089794,204.172803
MPC25-001,MPC25-001-029,9,1.5,6.9,6.75,7.05,35,0,0,197.452803
MPC25-001,MPC25-001-029,10,1.5,6.9,6.75,7.05,35,6.8,0.034043806,199.7426515
MPC25-001,MPC25-001-029,11,1.5,6.9,6.75,7.05,35,0,0,194.0026515
MPC25-001,MPC25-001-029,12,1.5,6.9,6.75,7.05,35,6.027272727,0.030700331,196.3259848
MPC25-001,MPC25-001-029,13,1.5,6.9,6.75,7.05,35,0,0,191.5359848
MPC25-001,MPC25-001-029,14,1.5,6.9,6.75,7.05,35,0,0,197.2759848
MPC25-001,MPC25-001-030,0,0.5,6.9,6.75,7.05,36.5,0,0,200
MPC25-001,MPC25-001-030,1,0.5,6.9,6.75,7.05,36.5,0,0,202.8233333
MPC25-001,MPC25-001-030,2,0.5,6.9,6.75,7.05,36.5,0,0,205.66
MPC25-001,MPC25-001-030,3,0.5,6.9,6.75,7.05,36.5,9.572727273,0.045772459,209.1372727
MPC25-001,MPC25-001-030,4,0.5,6.9,6.75,7.05,36.5,0,0,204.2772727
MPC25-001,MPC25-001-030,5,0.5,6.9,6.75,7.05,36.5,0,0,207.0472727
MPC25-001,MPC25-001-030,6,0.5,6.9,6.75,7.05,35,12.02727273,0.057134467,210.5081818
MPC25-001,MPC25-001-030,7,0.5,6.9,6.75,7.05,35,0,0,203.7481818
MPC25-001,MPC25-001-030,8,0.5,6.9,6.75,7.05,35,12.02727273,0.057683692,208.5038636
MPC25-001,MPC25-001-030,9,0.5,6.9,6.75,7.05,35,0,0,201.7838636
MPC25-001,MPC25-001-030,10,0.5,6.9,6.75,7.05,35,10.8,0.052575037,205.4206818
MPC25-001,MPC25-001-030,11,0.5,6.9,6.75,7.05,35,0,0,199.6806818
MPC25-001,MPC25-001-030,12,0.5,6.9,6.75,7.05,35,9.572727273,0.047070341,203.3706818
MPC25-001,MPC25-001-030,13,0.5,6.9,6.75,7.05,35,0,0,198.5806818
MPC25-001,MPC25-001-030,14,0.5,6.9,6.75,7.05,35,0,0,204.3206818
MPC25-001,MPC25-001-031,0,0.5,7.3,7.15,7.45,36.5,0,0,200
MPC25-001,MPC25-001-031,1,0.5,7.3,7.15,7.45,36.5,0,0,202.8233333
MPC25-001,MPC25-001-031,2,0.5,7.3,7.15,7.45,36.5,0,0,205.66
MPC25-001,MPC25-001-031,3,0.5,7.3,7.15,7.45,36.5,6.027272727,0.028998269,207.8493939
MPC25-001,MPC25-001-031,4,0.5,7.3,7.15,7.45,35,0,0,202.9893939
MPC25-001,MPC25-001-031,5,0.5,7.3,7.15,7.45,35,0,0,205.7593939
MPC25-001,MPC25-001-031,6,0.5,7.3,7.15,7.45,35,7.572727273,0.036418113,207.9384848
MPC25-001,MPC25-001-031,7,0.5,7.3,7.15,7.45,35,0,0,201.1784848
MPC25-001,MPC25-001-031,8,0.5,7.3,7.15,7.45,35,7.572727273,0.037089794,204.172803
MPC25-001,MPC25-001-031,9,0.5,7.3,7.15,7.45,35,0,0,197.452803
MPC25-001,MPC25-001-031,10,0.5,7.3,7.15,7.45,35,6.8,0.034043806,199.7426515
MPC25-001,MPC25-001-031,11,0.5,7.3,7.15,7.45,35,0,0,194.0026515
MPC25-001,MPC25-001-031,12,0.5,7.3,7.15,7.45,35,6.027272727,0.030700331,196.3259848
MPC25-001,MPC25-001-031,13,0.5,7.3,7.15,7.45,35,0,0,191.5359848
MPC25-001,MPC25-001-031,14,0.5,7.3,7.15,7.45,35,0,0,197.2759848
MPC25-001,MPC25-001-032,0,0.5,7.3,7.15,7.45,36.5,0,0,200
MPC25-001,MPC25-001-032,1,0.5,7.3,7.15,7.45,36.5,0,0,202.8233333
MPC25-001,MPC25-001-032,2,0.5,7.3,7.15,7.45,36.5,0,0,205.66
MPC25-001,MPC25-001-032,3,0.5,7.3,7.15,7.45,36.5,9.572727273,0.045772459,209.1372727
MPC25-001,MPC25-001-032,4,0.5,7.3,7.15,7.45,36.5,0,0,204.2772727
MPC25-001,MPC25-001-032,5,0.5,7.3,7.15,7.45,36.5,0,0,207.0472727
MPC25-001,MPC25-001-032,6,0.5,7.3,7.15,7.45,35,12.02727273,0.057134467,210.5081818
MPC25-001,MPC25-001-032,7,0.5,7.3,7.15,7.45,35,0,0,203.7481818
MPC25-001,MPC25-001-032,8,0.5,7.3,7.15,7.45,35,12.02727273,0.057683692,208.5038636
MPC25-001,MPC25-001-032,9,0.5,7.3,7.15,7.45,35,0,0,201.7838636
MPC25-001,MPC25-001-032,10,0.5,7.3,7.15,7.45,35,10.8,0.052575037,205.4206818
MPC25-001,MPC25-001-032,11,0.5,7.3,7.15,7.45,35,0,0,199.6806818
MPC25-001,MPC25-001-032,12,0.5,7.3,7.15,7.45,35,9.572727273,0.047070341,203.3706818
MPC25-001,MPC25-001-032,13,0.5,7.3,7.15,7.45,35,0,0,198.5806818
MPC25-001,MPC25-001-032,14,0.5,7.3,7.15,7.45,35,0,0,204.3206818
MPC25-001,MPC25-001-033,0,0.5,6.9,6.75,7.05,36.5,0,0,200
MPC25-001,MPC25-001-033,1,0.5,6.9,6.75,7.05,36.5,0,0,202.8233333
MPC25-001,MPC25-001-033,2,0.5,6.9,6.75,7.05,36.5,0,0,205.66
MPC25-001,MPC25-001-033,3,0.5,6.9,6.75,7.05,36.5,6.027272727,0.028998269,207.8493939
MPC25-001,MPC25-001-033,4,0.5,6.9,6.75,7.05,36.5,0,0,202.9893939
MPC25-001,MPC25-001-033,5,0.5,6.9,6.75,7.05,36.5,0,0,205.7593939
MPC25-001,MPC25-001-033,6,0.5,6.9,6.75,7.05,35,7.572727273,0.036418113,207.9384848
MPC25-001,MPC25-001-033,7,0.5,6.9,6.75,7.05,35,0,0,201.1784848
MPC25-001,MPC25-001-033,8,0.5,6.9,6.75,7.05,35,7.572727273,0.037089794,204.172803
MPC25-001,MPC25-001-033,9,0.5,6.9,6.75,7.05,35,0,0,197.452803
MPC25-001,MPC25-001-033,10,0.5,6.9,6.75,7.05,35,6.8,0.034043806,199.7426515
MPC25-001,MPC25-001-033,11,0.5,6.9,6.75,7.05,35,0,0,194.0026515
MPC25-001,MPC25-001-033,12,0.5,6.9,6.75,7.05,35,6.027272727,0.030700331,196.3259848
MPC25-001,MPC25-001-033,13,0.5,6.9,6.75,7.05,35,0,0,191.5359848
MPC25-001,MPC25-001-033,14,0.5,6.9,6.75,7.05,35,0,0,197.2759848
MPC25-001,MPC25-001-034,0,1,7.1,6.95,7.25,36.5,0,0,200
MPC25-001,MPC25-001-034,1,1,7.1,6.95,7.25,36.5,0,0,202.8233333
MPC25-001,MPC25-001-034,2,1,7.1,6.95,7.25,36.5,0,0,205.66
MPC25-001,MPC25-001-034,3,1,7.1,6.95,7.25,36.5,7.8,0.037411268,208.4933333
MPC25-001,MPC25-001-034,4,1,7.1,6.95,7.25,36.5,0,0,203.6333333
MPC25-001,MPC25-001-034,5,1,7.1,6.95,7.25,35,0,0,206.4033333
MPC25-001,MPC25-001-034,6,1,7.1,6.95,7.25,35,9.8,0.0468399,209.2233333
MPC25-001,MPC25-001-034,7,1,7.1,6.95,7.25,35,0,0,202.4633333
MPC25-001,MPC25-001-034,8,1,7.1,6.95,7.25,35,9.8,0.04749481,206.3383333
MPC25-001,MPC25-001-034,9,1,7.1,6.95,7.25,35,0,0,199.6183333
MPC25-001,MPC25-001-034,10,1,7.1,6.95,7.25,35,8.8,0.043439271,202.5816667
MPC25-001,MPC25-001-034,11,1,7.1,6.95,7.25,35,0,0,196.8416667
MPC25-001,MPC25-001-034,12,1,7.1,6.95,7.25,35,7.8,0.039029597,199.8483333
MPC25-001,MPC25-001-034,13,1,7.1,6.95,7.25,35,0,0,195.0583333
MPC25-001,MPC25-001-034,14,1,7.1,6.95,7.25,35,0,0,200.7983333
MPC25-001,MPC25-001-035,0,1.5,6.9,6.75,7.05,36.5,0,0,200
MPC25-001,MPC25-001-035,1,1.5,6.9,6.75,7.05,36.5,0,0,202.8233333
MPC25-001,MPC25-001-035,2,1.5,6.9,6.75,7.05,36.5,0,0,205.66
MPC25-001,MPC25-001-035,3,1.5,6.9,6.75,7.05,36.5,6.027272727,0.028998269,207.8493939
MPC25-001,MPC25-001-035,4,1.5,6.9,6.75,7.05,35,0,0,202.9893939
MPC25-001,MPC25-001-035,5,1.5,6.9,6.75,7.05,35,0,0,205.7593939
MPC25-001,MPC25-001-035,6,1.5,6.9,6.75,7.05,35,7.572727273,0.036418113,207.9384848
MPC25-001,MPC25-001-035,7,1.5,6.9,6.75,7.05,35,0,0,201.1784848
MPC25-001,MPC25-001-035,8,1.5,6.9,6.75,7.05,35,7.572727273,0.037089794,204.172803
MPC25-001,MPC25-001-035,9,1.5,6.9,6.75,7.05,35,0,0,197.452803
MPC25-001,MPC25-001-035,10,1.5,6.9,6.75,7.05,35,6.8,0.034043806,199.7426515
MPC25-001,MPC25-001-035,11,1.5,6.9,6.75,7.05,35,0,0,194.0026515
MPC25-001,MPC25-001-035,12,1.5,6.9,6.75,7.05,35,6.027272727,0.030700331,196.3259848
MPC25-001,MPC25-001-035,13,1.5,6.9,6.75,7.05,35,0,0,191.5359848
MPC25-001,MPC25-001-035,14,1.5,6.9,6.75,7.05,35,0,0,197.2759848
MPC25-001,MPC25-001-036,0,0.5,6.9,6.75,7.05,36.5,0,0,200
MPC25-001,MPC25-001-036,1,0.5,6.9,6.75,7.05,36.5,0,0,202.8233333
MPC25-001,MPC25-001-036,2,0.5,6.9,6.75,7.05,36.5,0,0,205.66
MPC25-001,MPC25-001-036,3,0.5,6.9,6.75,7.05,36.5,6.027272727,0.028998269,207.8493939
MPC25-001,MPC25-001-036,4,0.5,6.9,6.75,7.05,36.5,0,0,202.9893939
MPC25-001,MPC25-001-036,5,0.5,6.9,6.75,7.05,36.5,0,0,205.7593939
MPC25-001,MPC25-001-036,6,0.5,6.9,6.75,7.05,35,7.572727273,0.036418113,207.9384848
MPC25-001,MPC25-001-036,7,0.5,6.9,6.75,7.05,35,0,0,201.1784848
MPC25-001,MPC25-001-036,8,0.5,6.9,6.75,7.05,35,7.572727273,0.037089794,204.172803
MPC25-001,MPC25-001-036,9,0.5,6.9,6.75,7.05,35,0,0,197.452803
MPC25-001,MPC25-001-036,10,0.5,6.9,6.75,7.05,35,6.8,0.034043806,199.7426515
MPC25-001,MPC25-001-036,11,0.5,6.9,6.75,7.05,35,0,0,194.0026515
MPC25-001,MPC25-001-036,12,0.5,6.9,6.75,7.05,35,6.027272727,0.030700331,196.3259848
MPC25-001,MPC25-001-036,13,0.5,6.9,6.75,7.05,35,0,0,191.5359848
MPC25-001,MPC25-001-036,14,0.5,6.9,6.75,7.05,35,0,0,197.2759848
MPC25-001,MPC25-001-037,0,1,7.1,6.95,7.25,36.5,0,0,200
MPC25-001,MPC25-001-037,1,1,7.1,6.95,7.25,36.5,0,0,202.8233333
MPC25-001,MPC25-001-037,2,1,7.1,6.95,7.25,36.5,0,0,205.66
MPC25-001,MPC25-001-037,3,1,7.1,6.95,7.25,36.5,7.8,0.037411268,208.4933333
MPC25-001,MPC25-001-037,4,1,7.1,6.95,7.25,35,0,0,203.6333333
MPC25-001,MPC25-001-037,5,1,7.1,6.95,7.25,35,0,0,206.4033333
MPC25-001,MPC25-001-037,6,1,7.1,6.95,7.25,35,9.8,0.0468399,209.2233333
MPC25-001,MPC25-001-037,7,1,7.1,6.95,7.25,35,0,0,202.4633333
MPC25-001,MPC25-001-037,8,1,7.1,6.95,7.25,35,9.8,0.04749481,206.3383333
MPC25-001,MPC25-001-037,9,1,7.1,6.95,7.25,35,0,0,199.6183333
MPC25-001,MPC25-001-037,10,1,7.1,6.95,7.25,35,8.8,0.043439271,202.5816667
MPC25-001,MPC25-001-037,11,1,7.1,6.95,7.25,35,0,0,196.8416667
MPC25-001,MPC25-001-037,12,1,7.1,6.95,7.25,35,7.8,0.039029597,199.8483333
MPC25-001,MPC25-001-037,13,1,7.1,6.95,7.25,35,0,0,195.0583333
MPC25-001,MPC25-001-037,14,1,7.1,6.95,7.25,35,0,0,200.7983333
MPC25-001,MPC25-001-038,0,1,7.1,6.95,7.25,36.5,0,0,200
MPC25-001,MPC25-001-038,1,1,7.1,6.95,7.25,36.5,0,0,202.8233333
MPC25-001,MPC25-001-038,2,1,7.1,6.95,7.25,36.5,0,0,205.66
MPC25-001,MPC25-001-038,3,1,7.1,6.95,7.25,36.5,7.8,0.037411268,208.4933333
MPC25-001,MPC25-001-038,4,1,7.1,6.95,7.25,36.5,0,0,203.6333333
MPC25-001,MPC25-001-038,5,1,7.1,6.95,7.25,36.5,0,0,206.4033333
MPC25-001,MPC25-001-038,6,1,7.1,6.95,7.25,35,9.8,0.0468399,209.2233333
MPC25-001,MPC25-001-038,7,1,7.1,6.95,7.25,35,0,0,202.4633333
MPC25-001,MPC25-001-038,8,1,7.1,6.95,7.25,35,9.8,0.04749481,206.3383333
MPC25-001,MPC25-001-038,9,1,7.1,6.95,7.25,35,0,0,199.6183333
MPC25-001,MPC25-001-038,10,1,7.1,6.95,7.25,35,8.8,0.043439271,202.5816667
MPC25-001,MPC25-001-038,11,1,7.1,6.95,7.25,35,0,0,196.8416667
MPC25-001,MPC25-001-038,12,1,7.1,6.95,7.25,35,7.8,0.039029597,199.8483333
MPC25-001,MPC25-001-038,13,1,7.1,6.95,7.25,35,0,0,195.0583333
MPC25-001,MPC25-001-038,14,1,7.1,6.95,7.25,35,0,0,200.7983333
