Experiment,Batch,Day,IGG,VCC,Viability,Glutamate,Ammonium,iVCC,pH_setpoint,pH_setpoint_low,pH_setpoint_high,Temperature_setpoint,Bolus_Feed,Normalized_Bolus_Feed,Volume
AR25-064,AR25-064-001,0,79.38975,0.5721,98.9,2.69,0.59,0.5721,7.1,6.95,7.25,36.5,0,0,199.99
AR25-064,AR25-064-003,0,75.18855,1.2252,98.2,2.8,0.69,1.2252,7.1,6.95,7.25,36.5,0,0,199.98
AR25-064,AR25-064-004,0,72.24706,0.6079,98.7,2.72,0.59,0.6079,7.1,6.95,7.25,36.5,0,0,199.98
AR25-064,AR25-064-005,0,73.8954,1.1858,99.3,2.81,0.7,1.1858,7.1,6.95,7.25,36.5,0,0,199.98
AR25-064,AR25-064-006,0,74.63235,1.1721,97.4,2.79,0.7,1.1721,7.2,7.05,7.35,36.5,0,0,199.98
AR25-064,AR25-064-008,0,75.1713,1.3185,97.7,2.81,0.71,1.3185,7.3,7.15,7.45,36.5,0,0,199.98
AR25-064,AR25-064-009,0,73.9461,1.1377,98.2,2.78,0.71,1.1377,7.1,6.95,7.25,36.5,0,0,199.98
AR25-064,AR25-064-010,0,85.3305,2.5194,98.4,2.94,0.94,2.5194,7.1,6.95,7.25,36.5,0,0,199.98
AR25-064,AR25-064-012,0,78.40981,2.3579,98.9,2.93,0.95,2.3579,7.1,6.95,7.25,36.5,0,0,199.98
AR25-064,AR25-064-013,0,73.4844,1.203,97.7,2.77,0.73,1.203,7.3,7.15,7.45,36.5,0,0,199.98
AR25-064,AR25-064-014,0,77.45805,1.0745,99.2,2.73,0.73,1.0745,7,6.85,7.15,36.5,0,0,199.98
AR25-064,AR25-064-015,0,75.38505,1.1642,98.7,2.72,0.73,1.1642,6.9,6.75,7.05,36.5,0,0,199.98
AR25-064,AR25-064-016,0,75.3507,1.1685,98.9,2.72,0.73,1.1685,7,6.85,7.15,36.5,0,0,199.98
AR25-064,AR25-064-017,0,75.5919,1.2482,98.9,2.78,0.74,1.2482,7.2,7.05,7.35,36.5,0,0,199.98
AR25-064,AR25-064-019,0,72.87315,1.1664,98.8,2.73,0.74,1.1664,7.1,6.95,7.25,36.5,0,0,199.98
AR25-064,AR25-064-020,0,69.9555,1.1219,98.7,2.73,0.74,1.1219,6.9,6.75,7.05,36.5,0,0,199.98
AR25-064,AR25-064-001,1,74.0268,0.8936,98.4,2.88,0.75,0.5721,7.1,6.95,7.25,36.5,0,0,197.16
AR25-064,AR25-064-003,1,79.986,1.9344,98,3.01,0.89,1.2252,7.1,6.95,7.25,36.5,0,0,197.16
AR25-064,AR25-064-004,1,69.89235,0.9597,98.2,2.85,0.75,0.6079,7.1,6.95,7.25,36.5,0,0,197.18
AR25-064,AR25-064-005,1,76.1367,1.8648,98.4,2.97,0.89,1.1858,7.1,6.95,7.25,36.5,0,0,197.16
AR25-064,AR25-064-006,1,75.05445,1.8612,98.4,3.02,0.89,1.1721,7.2,7.05,7.35,36.5,0,0,197.16
AR25-064,AR25-064-008,1,78.6633,1.8296,97.9,3.12,0.9,1.3185,7.3,7.15,7.45,36.5,0,0,195.36
AR25-064,AR25-064-009,1,75.32895,1.8167,98.4,3,0.87,1.1377,7.1,6.95,7.25,36.5,0,0,197.16
AR25-064,AR25-064-010,1,124.7944,3.9169,98.4,3.26,1.16,2.5194,7.1,6.95,7.25,36.5,0,0,197.15
AR25-064,AR25-064-012,1,124.2512,3.7173,99.2,3.26,1.16,2.3579,7.1,6.95,7.25,36.5,0,0,197.15
AR25-064,AR25-064-013,1,77.4285,1.9602,97.9,3.09,0.91,1.203,7.3,7.15,7.45,36.5,0,0,197.16
AR25-064,AR25-064-014,1,78.1107,1.8052,98.4,2.93,0.87,1.0745,7,6.85,7.15,36.5,0,0,197.15
AR25-064,AR25-064-015,1,74.48775,1.8009,98.6,2.88,0.88,1.1642,6.9,6.75,7.05,36.5,0,0,197.15
AR25-064,AR25-064-016,1,76.8468,1.7959,98.6,2.96,0.88,1.1685,7,6.85,7.15,36.5,0,0,197.15
AR25-064,AR25-064-017,1,77.48295,1.7736,98.3,3.04,0.89,1.2482,7.2,7.05,7.35,36.5,0,0,197.16
AR25-064,AR25-064-019,1,69.07275,1.9631,98.3,3.06,0.91,1.1664,7.1,6.95,7.25,36.5,0,0,197.15
AR25-064,AR25-064-020,1,73.87005,1.8597,98.4,2.93,0.89,1.1219,6.9,6.75,7.05,36.5,0,0,197.15
AR25-064,AR25-064-001,2,79.45486,1.6243,97.5,3.2,0.92,0.5721,7.1,6.95,7.25,36.5,0,0,194.33
AR25-064,AR25-064-003,2,99.68671,3.553,99.1,3.37,1.2,1.2252,7.1,6.95,7.25,36.5,0,0,194.32
AR25-064,AR25-064-004,2,75.6705,1.6939,98.1,3.11,0.92,0.6079,7.1,6.95,7.25,36.5,0,0,194.34
AR25-064,AR25-064-005,2,100.0735,3.4424,98.6,3.3,1.19,1.1858,7.1,6.95,7.25,36.5,0,0,194.32
AR25-064,AR25-064-006,2,92.6625,3.3714,98.7,3.41,1.21,1.1721,7.2,7.05,7.35,36.5,0,0,194.33
AR25-064,AR25-064-008,2,85.61505,3.1345,98.7,3.55,1.27,1.3185,7.3,7.15,7.45,36.5,0,0,192.53
AR25-064,AR25-064-009,2,96.2271,3.2544,98.8,3.33,1.19,1.1377,7.1,6.95,7.25,36.5,0,0,194.32
AR25-064,AR25-064-010,2,239.0262,6.203,99.1,3.58,1.62,2.5194,7.1,6.95,7.25,36.5,0,0,194.32
AR25-064,AR25-064-012,2,230.5368,6.4915,99.1,3.62,1.67,2.3579,7.1,6.95,7.25,36.5,0,0,194.32
AR25-064,AR25-064-013,2,93.7533,3.3434,98.6,3.49,1.27,1.203,7.3,7.15,7.45,36.5,0,0,194.33
AR25-064,AR25-064-014,2,98.23665,3.4489,98.9,3.27,1.18,1.0745,7,6.85,7.15,36.5,0,0,194.32
AR25-064,AR25-064-015,2,100.872,3.4927,98.9,3.16,1.17,1.1642,6.9,6.75,7.05,36.5,0,0,194.32
AR25-064,AR25-064-016,2,93.5322,3.3742,98.7,3.21,1.18,1.1685,7,6.85,7.15,36.5,0,0,192.52
AR25-064,AR25-064-017,2,88.59765,3.4216,99.1,3.42,1.25,1.2482,7.2,7.05,7.35,36.5,0,0,192.52
AR25-064,AR25-064-019,2,101.097,3.6039,99,3.43,1.26,1.1664,7.1,6.95,7.25,36.5,0,0,192.52
AR25-064,AR25-064-020,2,98.3307,3.4453,98.6,3.27,1.2,1.1219,6.9,6.75,7.05,36.5,0,0,192.51
AR25-064,AR25-064-001,3,93.69389,3.2056,98.8,3.48,1.28,0.5721,7.1,6.95,7.25,36.5,7.8,0.040733198,191.49
AR25-064,AR25-064-003,3,219.1029,6.3645,99.2,3.68,1.79,1.2252,7.1,6.95,7.25,36.5,7.8,0.040733198,191.49
AR25-064,AR25-064-004,3,99.6072,3.3563,98.8,3.41,1.32,0.6079,7.1,6.95,7.25,36.5,7.8,0.040728944,191.51
AR25-064,AR25-064-005,3,226.2229,5.9532,99.1,3.66,1.77,1.1858,7.1,6.95,7.25,36.5,7.8,0.040733198,191.49
AR25-064,AR25-064-006,3,219.7579,5.9008,99.4,3.67,1.81,1.1721,7.2,7.05,7.35,36.5,7.8,0.040733198,191.49
AR25-064,AR25-064-008,3,212.0348,5.9044,99.2,3.73,1.83,1.3185,7.3,7.15,7.45,36.5,7.8,0.041117554,189.7
AR25-064,AR25-064-009,3,215.6973,6.2941,99.3,3.62,1.75,1.1377,7.1,6.95,7.25,36.5,7.8,0.040733198,191.49
AR25-064,AR25-064-010,3,540.0189,11.0256,99.2,3.64,2,2.5194,7.1,6.95,7.25,36.5,7.8,0.040737452,191.47
AR25-064,AR25-064-012,3,533.1483,10.5921,99.2,3.81,2.03,2.3579,7.1,6.95,7.25,36.5,7.8,0.040735325,191.48
AR25-064,AR25-064-013,3,219.5003,6.2331,99,3.73,1.83,1.203,7.3,7.15,7.45,36.5,7.8,0.040694944,191.67
AR25-064,AR25-064-014,3,225.0996,6.297,99.1,3.57,1.78,1.0745,7,6.85,7.15,36.5,7.8,0.040735325,191.48
AR25-064,AR25-064-015,3,241.0623,6.2776,99.2,3.47,1.81,1.1642,6.9,6.75,7.05,36.5,7.8,0.040949181,190.48
AR25-064,AR25-064-016,3,228.7902,6.4563,98.9,3.52,1.77,1.1685,7,6.85,7.15,36.5,7.8,0.040735325,191.48
AR25-064,AR25-064-017,3,214.4844,6.2711,99.5,3.65,1.82,1.2482,7.2,7.05,7.35,36.5,7.8,0.040733198,191.49
AR25-064,AR25-064-019,3,236.5724,6.4635,99.1,3.71,1.87,1.1664,7.1,6.95,7.25,36.5,7.8,0.040735325,191.48
AR25-064,AR25-064-020,3,230.0559,5.8161,98.6,3.47,1.85,1.1219,6.9,6.75,7.05,36.5,7.8,0.040737452,191.47
AR25-064,AR25-064-001,4,196.5339,5.7328,98.7,5.14,2.38,0.5721,7.1,6.95,7.25,36.5,0,0,196.49
AR25-064,AR25-064-003,4,493.8105,10.7995,99,5,3.49,1.2252,7.1,6.95,7.25,36.5,0,0,196.08
AR25-064,AR25-064-004,4,210.2857,5.9345,98.7,5,2.47,0.6079,7.1,6.95,7.25,36.5,0,0,196.5
AR25-064,AR25-064-005,4,489.6846,10.1837,98.9,4.96,3.47,1.1858,7.1,6.95,7.25,36.5,0,0,196.55
AR25-064,AR25-064-006,4,472.3684,10.2289,98.6,5.07,3.38,1.1721,7.2,7.05,7.35,36.5,0,0,197.01
AR25-064,AR25-064-008,4,470.8062,10.2275,98.4,5.16,3.38,1.3185,7.3,7.15,7.45,36.5,0,0,195.14
AR25-064,AR25-064-009,4,489.2994,10.6883,98.7,5.07,3.51,1.1377,7.1,6.95,7.25,36.5,0,0,196.53
AR25-064,AR25-064-010,4,1064.922,15.6488,98.7,5.14,3.38,2.5194,7.1,6.95,7.25,36.5,0,0,196.53
AR25-064,AR25-064-012,4,1025.341,15.5246,98.6,5.06,3.37,2.3579,7.1,6.95,7.25,36.5,0,0,196.56
AR25-064,AR25-064-013,4,474.4958,11.3307,98.7,5.18,3.28,1.203,7.3,7.15,7.45,36.5,0,0,197.56
AR25-064,AR25-064-014,4,516.9445,10.3926,98.6,5.01,3.61,1.0745,7,6.85,7.15,36.5,0,0,196.47
AR25-064,AR25-064-015,4,517.6154,10.5828,98.6,5.07,3.59,1.1642,6.9,6.75,7.05,36.5,0,0,196.46
AR25-064,AR25-064-016,4,497.45,10.4787,98.4,5.04,3.64,1.1685,7,6.85,7.15,36.5,0,0,196.47
AR25-064,AR25-064-017,4,466.9971,11.0027,98.6,5.05,3.46,1.2482,7.2,7.05,7.35,36.5,0,0,197.01
AR25-064,AR25-064-019,4,500.0358,10.9417,98.7,5.09,3.62,1.1664,7.1,6.95,7.25,36.5,0,0,196.15
AR25-064,AR25-064-020,4,509.658,9.4681,98.3,5.16,3.53,1.1219,6.9,6.75,7.05,36.5,0,0,196.46
AR25-064,AR25-064-001,5,402.9221,8.33,98.8,5.37,3.68,0.5721,7.1,6.95,7.25,35,0,0,193.68
AR25-064,AR25-064-003,5,880.5439,13.9,99.1,5.21,4.15,1.2252,7.1,6.95,7.25,35,0,0,193.31
AR25-064,AR25-064-004,5,430.9785,8.17,98.7,5.27,3.79,0.6079,7.1,6.95,7.25,35,0,0,193.71
AR25-064,AR25-064-005,5,877.4763,13.21,99.1,5.24,4.28,1.1858,7.1,6.95,7.25,35,0,0,193.77
AR25-064,AR25-064-006,5,881.1475,13.8,98.9,5.26,3.88,1.1721,7.2,7.05,7.35,35,0,0,194.32
AR25-064,AR25-064-008,5,839.8194,13.2,98.8,5.48,3.75,1.3185,7.3,7.15,7.45,35,0,0,192.94
AR25-064,AR25-064-009,5,885.8004,13.01,98.8,5.44,4.31,1.1377,7.1,6.95,7.25,35,0,0,193.81
AR25-064,AR25-064-010,5,1258.398,18.24,98.7,4.91,2.97,2.5194,7.1,6.95,7.25,35,0,0,193.67
AR25-064,AR25-064-012,5,1292.369,17.92,98.6,4.85,2.95,2.3579,7.1,6.95,7.25,35,0,0,193.7
AR25-064,AR25-064-013,5,908.8568,14.38,99.1,5.51,3.41,1.203,7.3,7.15,7.45,35,0,0,192.98
AR25-064,AR25-064-014,5,904.511,13.31,99,5.35,4.35,1.0745,7,6.85,7.15,35,0,0,191.84
AR25-064,AR25-064-015,5,934.298,12.48,98.7,6.1,4.33,1.1642,6.9,6.75,7.05,35,0,0,191.83
AR25-064,AR25-064-016,5,883.6438,12.44,98.6,5.98,4.39,1.1685,7,6.85,7.15,35,0,0,191.84
AR25-064,AR25-064-017,5,885.4664,13.78,98.9,6.01,3.72,1.2482,7.2,7.05,7.35,35,0,0,192.48
AR25-064,AR25-064-019,5,935.4579,13.78,98.9,5.79,3.81,1.1664,7.1,6.95,7.25,35,0,0,191.52
AR25-064,AR25-064-020,5,871.8963,10.73,98.2,6.02,4.34,1.1219,6.9,6.75,7.05,35,0,0,191.83
AR25-064,AR25-064-001,6,,11.13,97.3,5.57,4.28,0.5721,7.1,6.95,7.25,35,9.8,0.051343847,190.87
AR25-064,AR25-064-003,6,,16.66,97.9,5.05,3.88,1.2252,7.1,6.95,7.25,35,9.8,0.05144627,190.49
AR25-064,AR25-064-004,6,,11.21,98.7,5.48,4.37,0.6079,7.1,6.95,7.25,35,9.8,0.051335778,190.9
AR25-064,AR25-064-005,6,,15.14,97.1,5.14,3.77,1.1858,7.1,6.95,7.25,35,9.8,0.051325024,190.94
AR25-064,AR25-064-006,6,,17.14,98.1,5.18,2.87,1.1721,7.2,7.05,7.35,35,9.8,0.051177607,191.49
AR25-064,AR25-064-008,6,,17.05,98.4,5.33,2.41,1.3185,7.3,7.15,7.45,35,9.8,0.051546392,190.12
AR25-064,AR25-064-009,6,,17.25,98.4,5.22,3.82,1.1377,7.1,6.95,7.25,35,9.8,0.051314274,190.98
AR25-064,AR25-064-010,6,,17.85,96.7,4.2,3.22,2.5194,7.1,6.95,7.25,35,9.8,0.051054962,191.95
AR25-064,AR25-064-012,6,,17.25,96.4,4.16,3.18,2.3579,7.1,6.95,7.25,35,9.8,0.051023065,192.07
AR25-064,AR25-064-013,6,,18.04,98.3,5.14,2.24,1.203,7.3,7.15,7.45,35,9.8,0.051057622,191.94
AR25-064,AR25-064-014,6,,16.19,98.3,5.03,4.16,1.0745,7,6.85,7.15,35,9.8,0.051359992,190.81
AR25-064,AR25-064-015,6,1551.24,14.57,97.6,5.01,4.38,1.1642,6.9,6.75,7.05,35,9.8,0.051362683,190.8
AR25-064,AR25-064-016,6,,15.87,98,4.98,3.99,1.1685,7,6.85,7.15,35,9.8,0.0513573,190.82
AR25-064,AR25-064-017,6,,18.06,98.3,5.14,3,1.2482,7.2,7.05,7.35,35,9.8,0.0511883,191.45
AR25-064,AR25-064-019,6,,16.54,97.1,5.01,3.73,1.1664,7.1,6.95,7.25,35,9.8,0.05144627,190.49
AR25-064,AR25-064-020,6,,14.04,97.6,5.13,4.39,1.1219,6.9,6.75,7.05,35,9.8,0.051362683,190.8
AR25-064,AR25-064-001,7,,12.31,96.3,6.95,6.03,0.5721,7.1,6.95,7.25,35,0,0,197.85
AR25-064,AR25-064-003,7,,17.07,97.2,6.17,5.17,1.2252,7.1,6.95,7.25,35,0,0,196.84
AR25-064,AR25-064-004,7,,11.46,96,6.76,6.1,0.6079,7.1,6.95,7.25,35,0,0,197.88
AR25-064,AR25-064-005,7,,16.76,96.8,6.28,5.17,1.1858,7.1,6.95,7.25,35,0,0,197.86
AR25-064,AR25-064-006,7,,16.97,97.4,6.31,4.78,1.1721,7.2,7.05,7.35,35,0,0,198.44
AR25-064,AR25-064-008,7,,16.37,97,6.59,4.19,1.3185,7.3,7.15,7.45,35,0,0,197.06
AR25-064,AR25-064-009,7,,16.11,97.7,6.33,5.37,1.1377,7.1,6.95,7.25,35,0,0,197.93
AR25-064,AR25-064-010,7,,17.3,94.8,5.61,5.3,2.5194,7.1,6.95,7.25,35,0,0,198.9
AR25-064,AR25-064-012,7,,16.87,94.2,5.57,5.27,2.3579,7.1,6.95,7.25,35,0,0,199.02
AR25-064,AR25-064-013,7,,17.84,97.1,6.44,4.1,1.203,7.3,7.15,7.45,35,0,0,198.84
AR25-064,AR25-064-014,7,,16.81,96.9,6.15,5.57,1.0745,7,6.85,7.15,35,0,0,197.76
AR25-064,AR25-064-015,7,,15.2,96.9,6.11,5.92,1.1642,6.9,6.75,7.05,35,0,0,197.75
AR25-064,AR25-064-016,7,,16.37,96.8,6.14,5.59,1.1685,7,6.85,7.15,35,0,0,197.77
AR25-064,AR25-064-017,7,,17.55,98.1,6.36,4.79,1.2482,7.2,7.05,7.35,35,0,0,198.36
AR25-064,AR25-064-019,7,,16.22,97,6.1,5.08,1.1664,7.1,6.95,7.25,35,0,0,196.83
AR25-064,AR25-064-020,7,,14.59,96.6,6.39,6.14,1.1219,6.9,6.75,7.05,35,0,0,195.95
AR25-064,AR25-064-001,8,1563.405,13.8,97.1,6.88,7.92,0.5721,7.1,6.95,7.25,35,9.8,0.05051286,194.01
AR25-064,AR25-064-003,8,2650.59,16.88,96.9,5.69,5.59,1.2252,7.1,6.95,7.25,35,9.8,0.050795625,192.93
AR25-064,AR25-064-004,8,1562.775,11.56,95.7,6.82,7.99,0.6079,7.1,6.95,7.25,35,9.8,0.050502448,194.05
AR25-064,AR25-064-005,8,2819.745,16.59,96.6,5.83,5.57,1.1858,7.1,6.95,7.25,35,9.8,0.050551945,193.86
AR25-064,AR25-064-006,8,2788.395,17.89,96.4,6.05,4.76,1.1721,7.2,7.05,7.35,35,9.8,0.050130441,195.49
AR25-064,AR25-064-008,8,2751.06,18.07,96.5,6.2,4.08,1.3185,7.3,7.15,7.45,35,9.8,0.050499845,194.06
AR25-064,AR25-064-009,8,2757.285,16.33,96.1,5.8,5.61,1.1377,7.1,6.95,7.25,35,9.8,0.050253833,195.01
AR25-064,AR25-064-010,8,3187.83,15.09,91.7,5.28,5.6,2.5194,7.1,6.95,7.25,35,9.8,0.049992348,196.03
AR25-064,AR25-064-012,8,3137.28,15.66,91.5,5.14,5.41,2.3579,7.1,6.95,7.25,35,9.8,0.049964311,196.14
AR25-064,AR25-064-013,8,2874.27,19.44,97.1,5.97,3.73,1.203,7.3,7.15,7.45,35,9.8,0.050068973,195.73
AR25-064,AR25-064-014,8,2774.985,15.64,96.6,5.58,6.28,1.0745,7,6.85,7.15,35,9.8,0.050295099,194.85
AR25-064,AR25-064-015,8,2627.325,13.96,95.4,5.52,6.87,1.1642,6.9,6.75,7.05,35,9.8,0.050289937,194.87
AR25-064,AR25-064-016,8,2685.285,15.17,95.8,5.59,6.07,1.1685,7,6.85,7.15,35,9.8,0.050289937,194.87
AR25-064,AR25-064-017,8,2751.105,18.58,96.4,5.95,4.34,1.2482,7.2,7.05,7.35,35,9.8,0.050166368,195.35
AR25-064,AR25-064-019,8,2608.08,16.5,94.9,5.42,4.85,1.1664,7.1,6.95,7.25,35,9.8,0.050536304,193.92
AR25-064,AR25-064-020,8,2458.74,12.86,94.4,5.68,7,1.1219,6.9,6.75,7.05,35,9.8,0.050284776,194.89
AR25-064,AR25-064-001,9,1977.795,12.06,96.2,7.71,9.72,0.5721,7.1,6.95,7.25,35,0,0,201
AR25-064,AR25-064-003,9,3246.27,15.17,95.1,6.42,6.06,1.2252,7.1,6.95,7.25,35,0,0,199.38
AR25-064,AR25-064-004,9,1944.75,12.6,96.3,7.65,9.83,0.6079,7.1,6.95,7.25,35,0,0,201.05
AR25-064,AR25-064-005,9,3283.17,14.76,95.2,6.76,6.27,1.1858,7.1,6.95,7.25,35,0,0,200.67
AR25-064,AR25-064-006,9,3466.155,17.42,95.8,6.78,5.38,1.1721,7.2,7.05,7.35,35,0,0,202.24
AR25-064,AR25-064-008,9,3262.17,17.36,95.3,1.82,4.96,1.3185,7.3,7.15,7.45,35,0,0,198.91
AR25-064,AR25-064-009,9,3217.74,15.29,95.6,1.66,6.15,1.1377,7.1,6.95,7.25,35,0,0,200.04
AR25-064,AR25-064-010,9,3529.125,14.82,91.4,1.54,6.33,2.5194,7.1,6.95,7.25,35,0,0,201.13
AR25-064,AR25-064-012,9,3548.37,15.35,91.3,1.54,6.23,2.3579,7.1,6.95,7.25,35,0,0,201.24
AR25-064,AR25-064-013,9,3362.07,18.68,96.4,1.59,4.51,1.203,7.3,7.15,7.45,35,0,0,200.45
AR25-064,AR25-064-014,9,3289.74,16.25,95.6,1.77,6.7,1.0745,7,6.85,7.15,35,0,0,199.9
AR25-064,AR25-064-015,9,3098.295,15.05,95.7,1.91,7.85,1.1642,6.9,6.75,7.05,35,0,0,199.96
AR25-064,AR25-064-016,9,3233.265,15.07,95.2,1.67,6.81,1.1685,7,6.85,7.15,35,0,0,199.91
AR25-064,AR25-064-017,9,3488.58,18.13,95.9,1.63,5.24,1.2482,7.2,7.05,7.35,35,0,0,200.16
AR25-064,AR25-064-019,9,3389.835,16.02,95.1,1.41,5.71,1.1664,7.1,6.95,7.25,35,0,0,200.33
AR25-064,AR25-064-020,9,2972.355,12.62,94.5,2.05,8.14,1.1219,6.9,6.75,7.05,35,0,0,199.99
AR25-064,AR25-064-001,10,2790.705,12.16,95.3,7.54,10.76,0.5721,7.1,6.95,7.25,35,8.8,0.044413041,198.14
AR25-064,AR25-064-003,10,4275.465,14.32,94.3,6.02,6.64,1.2252,7.1,6.95,7.25,35,8.8,0.044808799,196.39
AR25-064,AR25-064-004,10,2750.67,11.16,94.5,7.42,10.83,0.6079,7.1,6.95,7.25,35,8.8,0.044401837,198.19
AR25-064,AR25-064-005,10,4435.17,15.16,94,6.43,7.17,1.1858,7.1,6.95,7.25,35,8.8,0.04455245,197.52
AR25-064,AR25-064-006,10,4591.62,17.09,94.8,6.43,6.08,1.1721,7.2,7.05,7.35,35,8.8,0.044216662,199.02
AR25-064,AR25-064-008,10,4424.265,16.99,94.7,6.74,5.55,1.3185,7.3,7.15,7.45,35,8.8,0.04457276,197.43
AR25-064,AR25-064-009,10,4515.945,16.3,94.3,6.33,7.07,1.1377,7.1,6.95,7.25,35,8.8,0.044270047,198.78
AR25-064,AR25-064-010,10,4559.19,14.18,89.3,6.12,7,2.5194,7.1,6.95,7.25,35,8.8,0.044,200
AR25-064,AR25-064-012,10,4657.365,14.33,89.8,6.03,6.82,2.3579,7.1,6.95,7.25,35,8.8,0.043975813,200.11
AR25-064,AR25-064-013,10,4626.63,17.77,95.8,6.31,4.93,1.203,7.3,7.15,7.45,35,8.8,0.044258915,198.83
AR25-064,AR25-064-014,10,4182.42,14.81,93.2,6.17,7.44,1.0745,7,6.85,7.15,35,8.8,0.044287871,198.7
AR25-064,AR25-064-015,10,4031.73,14.07,93.8,6.19,8.28,1.1642,6.9,6.75,7.05,35,8.8,0.044261141,198.82
AR25-064,AR25-064-016,10,4251.855,14.83,92.7,6.15,7.59,1.1685,7,6.85,7.15,35,8.8,0.044278957,198.74
AR25-064,AR25-064-017,10,4547.175,16.77,94.9,6.19,5.85,1.2482,7.2,7.05,7.35,35,8.8,0.044292329,198.68
AR25-064,AR25-064-019,10,4563.525,15.24,93.1,6.03,6.53,1.1664,7.1,6.95,7.25,35,8.8,0.045010485,195.51
AR25-064,AR25-064-020,10,4011.18,13.3,93,6.65,8.96,1.1219,6.9,6.75,7.05,35,8.8,0.04465645,197.06
AR25-064,AR25-064-001,11,3208.965,11.32,93.4,8.23,11.74,0.5721,7.1,6.95,7.25,35,0,0,204.08
AR25-064,AR25-064-003,11,4839.72,15.02,92.3,7.03,7.59,1.2252,7.1,6.95,7.25,35,0,0,201.92
AR25-064,AR25-064-004,11,3197.31,12.6,93.5,8.25,12.21,0.6079,7.1,6.95,7.25,35,0,0,204.13
AR25-064,AR25-064-005,11,4749.24,14.02,91.4,7.25,7.95,1.1858,7.1,6.95,7.25,35,0,0,203.16
AR25-064,AR25-064-006,11,5069.445,16.71,92.4,7.22,6.74,1.1721,7.2,7.05,7.35,35,0,0,204.6
AR25-064,AR25-064-008,11,4862.34,16.63,91.5,7.49,6.31,1.3185,7.3,7.15,7.45,35,0,0,202.94
AR25-064,AR25-064-009,11,4839.81,14.73,90.6,7.85,8.02,1.1377,7.1,6.95,7.25,35,0,0,204.48
AR25-064,AR25-064-010,11,5032.59,14.05,87,7.04,8.12,2.5194,7.1,6.95,7.25,35,0,0,205.88
AR25-064,AR25-064-012,11,5052.135,12.78,85.1,6.95,7.99,2.3579,7.1,6.95,7.25,35,0,0,205.98
AR25-064,AR25-064-013,11,5220.885,18.44,93.7,7.25,6.04,1.203,7.3,7.15,7.45,35,0,0,204.21
AR25-064,AR25-064-014,11,5015.43,14.6,90.8,7.05,8.52,1.0745,7,6.85,7.15,35,0,0,204.47
AR25-064,AR25-064-015,11,4743.39,13.86,91.7,7.02,9.69,1.1642,6.9,6.75,7.05,35,0,0,204.68
AR25-064,AR25-064-016,11,4885.935,14.79,90.6,6.99,8.54,1.1685,7,6.85,7.15,35,0,0,204.52
AR25-064,AR25-064-017,11,5234.805,16.7,92.1,6.96,6.56,1.2482,7.2,7.05,7.35,35,0,0,204.19
AR25-064,AR25-064-019,11,5420.49,15.32,89.8,6.83,7.32,1.1664,7.1,6.95,7.25,35,0,0,202.81
AR25-064,AR25-064-020,11,4527.855,12.91,90.6,7.19,10.37,1.1219,6.9,6.75,7.05,35,0,0,204.72
AR25-064,AR25-064-001,12,4188.96,12.14,88.7,8.52,12.5,0.5721,7.1,6.95,7.25,35,7.8,0.038767396,201.2
AR25-064,AR25-064-003,12,5736.36,15.3,90,7.01,8.23,1.2252,7.1,6.95,7.25,35,7.8,0.039221602,198.87
AR25-064,AR25-064-004,12,4043.58,11.84,87.5,8.25,12.49,0.6079,7.1,6.95,7.25,35,7.8,0.038753913,201.27
AR25-064,AR25-064-005,12,6119.625,15.04,88.5,7.27,8.66,1.1858,7.1,6.95,7.25,35,7.8,0.039011704,199.94
AR25-064,AR25-064-006,12,5901.495,15.67,89.7,7.25,7.54,1.1721,7.2,7.05,7.35,35,7.8,0.038734668,201.37
AR25-064,AR25-064-008,12,5986.065,16.29,87.3,7.21,7.14,1.3185,7.3,7.15,7.45,35,7.8,0.0390625,199.68
AR25-064,AR25-064-009,12,6014.385,14.7,88.1,7.03,8.46,1.1377,7.1,6.95,7.25,35,7.8,0.038744288,201.32
AR25-064,AR25-064-010,12,6271.8,13.4,83.6,6.96,8.47,2.5194,7.1,6.95,7.25,35,7.8,0.038436899,202.93
AR25-064,AR25-064-012,12,6090.66,13.48,83.4,6.81,8.37,2.3579,7.1,6.95,7.25,35,7.8,0.038416076,203.04
AR25-064,AR25-064-013,12,6308.58,18.77,88,7.04,6.77,1.203,7.3,7.15,7.45,35,7.8,0.038838819,200.83
AR25-064,AR25-064-014,12,5884.41,14.35,87.3,6.85,8.96,1.0745,7,6.85,7.15,35,7.8,0.038730821,201.39
AR25-064,AR25-064-015,12,5588.025,13.4,87.6,6.85,10.1,1.1642,6.9,6.75,7.05,35,7.8,0.038659794,201.76
AR25-064,AR25-064-016,12,5676.705,13.45,84.5,6.9,9.1,1.1685,7,6.85,7.15,35,7.8,0.038711599,201.49
AR25-064,AR25-064-017,12,6266.7,16.49,89.5,6.74,7.4,1.2482,7.2,7.05,7.35,35,7.8,0.038829152,200.88
AR25-064,AR25-064-019,12,5859.78,13.43,86.5,6.68,8,1.1664,7.1,6.95,7.25,35,7.8,0.039044902,199.77
AR25-064,AR25-064-020,12,5309.88,11.68,86.4,7.31,10.75,1.1219,6.9,6.75,7.05,35,7.8,0.038652131,201.8
AR25-064,AR25-064-001,13,4655.34,12.7,87.8,9.32,13.46,0.5721,7.1,6.95,7.25,35,0,0,206.12
AR25-064,AR25-064-003,13,6446.19,14.6,89.1,7.86,9.19,1.2252,7.1,6.95,7.25,35,0,0,203.51
AR25-064,AR25-064-004,13,4572.885,13.02,88.3,8.99,13.69,0.6079,7.1,6.95,7.25,35,0,0,206.21
AR25-064,AR25-064-005,13,6372.33,14.56,87.3,8.07,9.51,1.1858,7.1,6.95,7.25,35,0,0,204.63
AR25-064,AR25-064-006,13,6730.875,16.12,89.7,8.06,8.36,1.1721,7.2,7.05,7.35,35,0,0,205.99
AR25-064,AR25-064-008,13,6495.33,16.22,88,7.86,7.8,1.3185,7.3,7.15,7.45,35,0,0,204.34
AR25-064,AR25-064-009,13,6400.86,15.45,87.8,7.79,9.55,1.1377,7.1,6.95,7.25,35,0,0,204.23
AR25-064,AR25-064-010,13,6375.435,13.3,82.1,7.69,9.91,2.5194,7.1,6.95,7.25,35,0,0,206.06
AR25-064,AR25-064-012,13,6242.67,13.54,83.8,7.36,9.54,2.3579,7.1,6.95,7.25,35,0,0,206.15
AR25-064,AR25-064-013,13,6851.115,17.49,90.9,7.43,6.98,1.203,7.3,7.15,7.45,35,0,0,203.39
AR25-064,AR25-064-014,13,6390.45,14.51,87.6,7.4,9.85,1.0745,7,6.85,7.15,35,0,0,204.37
AR25-064,AR25-064-015,13,6013.425,13.26,85.7,7.6,11.14,1.1642,6.9,6.75,7.05,35,0,0,204.88
AR25-064,AR25-064-016,13,6388.23,13.3,85.8,7.77,10.19,1.1685,7,6.85,7.15,35,0,0,204.52
AR25-064,AR25-064-017,13,6550.53,15.69,89.2,7.6,7.96,1.2482,7.2,7.05,7.35,35,0,0,203.61
AR25-064,AR25-064-019,13,6304.125,13.76,86.3,7.19,8.68,1.1664,7.1,6.95,7.25,35,0,0,202.67
AR25-064,AR25-064-020,13,5642.745,11.74,84.3,7.8,11.68,1.1219,6.9,6.75,7.05,35,0,0,204.93
AR25-064,AR25-064-001,14,5113.95,12.03,82.7,10.96,14.95,0.5721,7.1,6.95,7.25,35,0,0,200.46
AR25-064,AR25-064-003,14,7032.135,14.99,85.9,8.66,10.57,1.2252,7.1,6.95,7.25,35,0,0,197.72
AR25-064,AR25-064-004,14,4994.955,12.98,83.6,10.85,15.26,0.6079,7.1,6.95,7.25,35,0,0,200.56
AR25-064,AR25-064-005,14,7064.235,14.51,83.6,9.28,10.8,1.1858,7.1,6.95,7.25,35,0,0,198.7
AR25-064,AR25-064-006,14,7466.76,15.96,85.7,9.48,9.81,1.1721,7.2,7.05,7.35,35,0,0,200.02
AR25-064,AR25-064-008,14,6932.625,16.381,85.6,9.3,9.34,1.3185,7.3,7.15,7.45,35,0,0,198.38
AR25-064,AR25-064-009,14,7113.66,13.9032,86.7,8.94,10.65,1.1377,7.1,6.95,7.25,35,0,0,200.16
AR25-064,AR25-064-010,14,7133.22,13.5046,81.2,9.09,11.11,2.5194,7.1,6.95,7.25,35,0,0,202.16
AR25-064,AR25-064-012,14,6990.885,13.04,81.5,3.46,10.92,2.3579,7.1,6.95,7.25,35,0,0,202.26
AR25-064,AR25-064-013,14,7386.09,18.3656,89.2,1.68,7.99,1.203,7.3,7.15,7.45,35,0,0,200.65
AR25-064,AR25-064-014,14,6908.31,13.43,84.6,3.29,11.27,1.0745,7,6.85,7.15,35,0,0,200.4
AR25-064,AR25-064-015,14,6636.045,11.7853,80.8,4.57,12.69,1.1642,6.9,6.75,7.05,35,0,0,201
AR25-064,AR25-064-016,14,6895.95,13.311,83.3,3.52,11.39,1.1685,7,6.85,7.15,35,0,0,200.57
AR25-064,AR25-064-017,14,7337.295,16.0498,87.5,2.21,9.33,1.2482,7.2,7.05,7.35,35,0,0,200.32
AR25-064,AR25-064-019,14,7045.32,13.9032,85.7,2.53,10.31,1.1664,7.1,6.95,7.25,35,0,0,198.7
AR25-064,AR25-064-020,14,6153.75,11.0454,80.9,4.88,12.82,1.1219,6.9,6.75,7.05,35,0,0,201.05
