Experiment,Batch,Sample_Time,Day,TCC,VCC,Viability,Diameter,Osmolality,Ammonium,Calcium,Glucose,Glutamine,Glutamate,Lactate,pH,CO2,pO2,Potassium,Sodium,Bicarbonate,pCO2 at Temp,pO2 at Temp,pH at Temp,IGG,DO,pH_setpoint,pH_setpoint_low,pH_setpoint_high,Temperature,Feed_Time_Offset,Bolus_Feed,Cumulative_Feed,Cumulative_Glucose,Normalized_Bolus_Feed,Cumulative_Normalized_Feed,Cumulative_Normalized_Glucose,Volume
AR25-064,AR25-064-001,7/2/2025 11:36,0,0.5785,0.5721,98.9,15.71,321,0.59,0.71,8.06,1.33,2.69,0.1,7.25,49.9,137.4,6.77,103.3,22.1,48.8,134.3,7.26,79.38975,40,7.1,6.95,7.25,36.5,,0,,,0,,,199.99
AR25-064,AR25-064-002,7/2/2025 11:46,0,1.2195,1.2037,98.7,15.29,328,0.69,0.7,7.8,1.29,2.8,0.21,7.17,61,107,6.72,103.1,22.4,59.7,104,7.18,75.18855,40,7.1,6.95,7.25,36.5,,0,,,0,,,200.03
AR25-064,AR25-064-003,7/2/2025 11:56,0,1.2482,1.2252,98.2,15.12,324,0.69,0.69,7.83,1.28,2.8,0.22,7.21,50.7,114.1,6.72,102.8,20.2,49.7,111.1,7.21,75.18855,40,7.1,6.95,7.25,36.5,,0,,,0,,,199.98
AR25-064,AR25-064-004,7/2/2025 12:07,0,0.6158,0.6079,98.7,15.43,328,0.59,0.71,8.18,1.32,2.72,0.12,7.16,65,127.1,6.86,103.5,23.3,63.6,124,7.17,72.24706,40,7.1,6.95,7.25,36.5,,0,,,0,,,199.98
AR25-064,AR25-064-005,7/2/2025 12:17,0,1.1936,1.1858,99.3,15.49,327,0.7,0.7,7.87,1.27,2.81,0.23,7.2,55.7,102.7,6.76,103.9,21.7,54.5,99.8,7.2,73.8954,40,7.1,6.95,7.25,36.5,,0,,,0,,,199.98
AR25-064,AR25-064-006,7/2/2025 12:27,0,1.203,1.1721,97.4,15.14,323,0.7,0.69,7.76,1.25,2.79,0.23,7.28,43.3,106.8,6.7,103.4,20.3,42.4,103.8,7.28,74.63235,40,7.2,7.05,7.35,36.5,,0,,,0,,,199.98
AR25-064,AR25-064-007,7/2/2025 12:37,0,1.2791,1.2633,98.8,15.45,325,0.71,0.7,7.83,1.26,2.8,0.23,7.21,53.7,101.7,6.77,103.7,21.4,52.5,98.7,7.22,73.21845,40,7.1,6.95,7.25,36.5,,0,,,0,,,199.98
AR25-064,AR25-064-008,7/2/2025 12:47,0,1.3501,1.3185,97.7,14.95,322,0.71,0.69,7.78,1.25,2.81,0.24,7.35,34.1,112.1,6.74,103.5,19,33.4,109,7.36,75.1713,40,7.3,7.15,7.45,36.5,,0,,,0,,,199.98
AR25-064,AR25-064-009,7/2/2025 12:56,0,1.1585,1.1377,98.2,15.4,327,0.71,0.7,7.75,1.22,2.78,0.23,7.22,49.9,105.3,6.66,102.3,20.6,48.9,102.3,7.23,73.9461,40,7.1,6.95,7.25,36.5,,0,,,0,,,199.98
AR25-064,AR25-064-010,7/2/2025 13:13,0,2.5596,2.5194,98.4,15.31,316,0.94,0.68,7.02,0.85,2.94,0.41,7.14,56.4,97.2,6.38,102.1,19.3,55.1,94.3,7.15,85.3305,40,7.1,6.95,7.25,36.5,,0,,,0,,,199.98
AR25-064,AR25-064-011,7/2/2025 13:23,0,1.2245,1.2059,98.5,15.27,325,0.72,0.7,7.83,1.1,2.78,0.21,7.24,45.8,115.4,6.72,102.3,19.8,44.9,112.4,7.25,71.48055,40,7.1,6.95,7.25,36.5,,0,,,0,,,199.98
AR25-064,AR25-064-012,7/2/2025 13:33,0,2.3837,2.3579,98.9,15.29,319,0.95,0.69,7.08,1.1,2.93,0.42,7.14,56.8,93.4,6.43,101.4,19.4,55.6,90.7,7.15,78.40981,40,7.1,6.95,7.25,36.5,,0,,,0,,,199.98
AR25-064,AR25-064-013,7/2/2025 13:45,0,1.231,1.203,97.7,15.25,324,0.73,0.69,7.79,1.21,2.77,0.23,7.37,33,107.3,6.67,101.5,19.1,32.3,104.2,7.38,73.4844,40,7.3,7.15,7.45,36.5,,0,,,0,,,199.98
AR25-064,AR25-064-014,7/2/2025 13:55,0,1.0831,1.0745,99.2,15.82,326,0.73,0.7,7.81,1.22,2.73,0.21,7.14,70.2,102,6.69,102.3,23.7,68.7,99.1,7.14,77.45805,40,7,6.85,7.15,36.5,,0,,,0,,,199.98
AR25-064,AR25-064-015,7/2/2025 14:05,0,1.18,1.1642,98.7,15.66,327,0.73,0.7,7.78,1.2,2.72,0.2,7.04,91.2,100.4,6.63,101.5,24.7,89.1,97.4,7.05,75.38505,40,6.9,6.75,7.05,36.5,,0,,,0,,,199.98
AR25-064,AR25-064-016,7/2/2025 14:15,0,1.1814,1.1685,98.9,15.59,327,0.73,0.7,7.78,1.19,2.72,0.2,7.12,71.1,110.5,6.66,101.8,23.4,69.5,107.5,7.13,75.3507,40,7,6.85,7.15,36.5,,0,,,0,,,199.98
AR25-064,AR25-064-017,7/2/2025 14:25,0,1.2626,1.2482,98.9,15.3,325,0.74,0.7,7.77,1.21,2.78,0.23,7.32,34,118.8,6.72,102.4,17.7,33.2,115.6,7.33,75.5919,40,7.2,7.05,7.35,36.5,,0,,,0,,,199.98
AR25-064,AR25-064-018,7/2/2025 14:36,0,1.198,1.1779,98.3,15.53,328,0.74,0.7,7.83,1.21,2.78,0.23,7.2,54.2,99.1,6.74,103.3,21.5,53.1,96.3,7.21,76.37926,40,7.1,6.95,7.25,36.5,,0,,,0,,,199.98
AR25-064,AR25-064-019,7/2/2025 14:45,0,1.1807,1.1664,98.8,15.62,326,0.74,0.69,7.64,1.2,2.73,0.23,7.2,55.5,103.6,6.59,101,21.7,54.3,100.6,7.21,72.87315,40,7.1,6.95,7.25,36.5,,0,,,0,,,199.98
AR25-064,AR25-064-020,7/2/2025 14:56,0,1.1362,1.1219,98.7,15.7,325,0.74,0.71,7.83,1.22,2.73,0.22,7.05,90.7,104.7,6.72,103,24.9,88.8,101.7,7.05,69.9555,40,6.9,6.75,7.05,36.5,,0,,,0,,,199.98
AR25-064,AR25-064-021,7/2/2025 15:13,0,1.1728,1.1592,98.8,15.57,329,0.75,0.7,7.82,0.91,2.84,0.24,7.23,50.3,102.4,6.74,103.2,20.9,49.2,99.3,7.23,74.29995,40,7.1,6.95,7.25,36.5,,0,,,0,,,199.98
AR25-064,AR25-064-022,7/2/2025 15:23,0,1.1786,1.1635,98.7,15.46,328,0.75,0.7,7.83,1.08,2.8,0.23,7.22,53.7,102.9,6.71,102.1,22.1,52.5,99.9,7.23,73.2393,40,7.1,6.95,7.25,36.5,,0,,,0,,,199.98
AR25-064,AR25-064-023,7/2/2025 15:33,0,1.1247,1.1118,98.9,15.68,329,0.74,0.7,7.92,1.14,2.81,0.23,7.23,53,98.3,6.74,102.8,22,51.9,95.5,7.23,74.33415,40,7.1,6.95,7.25,36.5,,0,,,0,,,199.98
AR25-064,AR25-064-024,7/2/2025 15:43,0,1.1563,1.1448,99,15.63,324,0.75,0.7,7.86,1.19,2.82,0.24,7.24,51.4,107.9,6.75,102.7,22,50.2,104.8,7.25,74.12251,40,7.1,6.95,7.25,36.5,,0,,,0,,,198.18
AR25-064,AR25-064-001,7/3/2025 6:12,1,0.908,0.8936,98.4,15.77,326,0.75,0.73,8.02,1.33,2.88,0.22,7.26,48.7,124.2,6.83,102.2,21.8,47.7,121.1,7.26,74.0268,40,7.1,6.95,7.25,36.5,,0,,,0,,,197.16
AR25-064,AR25-064-002,7/3/2025 6:23,1,1.9739,1.9344,98,15.61,322,0.88,0.71,7.47,1.19,2.98,0.43,7.23,46.1,98.3,6.65,102,19.5,45.1,95.3,7.24,79.986,40,7.1,6.95,7.25,36.5,,0,,,0,,,197.21
AR25-064,AR25-064-003,7/3/2025 6:33,1,1.9746,1.9344,98,15.6,322,0.89,0.7,7.43,1.18,3.01,0.43,7.21,48.9,99.2,6.6,101.5,19.6,47.9,96.3,7.22,79.986,40,7.1,6.95,7.25,36.5,,0,,,0,,,197.16
AR25-064,AR25-064-004,7/3/2025 6:42,1,0.9769,0.9597,98.2,15.96,330,0.75,0.72,8,1.23,2.85,0.24,7.25,50.9,109.8,6.83,102.1,22.1,49.8,106.8,7.25,69.89235,40,7.1,6.95,7.25,36.5,,0,,,0,,,197.18
AR25-064,AR25-064-005,7/3/2025 6:52,1,1.8942,1.8648,98.4,15.63,319,0.89,0.71,7.44,1.2,2.97,0.45,7.21,48,86.5,6.67,102.1,19.2,47,83.8,7.22,76.1367,40,7.1,6.95,7.25,36.5,,0,,,0,,,197.16
AR25-064,AR25-064-006,7/3/2025 7:02,1,1.8913,1.8612,98.4,15.62,325,0.89,0.7,7.39,1.16,3.02,0.47,7.34,30.9,97.1,6.62,101.1,16.8,30.2,94.2,7.35,75.05445,40,7.2,7.05,7.35,36.5,,0,,,0,,,197.16
AR25-064,AR25-064-007,7/3/2025 6:02,1,1.8999,1.8748,98.7,15.82,326,0.89,0.7,7.48,1.26,3.01,0.43,7.21,49.2,97.4,6.58,101.3,19.7,48.2,94.5,7.22,76.8306,40,7.1,6.95,7.25,36.5,,0,,,0,,,197.16
AR25-064,AR25-064-008,7/3/2025 7:13,1,1.8698,1.8296,97.9,15.57,317,0.9,0.69,7.41,0.84,3.12,0.49,7.44,18.9,95.2,6.59,101.2,12.7,18.5,92.5,7.44,78.6633,40,7.3,7.15,7.45,36.5,,0,,,0,,,195.36
AR25-064,AR25-064-009,7/3/2025 7:23,1,1.8468,1.8167,98.4,15.71,321,0.87,0.69,7.45,1.01,3,0.43,7.26,41.7,113.2,6.56,100.8,18.7,40.8,110.2,7.26,75.32895,40,7.1,6.95,7.25,36.5,,0,,,0,,,197.16
AR25-064,AR25-064-010,7/3/2025 7:33,1,3.98,3.9169,98.4,15.44,309,1.16,0.68,6.34,0.96,3.26,0.74,7.21,35.4,90.5,6.18,100.3,14.2,34.6,87.6,7.22,124.7944,40,7.1,6.95,7.25,36.5,,0,,,0,,,197.15
AR25-064,AR25-064-011,7/3/2025 7:43,1,1.877,1.8497,98.5,15.8,324,0.88,0.7,7.48,1.11,3.03,0.44,7.25,42.9,97.5,6.62,102.1,18.8,41.9,94.6,7.26,77.0826,40,7.1,6.95,7.25,36.5,,0,,,0,,,197.16
AR25-064,AR25-064-012,7/3/2025 7:53,1,3.7489,3.7173,99.2,15.66,314,1.16,0.69,6.3,1.01,3.26,0.78,7.2,33.5,89.3,6.23,101,13.1,32.8,86.6,7.21,124.2512,40,7.1,6.95,7.25,36.5,,0,,,0,,,197.15
AR25-064,AR25-064-013,7/3/2025 8:05,1,2.0019,1.9602,97.9,15.75,318,0.91,0.69,7.34,1.12,3.09,0.5,7.43,20.8,103.7,6.58,101.7,14,20.4,100.8,7.44,77.4285,40,7.3,7.15,7.45,36.5,,0,,,0,,,197.16
AR25-064,AR25-064-014,7/3/2025 8:15,1,1.8346,1.8052,98.4,15.86,322,0.87,0.7,7.49,1.13,2.93,0.42,7.11,65.9,102,6.56,101.3,21.1,64.4,99,7.12,78.1107,40,7,6.85,7.15,36.5,,0,,,0,,,197.15
AR25-064,AR25-064-015,7/3/2025 8:25,1,1.8267,1.8009,98.6,15.99,323,0.88,0.71,7.46,1.09,2.88,0.39,7.05,81.3,105.8,6.56,101.5,22.6,79.6,102.8,7.06,74.48775,40,6.9,6.75,7.05,36.5,,0,,,0,,,197.15
AR25-064,AR25-064-016,7/3/2025 8:35,1,1.8217,1.7959,98.6,15.92,327,0.88,0.71,7.5,1.12,2.96,0.42,7.14,62.3,105.9,6.62,102.3,21.4,61,102.9,7.15,76.8468,40,7,6.85,7.15,36.5,,0,,,0,,,197.15
AR25-064,AR25-064-017,7/3/2025 8:45,1,1.8052,1.7736,98.3,15.64,322,0.89,0.69,7.33,1.1,3.04,0.47,7.35,26.8,99.4,6.52,100.8,15,26.2,96.5,7.36,77.48295,40,7.2,7.05,7.35,36.5,,0,,,0,,,197.16
AR25-064,AR25-064-018,7/3/2025 8:55,1,1.8317,1.8066,98.6,15.78,320,0.89,0.7,7.42,1.11,3.01,0.46,7.25,42.1,93.4,6.59,101.6,18.4,41.2,90.4,7.26,79.46519,40,7.1,6.95,7.25,36.5,,0,,,0,,,197.15
AR25-064,AR25-064-019,7/3/2025 9:13,1,1.9975,1.9631,98.3,15.86,324,0.91,0.7,7.4,0.83,3.06,0.49,7.23,44.3,95,6.61,101.8,18.7,43.3,92,7.24,69.07275,40,7.1,6.95,7.25,36.5,,0,,,0,,,197.15
AR25-064,AR25-064-020,7/3/2025 9:23,1,1.8899,1.8597,98.4,16.01,325,0.89,0.72,7.59,1.01,2.93,0.41,7.02,97.9,95,6.61,102.4,25.6,95.9,92.2,7.03,73.87005,40,6.9,6.75,7.05,36.5,,0,,,0,,,197.15
AR25-064,AR25-064-021,7/3/2025 9:59,1,1.9136,1.882,98.3,15.87,323,0.9,0.7,7.48,1.18,3.05,0.46,7.2,48.2,102.3,6.58,101.9,18.9,47.2,99.4,7.21,77.9637,40,7.1,6.95,7.25,36.5,,0,,,0,,,195.35
AR25-064,AR25-064-022,7/3/2025 10:11,1,1.7715,1.7521,98.9,15.97,323,0.9,0.71,7.52,1.15,3.06,0.46,7.25,42.3,99.1,6.63,102.2,18.7,41.4,96.2,7.26,74.41035,40,7.1,6.95,7.25,36.5,,0,,,0,,,195.35
AR25-064,AR25-064-023,7/3/2025 10:21,1,1.7549,1.7205,98,15.87,321,0.9,0.71,7.55,1.13,3.04,0.46,7.2,44.4,95.8,6.64,102.3,17.6,43.5,92.9,7.21,73.0209,40,7.1,6.95,7.25,36.5,,0,,,0,,,195.35
AR25-064,AR25-064-024,7/3/2025 10:31,1,1.8468,1.8145,98.3,15.79,328,0.89,0.7,7.45,1.09,3.03,0.47,7.21,50.2,94,6.59,102,20.2,49.1,91.1,7.22,77.51745,40,7.1,6.95,7.25,36.5,,0,,,0,,,195.35
AR25-064,AR25-064-001,7/4/2025 6:02,2,1.6667,1.6243,97.5,16.03,320,0.92,0.73,7.66,1.2,3.2,0.46,7.23,45.6,85.3,6.68,102.2,19.3,44.5,82.4,7.24,79.45486,40,7.1,6.95,7.25,36.5,,0,,,0,,,194.33
AR25-064,AR25-064-002,7/4/2025 6:12,2,3.4553,3.4123,98.8,15.96,315,1.18,0.71,6.57,1.06,3.38,0.77,7.21,33.9,89.3,6.34,100.8,13.4,33.2,86.5,7.21,99.68671,40,7.1,6.95,7.25,36.5,,0,,,0,,,194.37
AR25-064,AR25-064-003,7/4/2025 6:22,2,3.5867,3.553,99.1,15.79,315,1.2,0.71,6.63,1.03,3.37,0.74,7.21,34.9,83.7,6.37,101.6,14,34.2,81,7.22,99.68671,40,7.1,6.95,7.25,36.5,,0,,,0,,,194.32
AR25-064,AR25-064-004,7/4/2025 6:32,2,1.7262,1.6939,98.1,15.94,331,0.92,0.72,7.6,1.1,3.11,0.45,7.22,51.1,106.1,6.71,102.1,20.9,50,103,7.23,75.6705,40,7.1,6.95,7.25,36.5,,0,,,0,,,194.34
AR25-064,AR25-064-005,7/4/2025 6:42,2,3.4898,3.4424,98.6,15.79,318,1.19,0.71,6.57,1.01,3.3,0.75,7.2,36.7,84.1,6.34,101.2,14.4,35.9,81.4,7.21,100.0735,40,7.1,6.95,7.25,36.5,,0,,,0,,,194.32
AR25-064,AR25-064-006,7/4/2025 6:52,2,3.4151,3.3714,98.7,15.84,317,1.21,0.7,6.54,1.05,3.41,0.8,7.29,23.5,85.5,6.35,100.5,11.4,22.9,82.7,7.3,92.6625,40,7.2,7.05,7.35,36.5,,0,,,0,,,194.33
AR25-064,AR25-064-007,7/4/2025 7:02,2,3.4884,3.4381,98.6,15.87,315,1.21,0.71,6.56,1.02,3.32,0.77,7.22,32.6,84.4,6.35,100.9,13.5,31.9,81.8,7.23,77.32124,40,7.1,6.95,7.25,36.5,,0,,,0,,,194.32
AR25-064,AR25-064-008,7/4/2025 7:13,2,3.1761,3.1345,98.7,15.85,316,1.27,0.71,6.55,0.79,3.55,0.88,7.28,21.2,87.4,6.39,101.7,10.1,20.8,84.7,7.29,85.61505,40,7.3,7.15,7.45,36.5,,0,,,0,,,192.53
AR25-064,AR25-064-009,7/4/2025 7:23,2,3.2953,3.2544,98.8,15.83,320,1.19,0.7,6.58,0.9,3.33,0.75,7.23,30.5,86.8,6.28,100.4,12.7,29.8,84,7.23,96.2271,40,7.1,6.95,7.25,36.5,,0,,,0,,,194.32
AR25-064,AR25-064-010,7/4/2025 7:33,2,6.2618,6.203,99.1,15.94,297,1.62,0.69,4.89,0.88,3.58,0.99,7.03,37.5,74.3,5.65,101,10,36.7,71.8,7.04,239.0262,40,7.1,6.95,7.25,36.5,,0,,,0,,,194.32
AR25-064,AR25-064-011,7/4/2025 7:44,2,3.334,3.2974,98.9,15.85,314,1.2,0.71,6.67,0.97,3.38,0.78,7.22,31.4,88.1,6.43,102.3,13,30.7,85.4,7.23,98.9283,40,7.1,6.95,7.25,36.5,,0,,,0,,,194.32
AR25-064,AR25-064-012,7/4/2025 7:55,2,6.5496,6.4915,99.1,15.92,296,1.67,0.7,4.76,0.86,3.62,1.03,7.01,36,75.8,5.66,101.3,9.2,35.3,73.3,7.02,230.5368,40,7.1,6.95,7.25,36.5,,0,,,0,,,194.32
AR25-064,AR25-064-013,7/4/2025 8:07,2,3.3922,3.3434,98.6,15.9,311,1.27,0.71,6.48,1,3.49,0.86,7.26,23.1,87.5,6.37,102,10.5,22.5,84.5,7.27,93.7533,40,7.3,7.15,7.45,36.5,,0,,,0,,,194.33
AR25-064,AR25-064-014,7/4/2025 8:17,2,3.4884,3.4489,98.9,15.87,317,1.18,0.72,6.7,0.98,3.27,0.77,7.14,43,88.9,6.37,102,14.6,42.1,86.1,7.14,98.23665,40,7,6.85,7.15,36.5,,0,,,0,,,194.32
AR25-064,AR25-064-015,7/4/2025 8:27,2,3.5314,3.4927,98.9,15.96,320,1.17,0.72,6.69,0.99,3.16,0.72,7.04,62.6,88,6.32,101.7,16.8,61.2,85.3,7.04,100.872,40,6.9,6.75,7.05,36.5,,0,,,0,,,194.32
AR25-064,AR25-064-016,7/4/2025 8:37,2,3.4194,3.3742,98.7,15.82,321,1.18,0.72,6.66,0.98,3.21,0.76,7.1,48.5,83.2,6.36,102.3,15.2,47.5,80.5,7.11,93.5322,40,7,6.85,7.15,36.5,,0,,,0,,,192.52
AR25-064,AR25-064-017,7/4/2025 8:47,2,3.4539,3.4216,99.1,15.86,313,1.25,0.71,6.54,1,3.42,0.82,7.29,21.4,84.5,6.36,101.9,10.2,20.9,81.7,7.29,88.59765,40,7.2,7.05,7.35,36.5,,0,,,0,,,192.52
AR25-064,AR25-064-018,7/4/2025 8:57,2,3.6197,3.5723,98.7,15.7,315,1.23,0.71,6.5,1.03,3.32,0.79,7.23,31.1,86.6,6.32,101.6,13,30.4,83.8,7.23,101.373,40,7.1,6.95,7.25,36.5,,0,,,0,,,192.52
AR25-064,AR25-064-019,7/4/2025 9:14,2,3.642,3.6039,99,15.89,314,1.26,0.71,6.51,0.84,3.43,0.83,7.21,31.3,83.1,6.32,101.3,12.4,30.6,80.4,7.21,101.097,40,7.1,6.95,7.25,36.5,,0,,,0,,,192.52
AR25-064,AR25-064-020,7/4/2025 9:33,2,3.4955,3.4453,98.6,15.79,318,1.2,0.72,6.8,0.87,3.27,0.68,7,89.3,82.1,6.37,103.1,21.8,87.4,79.5,7,98.3307,40,6.9,6.75,7.05,36.5,,0,,,0,,,192.51
AR25-064,AR25-064-021,7/4/2025 9:43,2,3.4352,3.3936,98.8,15.72,313,1.24,0.72,6.64,0.98,3.41,0.78,7.2,35.1,85.8,6.42,103,13.8,34.3,83.1,7.21,100.9053,40,7.1,6.95,7.25,36.5,,0,,,0,,,192.57
AR25-064,AR25-064-022,7/4/2025 9:53,2,3.5221,3.474,98.6,15.71,312,1.23,0.71,6.55,0.96,3.34,0.77,7.2,36,81.9,6.33,101.6,14.2,35.2,79.2,7.21,97.203,40,7.1,6.95,7.25,36.5,,0,,,0,,,192.57
AR25-064,AR25-064-023,7/4/2025 10:03,2,3.4273,3.3642,98.2,15.82,316,1.21,0.7,6.59,0.96,3.34,0.77,7.2,37.1,85.5,6.33,101.1,14.5,36.3,82.8,7.21,96.939,40,7.1,6.95,7.25,36.5,,0,,,0,,,192.57
AR25-064,AR25-064-024,7/4/2025 10:14,2,3.4517,3.4029,98.6,15.68,316,1.23,0.71,6.58,0.97,3.33,0.78,7.17,40.6,88.2,6.36,101.7,14.9,39.7,85.4,7.18,94.2471,40,7.1,6.95,7.25,36.5,,0,,,0,,,192.57
AR25-064,AR25-064-001,7/5/2025 6:12,3,3.2429,3.2056,98.8,15.79,317,1.28,0.72,6.84,0.91,3.48,0.69,7.22,37.3,81,6.39,100.6,15.2,36.5,78.4,7.22,93.69389,40,7.1,6.95,7.25,36.5,,7.8,,,0.040733198,,,191.49
AR25-064,AR25-064-002,7/5/2025 6:22,3,5.6682,5.6086,98.9,15.86,304,1.78,0.71,5.07,0.83,3.72,1.03,7.03,36.4,69.3,5.78,100.8,9.5,35.6,67,7.03,219.1029,40,7.1,6.95,7.25,36.5,,7.8,,,0.040722564,,,191.54
AR25-064,AR25-064-003,7/5/2025 6:32,3,6.4183,6.3645,99.2,16.05,308,1.79,0.71,5.09,0.82,3.68,1.01,7.05,37.4,71,5.79,101.2,10.2,36.6,68.7,7.05,219.1029,40,7.1,6.95,7.25,36.5,,7.8,,,0.040733198,,,191.49
AR25-064,AR25-064-004,7/5/2025 6:42,3,3.3958,3.3563,98.8,15.77,315,1.32,0.72,6.77,0.86,3.41,0.65,7.17,44.7,72.8,6.35,100.6,16.5,43.7,70.5,7.18,99.6072,40,7.1,6.95,7.25,36.5,,7.8,,,0.040728944,,,191.51
AR25-064,AR25-064-005,7/5/2025 6:52,3,6.0056,5.9532,99.1,15.98,300,1.77,0.71,5.14,0.84,3.66,1.01,7.05,37.2,70.3,5.82,101.1,10.2,36.4,68,7.05,226.2229,40,7.1,6.95,7.25,36.5,,7.8,,,0.040733198,,,191.49
AR25-064,AR25-064-006,7/5/2025 7:02,3,5.9374,5.9008,99.4,16.06,302,1.81,0.72,5.09,0.83,3.67,1.04,7.02,36.1,73.8,5.82,101.8,9.4,35.3,71.4,7.03,219.7579,40,7.2,7.05,7.35,36.5,,7.8,,,0.040733198,,,191.49
AR25-064,AR25-064-007,7/5/2025 7:13,3,6.8346,6.7843,99.3,15.97,302,1.8,0.71,5.08,0.69,3.71,1.02,7.03,37.6,74.1,5.78,102.4,9.8,36.8,71.7,7.03,242.8692,40,7.1,6.95,7.25,36.5,,7.8,,,0.040733198,,,191.49
AR25-064,AR25-064-008,7/5/2025 7:23,3,5.9532,5.9044,99.2,16.08,301,1.83,0.71,5.03,0.75,3.73,1.07,7.04,30.1,77.7,5.74,101.3,8.1,29.5,75.3,7.04,212.0348,40,7.3,7.15,7.45,36.5,,7.8,,,0.041117554,,,189.7
AR25-064,AR25-064-009,7/5/2025 7:33,3,6.3379,6.2941,99.3,15.91,303,1.75,0.7,5.08,0.78,3.62,1.02,7.04,35.6,75.5,5.7,99.9,9.6,34.8,73,7.05,215.6973,40,7.1,6.95,7.25,36.5,,7.8,,,0.040733198,,,191.49
AR25-064,AR25-064-010,7/5/2025 7:43,3,11.1139,11.0256,99.2,15.94,278,2,0.68,2.77,0.51,3.64,0.88,6.98,49.2,58.5,4.79,101.2,11.5,48.1,56.4,6.98,540.0189,40,7.1,6.95,7.25,36.5,,7.8,,,0.040737452,,,191.47
AR25-064,AR25-064-011,7/5/2025 7:53,3,5.9611,5.9072,99.1,15.75,301,1.82,0.72,5.13,0.84,3.68,1.03,7.03,37.3,70.8,5.87,102.6,9.8,36.5,68.5,7.03,222.2135,40,7.1,6.95,7.25,36.5,,7.8,,,0.040733198,,,191.49
AR25-064,AR25-064-012,7/5/2025 6:02,3,10.6797,10.5921,99.2,15.91,278,2.03,0.7,2.89,0.51,3.81,0.93,6.96,48.3,56.8,4.85,100.8,10.9,47.3,54.8,6.97,533.1483,40,7.1,6.95,7.25,36.5,,7.8,,,0.040735325,,,191.48
AR25-064,AR25-064-013,7/5/2025 8:05,3,6.297,6.2331,99,15.9,308,1.83,0.7,4.95,0.82,3.73,1.1,7.08,37.7,76.2,5.73,103.8,11.1,36.9,73.7,7.08,219.5003,40,7.3,7.15,7.45,36.5,,7.8,,,0.040694944,,,191.67
AR25-064,AR25-064-014,7/5/2025 8:15,3,6.3544,6.297,99.1,15.93,299,1.78,0.71,5.08,0.81,3.57,1,7.04,36.7,73.2,5.82,102.1,10,36,70.8,7.05,225.0996,40,7,6.85,7.15,36.5,,7.8,,,0.040735325,,,191.48
AR25-064,AR25-064-015,7/5/2025 8:25,3,6.3257,6.2776,99.2,16.02,304,1.81,0.71,5.28,0.83,3.47,0.93,7.01,51.4,77.2,5.82,102.3,13,50.3,74.6,7.02,241.0623,40,6.9,6.75,7.05,36.5,,7.8,,,0.040949181,,,190.48
AR25-064,AR25-064-016,7/5/2025 8:35,3,6.5288,6.4563,98.9,15.81,299,1.77,0.71,5.12,0.81,3.52,1.02,7.04,37.3,72.6,5.76,102.1,10.2,36.5,70.3,7.05,228.7902,40,7,6.85,7.15,36.5,,7.8,,,0.040735325,,,191.48
AR25-064,AR25-064-017,7/5/2025 8:45,3,6.3042,6.2711,99.5,15.96,305,1.82,0.7,5.01,0.8,3.65,1.04,7,36.9,71.6,5.68,100.6,9.2,36.1,69.3,7.01,214.4844,40,7.2,7.05,7.35,36.5,,7.8,,,0.040733198,,,191.49
AR25-064,AR25-064-018,7/5/2025 8:55,3,6.8339,6.775,99.1,15.87,302,1.83,0.71,4.99,0.81,3.62,1.04,7,38.3,74.6,5.74,102.2,9.5,37.5,72,7.01,229.8121,40,7.1,6.95,7.25,36.5,,7.8,,,0.040735325,,,191.48
AR25-064,AR25-064-019,7/5/2025 9:13,3,6.5216,6.4635,99.1,16,299,1.87,0.71,4.83,0.66,3.71,1.05,6.99,37.8,74.4,5.71,102.7,9.1,36.9,71.9,7,236.5724,40,7.1,6.95,7.25,36.5,,7.8,,,0.040735325,,,191.48
AR25-064,AR25-064-020,7/5/2025 9:24,3,5.8965,5.8161,98.6,15.93,304,1.85,0.7,5.33,0.75,3.47,0.84,6.98,64,74.2,5.77,101.3,15,62.6,71.8,6.98,230.0559,40,6.9,6.75,7.05,36.5,,7.8,,,0.040737452,,,191.47
AR25-064,AR25-064-021,7/5/2025 9:35,3,6.5783,6.5238,99.2,15.92,300,1.82,0.7,4.98,0.76,3.66,1.01,7.02,38.1,76.6,5.72,102,9.8,37.3,74.1,7.02,231.218,40,7.1,6.95,7.25,36.5,,7.8,,,0.040722564,,,191.54
AR25-064,AR25-064-022,7/5/2025 9:45,3,6.4255,6.358,98.9,15.88,305,1.82,0.7,5,0.77,3.65,1,7.03,37.2,70.8,5.73,101.4,9.8,36.4,68.4,7.03,225.7507,40,7.1,6.95,7.25,36.5,,7.8,,,0.040724691,,,191.53
AR25-064,AR25-064-023,7/5/2025 9:55,3,6.1757,6.0939,98.7,15.85,304,1.81,0.7,5.11,0.8,3.61,1.03,7.03,37,74.8,5.79,101.3,9.8,36.2,72.4,7.04,216.3159,40,7.1,6.95,7.25,36.5,,7.8,,,0.040722564,,,191.54
AR25-064,AR25-064-024,7/5/2025 10:05,3,6.3257,6.2597,99,15.93,301,1.8,0.7,4.99,0.77,3.6,1.04,7.03,36.8,74.1,5.7,100.5,9.7,36,71.6,7.03,220.8936,40,7.1,6.95,7.25,36.5,,7.8,,,0.040724691,,,191.53
AR25-064,AR25-064-001,7/6/2025 6:04,4,5.8103,5.7328,98.7,15.96,384,2.38,0.68,12.19,1.57,5.14,1.04,6.99,31.9,78.1,5.81,109.2,7.6,31.2,75.6,6.99,196.5339,40,7.1,6.95,7.25,36.5,,0,,,0,,,196.49
AR25-064,AR25-064-002,7/6/2025 6:14,4,10.1507,10.0186,98.7,15.91,363,3.63,0.66,9.87,1.33,5.15,1.06,6.91,42.6,64.1,4.95,109.3,8.4,41.7,61.9,6.91,493.8105,40,7.1,6.95,7.25,36.5,,0,,,0,,,196.53
AR25-064,AR25-064-003,7/6/2025 6:24,4,10.9058,10.7995,99,15.92,362,3.49,0.66,9.47,1.28,5,1.03,6.92,44.1,62.9,4.88,108.3,9,43.2,60.8,6.92,493.8105,40,7.1,6.95,7.25,36.5,,0,,,0,,,196.08
AR25-064,AR25-064-004,7/6/2025 6:34,4,6.0156,5.9345,98.7,15.97,389,2.47,0.68,12.21,1.46,5,1.05,6.99,31.5,79.4,5.85,109.4,7.6,30.8,76.8,7,210.2857,40,7.1,6.95,7.25,36.5,,0,,,0,,,196.5
AR25-064,AR25-064-005,7/6/2025 6:44,4,10.3007,10.1837,98.9,15.98,368,3.47,0.65,9.76,1.31,4.96,1.09,6.92,43.1,64.6,4.93,109.5,8.8,42.2,62.4,6.92,489.6846,40,7.1,6.95,7.25,36.5,,0,,,0,,,196.55
AR25-064,AR25-064-006,7/6/2025 6:54,4,10.3768,10.2289,98.6,15.94,375,3.38,0.65,9.57,1.4,5.07,1.38,7.01,46.5,62.4,4.96,116.1,11.7,45.5,60.3,7.01,472.3684,40,7.2,7.05,7.35,36.5,,0,,,0,,,197.01
AR25-064,AR25-064-007,7/6/2025 7:04,4,12.2681,12.1425,99,15.53,359,3.04,0.65,9.56,1.29,4.82,1.05,6.91,45.9,60.5,4.76,109.1,9.1,44.9,58.4,6.91,522.0207,40,7.1,6.95,7.25,36.5,,0,,,0,,,196.55
AR25-064,AR25-064-008,7/6/2025 7:14,4,10.3911,10.2275,98.4,15.48,373,3.38,0.65,9.62,1.07,5.16,1.3,6.99,45,69.9,4.92,113.7,10.8,44.1,67.5,6.99,470.8062,40,7.3,7.15,7.45,36.5,,0,,,0,,,195.14
AR25-064,AR25-064-009,7/6/2025 7:24,4,10.8304,10.6883,98.7,15.49,364,3.51,0.65,9.77,1.18,5.07,1.07,6.91,42.9,68.4,4.9,108.4,8.6,42,66.1,6.91,489.2994,40,7.1,6.95,7.25,36.5,,0,,,0,,,196.53
AR25-064,AR25-064-010,7/6/2025 7:34,4,15.8584,15.6488,98.7,15.67,329,3.38,0.62,6.87,1,5.14,0.61,7.04,46.4,64.2,3.77,109,12.6,45.5,62.1,7.05,1064.922,40,7.1,6.95,7.25,36.5,,0,,,0,,,196.53
AR25-064,AR25-064-011,7/6/2025 7:44,4,10.7184,10.5476,98.4,15.57,363,3.62,0.65,9.78,1.26,5.13,1.06,6.92,43.8,70.1,4.91,109.1,9.1,42.9,67.8,6.93,499.1857,40,7.1,6.95,7.25,36.5,,0,,,0,,,196.57
AR25-064,AR25-064-012,7/6/2025 7:54,4,15.7493,15.5246,98.6,15.79,325,3.37,0.61,6.63,0.99,5.06,0.6,7.03,50.7,51.2,3.75,108.2,13.3,49.6,49.5,7.03,1025.341,40,7.1,6.95,7.25,36.5,,0,,,0,,,196.56
AR25-064,AR25-064-013,7/6/2025 8:06,4,11.4857,11.3307,98.7,15.61,381,3.28,0.63,8.99,1.29,5.18,1.61,7.11,53.2,59.8,4.79,122.2,17,52,57.7,7.12,474.4958,40,7.3,7.15,7.45,36.5,,0,,,0,,,197.56
AR25-064,AR25-064-014,7/6/2025 8:16,4,10.5419,10.3926,98.6,15.67,362,3.61,0.65,9.83,1.28,5.01,1.01,6.89,41.6,68.6,4.91,107.8,8,40.7,66.4,6.9,516.9445,40,7,6.85,7.15,36.5,,0,,,0,,,196.47
AR25-064,AR25-064-015,7/6/2025 8:26,4,10.7285,10.5828,98.6,15.74,361,3.59,0.66,10,1.29,5.07,1.03,6.92,41,68.2,5.04,109,8.5,40.1,66,6.93,517.6154,40,6.9,6.75,7.05,36.5,,0,,,0,,,196.46
AR25-064,AR25-064-016,7/6/2025 8:36,4,10.6452,10.4787,98.4,15.69,361,3.64,0.66,9.96,1.32,5.04,1.03,6.9,41.3,69.1,4.97,108.6,8,40.4,66.8,6.9,497.45,40,7,6.85,7.15,36.5,,0,,,0,,,196.47
AR25-064,AR25-064-017,7/6/2025 8:47,4,11.157,11.0027,98.6,15.62,374,3.46,0.64,9.28,1.32,5.05,1.33,7,47.8,64.9,4.79,115.1,11.7,46.7,62.6,7,466.9971,40,7.2,7.05,7.35,36.5,,0,,,0,,,197.01
AR25-064,AR25-064-018,7/6/2025 8:57,4,11.6515,11.5238,98.9,15.5,366,3.18,0.65,9.53,1.24,4.9,1.04,6.9,46.9,61.5,4.74,109.2,9.1,45.9,59.4,6.9,501.1567,40,7.1,6.95,7.25,36.5,,0,,,0,,,196.54
AR25-064,AR25-064-019,7/6/2025 9:14,4,11.0852,10.9417,98.7,15.75,359,3.62,0.65,9.01,1.02,5.09,1.05,6.93,44.4,63.6,4.79,108.8,9.4,43.5,61.5,6.94,500.0358,40,7.1,6.95,7.25,36.5,,0,,,0,,,196.15
AR25-064,AR25-064-020,7/6/2025 9:24,4,9.631,9.4681,98.3,15.8,365,3.53,0.65,10.03,1.16,5.16,0.99,6.93,41.1,65.4,5.04,107.6,8.5,40.1,63.1,6.93,509.658,40,6.9,6.75,7.05,36.5,,0,,,0,,,196.46
AR25-064,AR25-064-021,7/6/2025 9:34,4,11.0364,10.9151,98.9,15.7,357,3.53,0.65,9.47,1.21,5.01,1.04,6.92,45.1,65.9,4.79,108.7,9.3,44.1,63.7,6.93,512.6729,40,7.1,6.95,7.25,36.5,,0,,,0,,,196.63
AR25-064,AR25-064-022,7/6/2025 9:45,4,11.1161,10.9976,98.9,15.74,360,3.58,0.66,9.62,1.25,5.05,1.01,6.92,44.4,64.3,4.88,109.8,9.1,43.4,62.1,6.92,507.8564,40,7.1,6.95,7.25,36.5,,0,,,0,,,196.59
AR25-064,AR25-064-023,7/6/2025 9:55,4,10.3983,10.2483,98.6,15.73,366,3.46,0.64,9.69,1.24,4.96,1.01,6.91,44.4,67.2,4.89,107.9,8.9,43.5,65,6.92,459.8094,40,7.1,6.95,7.25,36.5,,0,,,0,,,196.6
AR25-064,AR25-064-024,7/6/2025 10:05,4,10.5591,10.432,98.8,15.78,360,3.51,0.65,9.55,1.26,5.01,1.03,6.93,44.6,64,4.86,109.4,9.5,43.6,61.8,6.94,468.7311,40,7.1,6.95,7.25,36.5,,0,,,0,,,196.65
AR25-064,AR25-064-001,7/7/2025 6:02,5,8.43,8.33,98.8,15.95,368,3.68,0.66,10.46,1.38,5.37,0.96,6.94,38.9,64.2,5.21,108.1,8.4,38.1,62.1,6.95,402.9221,40,7.1,6.95,7.25,35,,0,,,0,,,193.68
AR25-064,AR25-064-002,7/7/2025 6:12,5,13.22,13.05,98.7,16.07,340,4.37,0.62,7.65,1.2,5.39,0.57,7.06,50.8,50.8,4.12,109.1,14.5,49.7,49,7.07,880.5439,40,7.1,6.95,7.25,35,,0,,,0,,,193.8
AR25-064,AR25-064-003,7/7/2025 6:22,5,14.02,13.9,99.1,16.11,336,4.15,0.62,7.17,1.14,5.21,0.51,7.07,51.5,45.6,4.04,108.8,15,50.3,44,7.08,880.5439,40,7.1,6.95,7.25,35,,0,,,0,,,193.31
AR25-064,AR25-064-004,7/7/2025 6:32,5,8.28,8.17,98.7,16.07,376,3.79,0.65,10.54,1.35,5.27,0.97,6.96,38.4,67.6,5.27,108.2,8.6,37.6,65.3,6.97,430.9785,40,7.1,6.95,7.25,35,,0,,,0,,,193.71
AR25-064,AR25-064-005,7/7/2025 6:42,5,13.34,13.21,99.1,16.18,343,4.28,0.62,7.58,1.29,5.24,0.62,7.07,48.8,50.7,4.14,110.3,14.1,47.8,48.9,7.07,877.4763,40,7.1,6.95,7.25,35,,0,,,0,,,193.77
AR25-064,AR25-064-006,7/7/2025 6:52,5,13.96,13.8,98.9,16.17,352,3.88,0.61,7.03,1.34,5.26,0.98,7.12,51.8,51.4,3.98,116.4,16.9,50.7,49.6,7.13,881.1475,40,7.2,7.05,7.35,35,,0,,,0,,,194.32
AR25-064,AR25-064-007,7/7/2025 7:02,5,14.42,14.26,98.9,16.02,338,4,0.62,7.07,1.2,5.14,0.6,7.08,49.9,51.8,3.92,111.2,14.8,48.9,50.1,7.08,964.2474,40,7.1,6.95,7.25,35,,0,,,0,,,193.82
AR25-064,AR25-064-008,7/7/2025 7:13,5,13.36,13.2,98.8,16.17,357,3.75,0.6,6.81,1.12,5.48,1.2,7.17,55,55.4,4.01,122.1,20.3,53.8,53.5,7.18,839.8194,40,7.3,7.15,7.45,35,,0,,,0,,,192.94
AR25-064,AR25-064-009,7/7/2025 7:23,5,13.17,13.01,98.8,16.1,343,4.31,0.63,7.65,1.14,5.44,0.61,7.07,49.5,56.1,4.18,111.9,14.3,48.5,54.2,7.07,885.8004,40,7.1,6.95,7.25,35,,0,,,0,,,193.81
AR25-064,AR25-064-010,7/7/2025 7:33,5,18.47,18.24,98.7,16.15,291,2.97,0.58,3.72,0.52,4.91,0.04,7.18,49.5,48.3,3.09,108.5,18.4,48.4,46.6,7.18,1258.398,40,7.1,6.95,7.25,35,,0,,,0,,,193.67
AR25-064,AR25-064-011,7/7/2025 7:43,5,13.05,12.92,99,16.21,337,4.28,0.62,7.55,1.16,5.36,0.56,7.08,49.1,56,4.14,109.8,14.5,48,54.1,7.08,904.6346,40,7.1,6.95,7.25,35,,0,,,0,,,193.78
AR25-064,AR25-064-012,7/7/2025 7:53,5,18.17,17.92,98.6,16.16,294,2.95,0.58,3.55,0.52,4.85,0.05,7.19,50.8,45.7,3.1,109.3,19.2,49.8,44.2,7.19,1292.369,40,7.1,6.95,7.25,35,,0,,,0,,,193.7
AR25-064,AR25-064-013,7/7/2025 8:40,5,14.51,14.38,99.1,16.11,354,3.41,0.6,6.1,1.17,5.51,1.28,7.19,49.9,39.3,3.83,124.4,19.2,48.8,37.9,7.2,908.8568,40,7.3,7.15,7.45,35,,0,,,0,,,192.98
AR25-064,AR25-064-014,7/7/2025 8:50,5,13.44,13.31,99,16.15,333,4.35,0.62,7.55,1.12,5.35,0.46,7.08,45.1,52.4,4.11,107.8,13.2,44.1,50.5,7.08,904.511,40,7,6.85,7.15,35,,0,,,0,,,191.84
AR25-064,AR25-064-015,7/7/2025 9:45,5,12.64,12.48,98.7,16.27,339,4.33,0.63,7.5,1.08,6.1,0.34,7,63,58.1,4.17,108.3,15.6,61.6,56.2,7.01,934.298,40,6.9,6.75,7.05,35,,0,,,0,,,191.83
AR25-064,AR25-064-016,7/7/2025 9:55,5,12.61,12.44,98.6,16.18,337,4.39,0.63,7.57,1.21,5.98,0.42,7.06,49.2,56.5,4.15,107.8,14,48.2,54.6,7.07,883.6438,40,7,6.85,7.15,35,,0,,,0,,,191.84
AR25-064,AR25-064-017,7/7/2025 10:05,5,13.94,13.78,98.9,16.12,347,3.72,0.61,6.59,1.19,6.01,0.86,7.14,50.8,53.1,3.86,115.9,17.4,49.7,51.2,7.15,885.4664,40,7.2,7.05,7.35,35,,0,,,0,,,192.48
AR25-064,AR25-064-018,7/7/2025 10:15,5,14.63,14.44,98.7,16.03,331,3.79,0.61,6.7,1.07,5.76,0.52,7.09,49.5,52.4,3.8,108.7,15.1,48.4,50.6,7.1,945.5931,40,7.1,6.95,7.25,35,,0,,,0,,,192.02
AR25-064,AR25-064-019,7/7/2025 10:25,5,13.93,13.78,98.9,16.18,327,3.81,0.62,6.45,0.96,5.79,0.44,7.1,49.2,51,3.92,109.2,15.3,48.1,49.2,7.11,935.4579,40,7.1,6.95,7.25,35,,0,,,0,,,191.52
AR25-064,AR25-064-020,7/7/2025 10:35,5,10.92,10.73,98.2,16.54,334,4.34,0.62,7.77,0.96,6.02,0.4,7.04,52.9,59.1,4.28,107,14.1,51.7,57.1,7.04,871.8963,40,6.9,6.75,7.05,35,,0,,,0,,,191.83
AR25-064,AR25-064-021,7/7/2025 10:46,5,14.16,14.02,99.1,16.2,329,3.86,0.62,6.8,1.13,5.73,0.45,7.08,51.2,48.8,3.89,109,15.1,50.1,47.1,7.08,909.5172,40,7.1,6.95,7.25,35,,0,,,0,,,192.02
AR25-064,AR25-064-022,7/7/2025 10:56,5,13.44,13.3,99,16.16,330,3.87,0.62,6.82,1.12,5.67,0.47,7.09,46.6,50,3.91,108,14.1,45.6,48.3,7.1,899.4147,40,7.1,6.95,7.25,35,,0,,,0,,,191.97
AR25-064,AR25-064-023,7/7/2025 11:14,5,13.27,13.1,98.7,15.99,334,4.02,0.61,7.21,1.01,5.29,0.56,7.06,50.2,50.4,4.07,108.9,14.1,49.2,48.6,7.06,833.4477,40,7.1,6.95,7.25,35,,0,,,0,,,192.01
AR25-064,AR25-064-024,7/7/2025 11:33,5,13.73,13.57,98.8,16.03,329,3.93,0.61,7.01,1,5.41,0.51,7.08,48.9,52.3,3.98,110.1,14.5,47.9,50.5,7.09,862.0627,40,7.1,6.95,7.25,35,,0,,,0,,,192.01
AR25-064,AR25-064-001,7/8/2025 6:03,6,11.43,11.13,97.3,15.59,349,4.28,0.64,8.96,1.3,5.57,0.5,7.04,49.6,54.9,4.63,108.8,13.1,45.5,47.7,7.07,,40,7.1,6.95,7.25,35,,9.8,,,0.051343847,,,190.87
AR25-064,AR25-064-002,7/8/2025 6:13,6,16.29,16.06,98.6,15.63,312,3.87,0.59,5.12,0.69,5.25,0.04,7.19,54.2,48.5,3.52,109.7,20.1,49.7,42.2,7.21,,40,7.1,6.95,7.25,35,,9.8,,,0.051316961,,,190.97
AR25-064,AR25-064-003,7/8/2025 6:22,6,17.01,16.66,97.9,15.2,311,3.88,0.59,4.71,0.59,5.05,0.04,7.18,54.8,47.9,3.55,109.3,20.3,50.2,41.6,7.21,,40,7.1,6.95,7.25,35,,9.8,,,0.05144627,,,190.49
AR25-064,AR25-064-004,7/8/2025 6:33,6,11.35,11.21,98.7,15.75,353,4.37,0.63,8.98,1.33,5.48,0.48,7.06,48.7,58.5,4.62,108,13.4,44.7,51,7.08,,40,7.1,6.95,7.25,35,,9.8,,,0.051335778,,,190.9
AR25-064,AR25-064-005,7/8/2025 6:44,6,15.58,15.14,97.1,15.38,319,3.77,0.59,5.12,0.73,5.14,0.05,7.21,51.8,50.7,3.54,110.2,20.2,47.5,44.1,7.23,,40,7.1,6.95,7.25,35,,9.8,,,0.051325024,,,190.94
AR25-064,AR25-064-006,7/8/2025 6:54,6,17.47,17.14,98.1,15.39,322,2.87,0.58,4.7,0.95,5.18,0.09,7.33,54.4,49.4,3.39,117.6,28,49.8,42.9,7.35,,40,7.2,7.05,7.35,35,,9.8,,,0.051177607,,,191.49
AR25-064,AR25-064-007,7/8/2025 7:14,6,19.04,18.75,98.5,15.24,309,3.7,0.58,4.56,0.56,5.07,0.05,7.21,54.2,54.1,3.43,111.5,21.1,49.6,47.1,7.23,,40,7.1,6.95,7.25,35,,9.8,,,0.051311587,,,190.99
AR25-064,AR25-064-008,7/8/2025 7:24,6,17.33,17.05,98.4,15.57,334,2.41,0.56,4.38,0.89,5.33,0.34,7.38,53.7,51.7,3.33,122.6,31.2,49.2,44.9,7.41,,40,7.3,7.15,7.45,35,,9.8,,,0.051546392,,,190.12
AR25-064,AR25-064-009,7/8/2025 7:34,6,17.53,17.25,98.4,15.39,313,3.82,0.6,5.13,0.69,5.22,0.05,7.2,53,58.6,3.61,112.9,20.6,48.5,51,7.23,,40,7.1,6.95,7.25,35,,9.8,,,0.051314274,,,190.98
AR25-064,AR25-064-010,7/8/2025 7:44,6,18.46,17.85,96.7,15.51,290,3.22,0.55,3.8,0.3,4.2,0.05,7.17,50.9,58.6,3.05,107.8,18.2,46.6,51,7.2,,40,7.1,6.95,7.25,35,,9.8,,,0.051054962,,,191.95
AR25-064,AR25-064-011,7/8/2025 7:54,6,15.83,15.53,98.1,15.88,311,3.9,0.59,5.04,0.68,5.15,0.05,7.19,53.2,50.5,3.6,110.6,20.2,48.8,43.8,7.22,,40,7.1,6.95,7.25,35,,9.8,,,0.051322336,,,190.95
AR25-064,AR25-064-012,7/8/2025 8:05,6,17.89,17.25,96.4,15.59,293,3.18,0.56,3.8,0.29,4.16,0.05,7.17,52.9,53.7,3.08,109.3,19.1,48.5,46.8,7.2,,40,7.1,6.95,7.25,35,,9.8,,,0.051023065,,,192.07
AR25-064,AR25-064-013,7/8/2025 8:15,6,18.34,18.04,98.3,15.17,324,2.24,0.56,3.9,0.87,5.14,0.24,7.44,50.3,48.6,3.25,123.8,33.6,46.1,42.3,7.47,,40,7.3,7.15,7.45,35,,9.8,,,0.051057622,,,191.94
AR25-064,AR25-064-014,7/8/2025 8:25,6,16.47,16.19,98.3,15.44,310,4.16,0.59,5.11,0.64,5.03,0.05,7.1,61.8,54.4,3.6,109.3,18.6,56.7,47.3,7.12,,40,7,6.85,7.15,35,,9.8,,,0.051359992,,,190.81
AR25-064,AR25-064-015,7/8/2025 8:35,6,14.92,14.57,97.6,15.72,311,4.38,0.59,5.37,0.66,5.01,0.05,7.05,72.6,54.9,3.64,109.3,19.8,66.5,47.7,7.08,1551.24,40,6.9,6.75,7.05,35,,9.8,,,0.051362683,,,190.8
AR25-064,AR25-064-016,7/8/2025 8:45,6,16.2,15.87,98,15.47,308,3.99,0.58,5.12,0.67,4.98,0.05,7.13,55.3,56,3.57,107.3,18.1,50.7,48.8,7.16,,40,7,6.85,7.15,35,,9.8,,,0.0513573,,,190.82
AR25-064,AR25-064-017,7/8/2025 8:55,6,18.38,18.06,98.3,15.32,314,3,0.58,4.41,0.81,5.14,0.06,7.33,52.6,50.6,3.36,118.5,27.5,48.2,44,7.36,,40,7.2,7.05,7.35,35,,9.8,,,0.0511883,,,191.45
AR25-064,AR25-064-018,7/8/2025 9:14,6,17.34,16.97,97.8,15.37,307,3.64,0.58,4.43,0.57,5.05,0.05,7.21,53.8,49.8,3.45,112.5,21.2,49.3,43.3,7.24,,40,7.1,6.95,7.25,35,,9.8,,,0.051311587,,,190.99
AR25-064,AR25-064-019,7/8/2025 9:24,6,17.03,16.54,97.1,15.35,305,3.73,0.58,4.19,0.52,5.01,0.05,7.19,53.1,51.1,3.58,109.9,20.1,48.6,44.4,7.22,,40,7.1,6.95,7.25,35,,9.8,,,0.05144627,,,190.49
AR25-064,AR25-064-020,7/8/2025 9:34,6,14.38,14.04,97.6,16,312,4.39,0.59,5.52,0.66,5.13,0.05,7.04,74.1,48.3,3.67,108.2,19.5,67.9,42,7.06,,40,6.9,6.75,7.05,35,,9.8,,,0.051362683,,,190.8
AR25-064,AR25-064-021,7/8/2025 9:44,6,17.83,17.56,98.5,15.36,301,3.78,0.58,4.44,0.56,4.94,0.04,7.2,51.4,53.9,3.46,109,19.5,47.1,46.9,7.22,,40,7.1,6.95,7.25,35,,9.8,,,0.051311587,,,190.99
AR25-064,AR25-064-022,7/8/2025 9:54,6,17.23,16.89,98,15.36,304,3.69,0.58,4.49,0.57,4.91,0.04,7.19,50.7,51.9,3.49,108.7,19.1,46.4,45.1,7.22,,40,7.1,6.95,7.25,35,,9.8,,,0.051325024,,,190.94
AR25-064,AR25-064-023,7/8/2025 10:04,6,17.32,16.96,97.9,15.53,311,3.68,0.59,4.97,0.67,5,0.05,7.18,54.8,53.9,3.58,111,19.9,50.2,46.9,7.2,,40,7.1,6.95,7.25,35,,9.8,,,0.051311587,,,190.99
AR25-064,AR25-064-024,7/8/2025 10:15,6,17.12,16.79,98.1,15.4,304,3.71,0.58,4.64,0.59,4.94,0.04,7.19,52.5,53.7,3.53,109.7,19.8,48.1,46.7,7.22,,40,7.1,6.95,7.25,35,,9.8,,,0.051314274,,,190.98
AR25-064,AR25-064-001,7/9/2025 6:02,7,12.79,12.31,96.3,16.53,432,6.03,0.58,14.91,2.16,6.95,0.27,7.02,51.1,48.9,4.06,116.5,12.8,46.8,42.5,7.04,,40,7.1,6.95,7.25,35,,0,,,0,,,197.85
AR25-064,AR25-064-002,7/9/2025 6:12,7,17.22,16.67,96.8,16.49,375,5.66,0.54,10.27,1.41,6.51,0.06,7.1,50.5,32,2.85,118.3,15.3,46.1,27.7,7.13,,40,7.1,6.95,7.25,35,,0,,,0,,,197.92
AR25-064,AR25-064-003,7/9/2025 6:23,7,17.56,17.07,97.2,16.44,372,5.17,0.54,9.4,1.29,6.17,0.07,7.09,51.9,33.2,2.8,116.3,15.4,47.5,28.8,7.11,,40,7.1,6.95,7.25,35,,0,,,0,,,196.84
AR25-064,AR25-064-004,7/9/2025 6:33,7,11.93,11.46,96,16.58,436,6.1,0.57,14.89,2.11,6.76,0.27,7.04,48.7,48.1,4.08,116.9,12.8,44.7,41.8,7.06,,40,7.1,6.95,7.25,35,,0,,,0,,,197.88
AR25-064,AR25-064-005,7/9/2025 6:43,7,17.3,16.76,96.8,16.71,376,5.17,0.53,10.06,1.46,6.28,0.09,7.12,45.1,36.5,2.82,117.4,14.4,41.3,31.7,7.15,,40,7.1,6.95,7.25,35,,0,,,0,,,197.86
AR25-064,AR25-064-006,7/9/2025 6:53,7,17.42,16.97,97.4,16.77,382,4.78,0.52,9.62,1.54,6.31,0.11,7.24,49.3,35.1,2.64,125.1,20.7,45.2,30.5,7.27,,40,7.2,7.05,7.35,35,,0,,,0,,,198.44
AR25-064,AR25-064-007,7/9/2025 7:03,7,18.43,18.08,98.1,16.11,383,4.37,0.53,9.98,1.31,5.87,0.1,7.1,50.4,39.9,2.82,118.3,15.3,46.2,34.6,7.13,,40,7.1,6.95,7.25,35,,0,,,0,,,197.95
AR25-064,AR25-064-008,7/9/2025 7:14,7,16.89,16.37,97,16.54,391,4.19,0.51,9.46,1.56,6.59,0.16,7.32,48.6,35.8,2.55,130.1,25,44.5,31.1,7.35,,40,7.3,7.15,7.45,35,,0,,,0,,,197.06
AR25-064,AR25-064-009,7/9/2025 7:25,7,16.48,16.11,97.7,16.43,377,5.37,0.53,10.23,1.41,6.33,0.08,7.11,48.3,39.5,2.84,119.1,15.2,44.3,34.3,7.14,,40,7.1,6.95,7.25,35,,0,,,0,,,197.93
AR25-064,AR25-064-010,7/9/2025 7:35,7,18.25,17.3,94.8,16.04,365,5.3,0.51,9.27,1.06,5.61,0.06,7.07,48.4,44.1,2.66,116.2,13.8,44.3,38.3,7.1,,40,7.1,6.95,7.25,35,,0,,,0,,,198.9
AR25-064,AR25-064-011,7/9/2025 7:45,7,15.78,15.24,96.6,16.48,379,5.64,0.53,9.96,1.43,6.36,0.08,7.12,47.3,44.2,2.82,118.1,14.9,43.4,38.4,7.14,,40,7.1,6.95,7.25,35,,0,,,0,,,197.89
AR25-064,AR25-064-012,7/9/2025 7:55,7,17.9,16.87,94.2,16.11,364,5.27,0.51,9.11,1.08,5.57,0.06,7.08,49.1,43.2,2.67,116.8,14.3,45,37.5,7.11,,40,7.1,6.95,7.25,35,,0,,,0,,,199.02
AR25-064,AR25-064-013,7/9/2025 8:07,7,18.37,17.84,97.1,16.39,384,4.1,0.51,8.6,1.57,6.44,0.15,7.37,43.8,31.6,2.37,130.6,25,40.1,27.4,7.4,,40,7.3,7.15,7.45,35,,0,,,0,,,198.84
AR25-064,AR25-064-014,7/9/2025 8:17,7,17.34,16.81,96.9,16.33,376,5.57,0.53,10.17,1.41,6.15,0.08,7.08,46.7,41.1,2.89,116,13.5,42.8,35.7,7.1,,40,7,6.85,7.15,35,,0,,,0,,,197.76
AR25-064,AR25-064-015,7/9/2025 8:27,7,15.69,15.2,96.9,16.4,382,5.92,0.54,10.64,1.42,6.11,0.07,7,66.1,44.4,3.09,116.9,16,60.6,38.6,7.03,,40,6.9,6.75,7.05,35,,0,,,0,,,197.75
AR25-064,AR25-064-016,7/9/2025 8:37,7,16.92,16.37,96.8,16.28,381,5.59,0.54,10.29,1.42,6.14,0.08,7.07,47.4,42.8,2.93,116.8,13.5,43.4,37.2,7.1,,40,7,6.85,7.15,35,,0,,,0,,,197.77
AR25-064,AR25-064-017,7/9/2025 8:47,7,17.89,17.55,98.1,16.44,377,4.79,0.52,9.14,1.56,6.36,0.12,7.25,43.8,38.6,2.51,125.4,19,40.1,33.6,7.28,,40,7.2,7.05,7.35,35,,0,,,0,,,198.36
AR25-064,AR25-064-018,7/9/2025 8:58,7,17.09,16.53,96.7,16.06,383,4.4,0.53,9.79,1.37,5.92,0.11,7.12,47.6,39.4,2.81,118.8,15,43.6,34.2,7.14,,40,7.1,6.95,7.25,35,,0,,,0,,,197.93
AR25-064,AR25-064-019,7/9/2025 9:14,7,16.73,16.22,97,16.28,364,5.08,0.53,8.53,1.12,6.1,0.08,7.11,46.9,38.3,2.72,117,14.7,43,33.3,7.14,,40,7.1,6.95,7.25,35,,0,,,0,,,196.83
AR25-064,AR25-064-020,7/9/2025 9:50,7,15.1,14.59,96.6,16.57,383,6.14,0.54,10.96,1.46,6.39,0.06,7,66.6,24.4,3.21,117.3,16.2,61,21.2,7.03,,40,6.9,6.75,7.05,35,,0,,,0,,,195.95
AR25-064,AR25-064-021,7/9/2025 10:01,7,18,17.45,96.9,16.32,368,5.27,0.52,9.21,1.25,6.17,0.06,7.12,44.2,41.1,2.6,116.9,14.1,40.5,35.7,7.15,,40,7.1,6.95,7.25,35,,0,,,0,,,196.11
AR25-064,AR25-064-022,7/9/2025 10:13,7,17.53,16.99,96.9,16.23,366,5.27,0.52,9.3,1.3,6.18,0.07,7.13,41.6,36.5,2.62,117.1,13.5,38.1,31.7,7.15,,40,7.1,6.95,7.25,35,,0,,,0,,,196.05
AR25-064,AR25-064-023,7/9/2025 10:23,7,15.53,14.9,96,16.32,372,5.35,0.52,9.9,1.36,6.2,0.07,7.11,47.3,39.5,2.73,117.2,14.7,43.3,34.3,7.14,,40,7.1,6.95,7.25,35,,0,,,0,,,196.13
AR25-064,AR25-064-024,7/9/2025 10:33,7,17.31,16.79,97,16.36,367,5.26,0.52,9.39,1.33,6.13,0.07,7.12,45.1,38.4,2.66,117.1,14.2,41.3,33.3,7.14,,40,7.1,6.95,7.25,35,,0,,,0,,,196.11
AR25-064,AR25-064-001,7/10/2025 6:12,8,14.2,13.8,97.1,17.19,403,7.92,0.54,12.46,2.05,6.88,0.06,7.09,61.4,55.8,3.6,116.4,18.2,56.3,48.6,7.11,1563.405,40,7.1,6.95,7.25,35,,9.8,,,0.05051286,,,194.01
AR25-064,AR25-064-002,7/10/2025 6:23,8,16.19,15.56,96.1,17.56,345,5.84,0.51,6.3,1,5.88,0.05,7.06,46,40,2.25,117.5,12.8,42.1,34.8,7.09,2650.59,40,7.1,6.95,7.25,35,,9.8,,,0.048088719,,,203.79
AR25-064,AR25-064-003,7/10/2025 6:33,8,17.42,16.88,96.9,16.85,337,5.59,0.53,5.69,0.86,5.69,0.05,7.15,52,36.7,2.31,118.3,17.6,47.7,31.9,7.17,2650.59,40,7.1,6.95,7.25,35,,9.8,,,0.050795625,,,192.93
AR25-064,AR25-064-004,7/10/2025 6:44,8,12.07,11.56,95.7,17.23,409,7.99,0.55,12.51,2.18,6.82,0.07,7.11,57.4,54.8,3.63,118.1,17.8,52.6,47.7,7.14,1562.775,40,7.1,6.95,7.25,35,,9.8,,,0.050502448,,,194.05
AR25-064,AR25-064-005,7/10/2025 6:55,8,17.18,16.59,96.6,17.11,342,5.57,0.51,6.19,0.95,5.83,0.07,7.2,40.6,35.5,2.24,117.3,15.8,37.2,30.8,7.23,2819.745,40,7.1,6.95,7.25,35,,9.8,,,0.050551945,,,193.86
AR25-064,AR25-064-006,7/10/2025 7:13,8,18.55,17.89,96.4,17.08,341,4.76,0.49,5.39,0.94,6.05,0.09,7.32,42.1,30.2,1.94,125.3,21.3,38.6,26.2,7.35,2788.395,40,7.2,7.05,7.35,35,,9.8,,,0.050130441,,,195.49
AR25-064,AR25-064-007,7/10/2025 7:25,8,17.46,16.92,96.9,16.83,343,5.66,0.51,6.29,0.99,5.85,0.07,7.16,46.5,32.6,2.25,119.2,16.3,42.6,28.3,7.19,2757.33,40,7.1,6.95,7.25,35,,9.8,,,0.050243527,,,195.05
AR25-064,AR25-064-008,7/10/2025 7:35,8,18.72,18.07,96.5,16.95,344,4.08,0.48,4.85,1.16,6.2,0.09,7.38,45.7,26.9,1.81,129,26.9,41.9,23.3,7.41,2751.06,40,7.3,7.15,7.45,35,,9.8,,,0.050499845,,,194.06
AR25-064,AR25-064-009,7/10/2025 7:46,8,17,16.33,96.1,17.1,343,5.61,0.51,6.15,0.93,5.8,0.07,7.2,43.9,34.6,2.24,118.2,16.7,40.2,30,7.22,2757.285,40,7.1,6.95,7.25,35,,9.8,,,0.050253833,,,195.01
AR25-064,AR25-064-010,7/10/2025 7:56,8,16.45,15.09,91.7,16.65,335,5.6,0.5,5.78,0.74,5.28,0.07,7.09,51.6,38.9,2.34,116.9,15.3,47.2,33.8,7.12,3187.83,40,7.1,6.95,7.25,35,,9.8,,,0.049992348,,,196.03
AR25-064,AR25-064-011,7/10/2025 8:07,8,14.84,14.2,95.7,17.59,337,5.59,0.51,5.96,0.91,5.69,0.07,7.19,44.9,33.9,2.23,118.1,16.7,41.2,29.4,7.21,2698.125,40,7.1,6.95,7.25,35,,9.8,,,0.050264143,,,194.97
AR25-064,AR25-064-012,7/10/2025 8:17,8,17.12,15.66,91.5,16.72,332,5.41,0.5,5.53,0.72,5.14,0.07,7.11,50.2,41.5,2.31,116.4,15.5,46,36,7.13,3137.28,40,7.1,6.95,7.25,35,,9.8,,,0.049964311,,,196.14
AR25-064,AR25-064-013,7/10/2025 8:28,8,20.02,19.44,97.1,16.73,337,3.73,0.48,3.85,0.88,5.97,0.08,7.4,45,31.8,1.63,130.7,27.3,41.2,27.6,7.43,2874.27,40,7.3,7.15,7.45,35,,9.8,,,0.050068973,,,195.73
AR25-064,AR25-064-014,7/10/2025 8:38,8,16.19,15.64,96.6,17,340,6.28,0.51,6.54,0.96,5.58,0.07,7.05,63.5,35.3,2.39,116.8,17.1,58.2,30.6,7.07,2774.985,40,7,6.85,7.15,35,,9.8,,,0.050295099,,,194.85
AR25-064,AR25-064-015,7/10/2025 8:48,8,14.63,13.96,95.4,17.07,350,6.87,0.51,7.25,1.11,5.52,0.07,7.02,80.9,44.9,2.62,115.8,20.5,74.1,39,7.05,2627.325,40,6.9,6.75,7.05,35,,9.8,,,0.050289937,,,194.87
AR25-064,AR25-064-016,7/10/2025 8:58,8,15.84,15.17,95.8,16.99,349,6.07,0.51,6.59,1.03,5.59,0.07,7.1,52.6,33.8,2.4,115.4,16.1,48.2,29.3,7.13,2685.285,40,7,6.85,7.15,35,,9.8,,,0.050289937,,,194.87
AR25-064,AR25-064-017,7/10/2025 9:14,8,19.27,18.58,96.4,16.93,337,4.34,0.5,4.58,0.87,5.95,0.07,7.3,42.3,30.1,1.86,124.9,20.5,38.8,26.1,7.33,2751.105,40,7.2,7.05,7.35,35,,9.8,,,0.050166368,,,195.35
AR25-064,AR25-064-018,7/10/2025 6:02,8,16.05,15.34,95.5,16.94,349,5.58,0.52,6.48,0.97,6.14,0.05,7.14,49.8,32.5,2.3,119.5,16.8,45.7,28.2,7.17,2705.415,40,7.1,6.95,7.25,35,,9.8,,,0.050246103,,,195.04
AR25-064,AR25-064-019,7/10/2025 9:24,8,17.4,16.5,94.9,16.85,325,4.85,0.51,4.68,0.69,5.42,0.06,7.15,49.3,34.7,2.23,115.7,17,45.2,30.1,7.18,2608.08,40,7.1,6.95,7.25,35,,9.8,,,0.050536304,,,193.92
AR25-064,AR25-064-020,7/10/2025 9:35,8,13.63,12.86,94.4,17.35,356,7,0.51,7.7,1.15,5.68,0.06,7.02,84.9,45.4,2.76,115.1,21.2,77.7,39.4,7.04,2458.74,40,6.9,6.75,7.05,35,,9.8,,,0.050284776,,,194.89
AR25-064,AR25-064-021,7/10/2025 9:45,8,17.56,16.84,95.9,16.95,331,5.21,0.5,5.24,0.78,5.44,0.06,7.17,45.3,31.5,2.1,116.3,16.1,41.5,27.3,7.19,2926.14,40,7.1,6.95,7.25,35,,9.8,,,0.050264143,,,194.97
AR25-064,AR25-064-022,7/10/2025 9:55,8,17.51,16.87,96.3,17.1,331,5.13,0.51,5.31,0.83,5.51,0.07,7.18,40.9,28,2.13,116.6,14.9,37.5,24.3,7.2,2794.26,40,7.1,6.95,7.25,35,,9.8,,,0.050292518,,,194.86
AR25-064,AR25-064-023,7/10/2025 10:09,8,16.91,16.09,95.2,17.13,334,5.45,0.51,5.99,0.9,5.57,0.07,7.18,45.7,31,2.19,116.6,16.7,41.9,26.9,7.2,2761.77,40,7.1,6.95,7.25,35,,9.8,,,0.050251256,,,195.02
AR25-064,AR25-064-024,7/10/2025 10:21,8,16.89,16.14,95.6,17.15,328,5.19,0.51,5.43,0.82,5.51,0.07,7.18,45.3,30.2,2.13,116.8,16.4,41.5,26.2,7.2,2896.545,40,7.1,6.95,7.25,35,,9.8,,,0.050264143,,,194.97
AR25-064,AR25-064-001,7/11/2025 6:12,9,12.54,12.06,96.2,17.98,472,9.72,0.49,16.87,2.71,7.71,0.09,7.05,60.8,48.2,3.3,122.8,16.4,55.8,41.9,7.07,1977.795,40,7.1,6.95,7.25,35,,0,,,0,,,201
AR25-064,AR25-064-002,7/11/2025 6:23,9,16.93,16.05,94.8,17.84,398,6.84,0.47,10.14,1.81,6.84,0.08,7.15,39.9,29.1,2.09,124.7,13.5,36.6,25.2,7.17,3246.27,40,7.1,6.95,7.25,35,,0,,,0,,,200.89
AR25-064,AR25-064-003,7/11/2025 6:32,9,15.95,15.17,95.1,17.57,392,6.06,0.48,9.52,1.44,6.42,0.08,7.12,43.2,28.5,2.02,124,13.7,39.5,24.7,7.14,3246.27,40,7.1,6.95,7.25,35,,0,,,0,,,199.38
AR25-064,AR25-064-004,7/11/2025 6:43,9,13.08,12.6,96.3,17.97,475,9.83,0.5,17.07,2.84,7.65,0.1,7.06,58.9,34.6,3.39,124.6,16.4,53.9,30,7.09,1944.75,40,7.1,6.95,7.25,35,,0,,,0,,,201.05
AR25-064,AR25-064-005,7/11/2025 6:53,9,15.5,14.76,95.2,17.97,398,6.27,0.48,10.44,1.73,6.76,0.1,7.13,37.3,29.3,2.03,127.2,12,34.2,25.4,7.15,3283.17,40,7.1,6.95,7.25,35,,0,,,0,,,200.67
AR25-064,AR25-064-006,7/11/2025 7:03,9,18.19,17.42,95.8,17.89,397,5.38,0.46,9.17,1.72,6.78,0.11,7.27,34.9,25,1.72,132,15.7,32,21.7,7.3,3466.155,40,7.2,7.05,7.35,35,,0,,,0,,,202.24
AR25-064,AR25-064-007,7/11/2025 7:13,9,17.33,16.65,96.1,17.52,409,5.84,0.47,10.42,1.28,6.51,0.07,7.11,43.4,38.9,2.09,125,13.4,39.7,33.8,7.13,3243.9,40,7.1,6.95,7.25,35,,0,,,0,,,201.92
AR25-064,AR25-064-008,7/11/2025 7:50,9,18.21,17.36,95.3,17.68,400,4.96,0.44,8.53,7.34,1.82,0.11,7.36,32.9,23.2,1.68,136.7,18.5,30.1,20.1,7.39,3262.17,40,7.3,7.15,7.45,35,,0,,,0,,,198.91
AR25-064,AR25-064-009,7/11/2025 8:01,9,16,15.29,95.6,17.75,403,6.15,0.46,10.01,6.79,1.66,0.1,7.17,35.9,30.1,2.01,124.4,12.7,32.9,26.1,7.19,3217.74,40,7.1,6.95,7.25,35,,0,,,0,,,200.04
AR25-064,AR25-064-010,7/11/2025 8:12,9,16.21,14.82,91.4,17.4,401,6.33,0.46,10.02,6.41,1.54,0.1,7.04,46.4,33.2,2.19,123.1,12.3,42.5,28.9,7.06,3529.125,40,7.1,6.95,7.25,35,,0,,,0,,,201.13
AR25-064,AR25-064-011,7/11/2025 8:22,9,16.1,15.31,95.1,17.93,392,6.75,0.46,9.67,6.73,1.81,0.08,7.17,36.6,28.7,2.02,123.9,13,33.5,24.9,7.19,3396.555,40,7.1,6.95,7.25,35,,0,,,0,,,199.97
AR25-064,AR25-064-012,7/11/2025 8:32,9,16.82,15.35,91.3,17.34,392,6.23,0.46,9.79,6.33,1.54,0.1,7.06,44.5,38.8,2.18,123.1,12.4,40.8,33.7,7.09,3548.37,40,7.1,6.95,7.25,35,,0,,,0,,,201.24
AR25-064,AR25-064-013,7/11/2025 8:42,9,19.38,18.68,96.4,17.49,393,4.51,0.44,7.22,6.81,1.59,0.1,7.37,31.8,22.2,1.43,135.6,18.3,29.1,19.3,7.4,3362.07,40,7.3,7.15,7.45,35,,0,,,0,,,200.45
AR25-064,AR25-064-014,7/11/2025 8:52,9,16.99,16.25,95.6,17.67,403,6.7,0.47,10.49,6.54,1.77,0.1,7.11,39.8,32.9,2.17,122.6,12.3,36.5,28.5,7.13,3289.74,40,7,6.85,7.15,35,,0,,,0,,,199.9
AR25-064,AR25-064-015,7/11/2025 9:02,9,15.73,15.05,95.7,17.85,418,7.85,0.48,11.63,6.52,1.91,0.1,6.98,75.2,39.5,2.5,123.7,17.3,68.9,34.3,7,3098.295,40,6.9,6.75,7.05,35,,0,,,0,,,199.96
AR25-064,AR25-064-016,7/11/2025 9:13,9,15.83,15.07,95.2,17.73,409,6.81,0.47,10.82,6.69,1.67,0.1,7.1,40.8,35,2.23,124.4,12.3,37.3,30.4,7.12,3233.265,40,7,6.85,7.15,35,,0,,,0,,,199.91
AR25-064,AR25-064-017,7/11/2025 9:23,9,18.9,18.13,95.9,17.57,389,5.24,0.45,8.22,6.8,1.63,0.1,7.27,32.1,22.6,1.63,131.1,14.4,29.5,19.7,7.29,3488.58,40,7.2,7.05,7.35,35,,0,,,0,,,200.16
AR25-064,AR25-064-018,7/11/2025 9:33,9,16.91,15.93,94.2,17.41,400,5.92,0.48,10.03,6.5,1.49,0.09,7.13,41.7,32.6,2.06,126.3,13.5,38.2,28.3,7.15,3238.665,40,7.1,6.95,7.25,35,,0,,,0,,,200.08
AR25-064,AR25-064-019,7/11/2025 6:02,9,16.84,16.02,95.1,17.46,386,5.71,0.49,9.25,6.81,1.41,0.08,7.13,41.4,29,2.06,124.8,13.4,37.9,25.2,7.15,3389.835,40,7.1,6.95,7.25,35,,0,,,0,,,200.33
AR25-064,AR25-064-020,7/11/2025 9:43,9,13.36,12.62,94.5,17.85,421,8.14,0.48,12.22,6.74,2.05,0.1,7,73.6,43.5,2.66,124.1,17.5,67.3,37.7,7.02,2972.355,40,6.9,6.75,7.05,35,,0,,,0,,,199.99
AR25-064,AR25-064-021,7/11/2025 9:55,9,17.79,16.91,95.1,17.48,390,5.99,0.46,9.11,6.37,1.59,0.08,7.13,36.1,23.9,1.85,123.5,11.8,33.1,20.8,7.16,3396.465,40,7.1,6.95,7.25,35,,0,,,0,,,199.96
AR25-064,AR25-064-022,7/11/2025 10:05,9,17.15,16.37,95.4,17.65,389,5.95,0.46,9.08,6.43,1.59,0.09,7.14,33.5,27.4,1.83,122.6,11.2,30.7,23.8,7.17,3379.725,40,7.1,6.95,7.25,35,,0,,,0,,,199.78
AR25-064,AR25-064-023,7/11/2025 10:17,9,16.67,15.86,95.2,17.82,392,6.18,0.46,9.82,6.45,1.77,0.09,7.15,37.1,30.3,1.94,124.3,12.5,34,26.3,7.17,3430.23,40,7.1,6.95,7.25,35,,0,,,0,,,200.04
AR25-064,AR25-064-024,7/11/2025 10:27,9,16.54,15.81,95.6,17.92,387,6.15,0.47,9.39,6.42,1.72,0.09,7.15,35.5,24.2,1.88,125.9,12.1,32.6,21,7.17,3401.835,40,7.1,6.95,7.25,35,,0,,,0,,,199.95
AR25-064,AR25-064-001,7/12/2025 6:12,10,12.75,12.16,95.3,18.57,445,10.76,0.48,13.75,3.11,7.54,0.08,7.1,53.7,39.8,3.03,123.4,16.4,49.2,34.6,7.13,2790.705,40,7.1,6.95,7.25,35,,8.8,,,0.044413041,,,198.14
AR25-064,AR25-064-002,7/12/2025 6:22,10,15.13,14.13,93.4,18.22,365,7.3,0.45,6.09,1.38,6.51,0.06,7.2,35.5,27.9,1.98,124.1,13.5,32.5,24.2,7.22,4275.465,40,7.1,6.95,7.25,35,,8.8,,,0.04447814,,,197.85
AR25-064,AR25-064-003,7/12/2025 6:34,10,15.18,14.32,94.3,17.98,360,6.64,0.46,5.36,1.1,6.02,0.05,7.16,39.4,27.5,1.86,120.7,13.7,36.1,23.9,7.18,4275.465,40,7.1,6.95,7.25,35,,8.8,,,0.044808799,,,196.39
AR25-064,AR25-064-004,7/12/2025 6:43,10,11.81,11.16,94.5,18.34,449,10.83,0.47,13.86,3.28,7.42,0.09,7.11,53.6,43.4,3.08,123.9,16.8,49.1,37.7,7.14,2750.67,40,7.1,6.95,7.25,35,,8.8,,,0.044401837,,,198.19
AR25-064,AR25-064-005,7/12/2025 6:53,10,16.12,15.16,94,18.11,368,7.17,0.47,6.29,1.39,6.43,0.07,7.19,34,21.9,1.94,126.5,12.7,31.2,19,7.22,4435.17,40,7.1,6.95,7.25,35,,8.8,,,0.04455245,,,197.52
AR25-064,AR25-064-006,7/12/2025 7:04,10,18.03,17.09,94.8,17.96,362,6.08,0.45,4.63,1.19,6.43,0.07,7.32,31.2,22.3,1.62,131.1,15.7,28.5,19.3,7.34,4591.62,40,7.2,7.05,7.35,35,,8.8,,,0.044216662,,,199.02
AR25-064,AR25-064-007,7/12/2025 7:14,10,17.42,16.31,93.6,17.91,371,6.77,0.45,6.16,1.4,6.31,0.08,7.17,34.5,30.4,1.92,125.4,12.5,31.6,26.4,7.2,4387.395,40,7.1,6.95,7.25,35,,8.8,,,0.04423889,,,198.92
AR25-064,AR25-064-008,7/12/2025 7:24,10,17.95,16.99,94.7,17.92,368,5.55,0.44,4.02,1.22,6.74,0.08,7.39,31,25,1.57,135.9,18.7,28.4,21.7,7.42,4424.265,40,7.3,7.15,7.45,35,,8.8,,,0.04457276,,,197.43
AR25-064,AR25-064-009,7/12/2025 7:34,10,17.29,16.3,94.3,18.06,363,7.07,0.46,5.96,1.39,6.33,0.08,7.2,33.2,32.7,1.91,126.7,12.9,30.4,28.3,7.23,4515.945,40,7.1,6.95,7.25,35,,8.8,,,0.044270047,,,198.78
AR25-064,AR25-064-010,7/12/2025 7:44,10,15.88,14.18,89.3,17.59,367,7,0.45,6.53,1.61,6.12,0.08,7.09,43.1,41,2.13,123.5,12.9,39.5,35.6,7.12,4559.19,40,7.1,6.95,7.25,35,,8.8,,,0.044,,,200
AR25-064,AR25-064-011,7/12/2025 7:54,10,15.67,14.78,94.4,18.12,362,7.15,0.45,5.61,1.36,6.29,0.08,7.2,34.3,24.8,1.88,125,13.3,31.4,21.5,7.23,4124.505,40,7.1,6.95,7.25,35,,8.8,,,0.0442901,,,198.69
AR25-064,AR25-064-012,7/12/2025 8:08,10,15.96,14.33,89.8,17.57,366,6.82,0.45,6.19,1.52,6.03,0.07,7.1,43.9,38,2.13,122.7,13.4,40.2,33,7.13,4657.365,40,7.1,6.95,7.25,35,,8.8,,,0.043975813,,,200.11
AR25-064,AR25-064-013,7/12/2025 8:18,10,18.55,17.77,95.8,17.92,357,4.93,0.43,2.65,0.96,6.31,0.07,7.39,31.4,21,1.38,134.2,18.7,28.8,18.2,7.42,4626.63,40,7.3,7.15,7.45,35,,8.8,,,0.044258915,,,198.83
AR25-064,AR25-064-014,7/12/2025 8:28,10,15.88,14.81,93.2,18.13,366,7.44,0.45,6.53,1.58,6.17,0.08,7.13,39.1,34.4,2.02,122.5,12.8,35.8,29.8,7.16,4182.42,40,7,6.85,7.15,35,,8.8,,,0.044287871,,,198.7
AR25-064,AR25-064-015,7/12/2025 8:40,10,15,14.07,93.8,18.14,383,8.28,0.45,7.96,2.04,6.19,0.08,7.04,67.8,39.8,2.26,122.5,18,62.1,34.6,7.07,4031.73,40,6.9,6.75,7.05,35,,8.8,,,0.044261141,,,198.82
AR25-064,AR25-064-016,7/12/2025 8:50,10,15.99,14.83,92.7,18.12,372,7.59,0.46,6.9,1.61,6.15,0.08,7.11,43.9,32.7,2.04,123.5,13.7,40.2,28.4,7.14,4251.855,40,7,6.85,7.15,35,,8.8,,,0.044278957,,,198.74
AR25-064,AR25-064-017,7/12/2025 9:01,10,17.67,16.77,94.9,17.96,353,5.85,0.45,3.79,1.13,6.19,0.08,7.3,31,20.7,1.58,131.3,15.2,28.4,18,7.33,4547.175,40,7.2,7.05,7.35,35,,8.8,,,0.044292329,,,198.68
AR25-064,AR25-064-018,7/12/2025 9:14,10,16.45,15.03,91.4,17.8,370,6.64,0.46,5.84,1.34,6.27,0.08,7.19,35.1,26.2,1.97,124.6,13.2,32.2,22.7,7.22,4353.15,40,7.1,6.95,7.25,35,,8.8,,,0.04465645,,,197.06
AR25-064,AR25-064-019,7/12/2025 9:27,10,16.38,15.24,93.1,17.86,353,6.53,0.47,4.71,1.08,6.03,0.07,7.17,38.4,33.2,2.04,124.9,13.7,35.2,28.8,7.2,4563.525,40,7.1,6.95,7.25,35,,8.8,,,0.045010485,,,195.51
AR25-064,AR25-064-020,7/12/2025 9:48,10,14.3,13.3,93,18.27,390,8.96,0.47,8.79,2.1,6.65,0.07,7.02,79.2,44,2.55,125.7,19.8,72.6,38.2,7.04,4011.18,40,6.9,6.75,7.05,35,,8.8,,,0.04465645,,,197.06
AR25-064,AR25-064-021,7/12/2025 9:59,10,18.18,17.08,93.9,17.78,347,6.89,0.46,4.96,1.13,6.08,0.06,7.18,33.3,30.9,1.84,124.8,12.3,30.5,26.8,7.21,4558.605,40,7.1,6.95,7.25,35,,8.8,,,0.044699548,,,196.87
AR25-064,AR25-064-022,7/12/2025 6:02,10,17.18,16.07,93.5,17.84,363,6.91,0.47,5.8,1.19,6.58,0.06,7.18,32.3,21.5,1.83,124.7,11.8,29.6,18.6,7.21,4476.675,40,7.1,6.95,7.25,35,,8.8,,,0.044343663,,,198.45
AR25-064,AR25-064-023,7/12/2025 10:12,10,16.6,15.5,93.3,17.99,357,6.92,0.45,5.68,1.29,6.15,0.07,7.19,34.4,24.8,1.83,123.5,13,31.5,21.5,7.22,4458.105,40,7.1,6.95,7.25,35,,8.8,,,0.044681391,,,196.95
AR25-064,AR25-064-024,7/12/2025 10:24,10,17.84,16.86,94.5,17.96,358,6.77,0.45,5.09,1.15,6,0.07,7.19,33.5,27.7,1.78,124,12.6,30.7,24,7.22,4548.105,40,7.1,6.95,7.25,35,,8.8,,,0.044708632,,,196.83
AR25-064,AR25-064-001,7/13/2025 6:12,11,12.11,11.32,93.4,18.69,505,11.74,0.44,16.63,3.99,8.23,0.12,7.05,59.8,46.4,3.13,126.9,16.3,54.8,40.3,7.08,3208.965,40,7.1,6.95,7.25,35,,0,,,0,,,204.08
AR25-064,AR25-064-002,7/13/2025 6:22,11,15.95,14.62,91.6,18.53,416,8.25,0.44,9.06,2.46,7.51,0.11,7.12,35.7,24.8,2.09,132.7,11.4,32.7,21.5,7.15,4839.72,40,7.1,6.95,7.25,35,,0,,,0,,,203.6
AR25-064,AR25-064-003,7/13/2025 6:32,11,16.27,15.02,92.3,18.45,406,7.59,0.44,8.36,2.07,7.03,0.12,7.11,36.3,21.8,1.98,129.6,11.2,33.2,18.8,7.13,4839.72,40,7.1,6.95,7.25,35,,0,,,0,,,201.92
AR25-064,AR25-064-004,7/13/2025 6:42,11,13.47,12.6,93.5,18.24,507,12.21,0.45,17.16,4.29,8.25,0.13,7.06,64.2,42.6,3.3,131.2,17.7,58.8,37,7.08,3197.31,40,7.1,6.95,7.25,35,,0,,,0,,,204.13
AR25-064,AR25-064-005,7/13/2025 6:52,11,15.34,14.02,91.4,18.41,425,7.95,0.44,9.25,2.35,7.25,0.13,7.12,34.9,29.6,2,130.8,11,32,25.7,7.14,4749.24,40,7.1,6.95,7.25,35,,0,,,0,,,203.16
AR25-064,AR25-064-006,7/13/2025 7:02,11,18.08,16.71,92.4,18.25,410,6.74,0.43,7.24,2.08,7.22,0.12,7.23,33.3,13.8,1.61,136.3,13.7,30.5,11.9,7.26,5069.445,40,7.2,7.05,7.35,35,,0,,,0,,,204.6
AR25-064,AR25-064-007,7/13/2025 7:14,11,17.34,15.77,90.9,17.93,424,7.47,0.43,9.25,1.71,6.98,0.08,7.07,40,43.4,2.3,130.9,11.3,36.6,37.6,7.09,4923.24,40,7.1,6.95,7.25,35,,0,,,0,,,204.65
AR25-064,AR25-064-008,7/13/2025 7:24,11,18.18,16.63,91.5,18.31,414,6.31,0.43,6.74,2.19,7.49,0.12,7.31,29.6,22.1,1.62,140.5,14.7,27.1,19.1,7.34,4862.34,40,7.3,7.15,7.45,35,,0,,,0,,,202.94
AR25-064,AR25-064-009,7/13/2025 6:02,11,16.25,14.73,90.6,18.57,413,8.02,0.45,9.25,2.34,7.85,0.13,7.12,32.8,25.1,2.06,134.5,10.4,30.1,21.8,7.14,4839.81,40,7.1,6.95,7.25,35,,0,,,0,,,204.48
AR25-064,AR25-064-010,7/13/2025 7:34,11,16.15,14.05,87,17.99,421,8.12,0.42,9.74,2.59,7.04,0.14,7.03,40.1,39.5,2.33,128.7,10.3,36.7,34.2,7.05,5032.59,40,7.1,6.95,7.25,35,,0,,,0,,,205.88
AR25-064,AR25-064-011,7/13/2025 7:45,11,16.81,15.23,90.6,18.77,412,7.87,0.43,8.34,2.44,7.17,0.11,7.14,30.7,25,1.95,130.3,10.2,28.1,21.7,7.16,5020.35,40,7.1,6.95,7.25,35,,0,,,0,,,204.35
AR25-064,AR25-064-012,7/13/2025 7:55,11,15.01,12.78,85.1,17.99,417,7.99,0.42,9.42,2.53,6.95,0.14,7.04,39.2,43.7,2.35,129,10.4,35.9,37.9,7.07,5052.135,40,7.1,6.95,7.25,35,,0,,,0,,,205.98
AR25-064,AR25-064-013,7/13/2025 8:06,11,19.68,18.44,93.7,18.09,402,6.04,0.43,5.35,2,7.25,0.11,7.32,29.6,13.6,1.41,145.1,14.9,27.2,11.8,7.34,5220.885,40,7.3,7.15,7.45,35,,0,,,0,,,204.21
AR25-064,AR25-064-014,7/13/2025 8:16,11,16.08,14.6,90.8,18.32,423,8.52,0.43,9.55,2.64,7.05,0.14,7.08,33.3,33.5,2.27,129.6,9.7,30.5,29.1,7.11,5015.43,40,7,6.85,7.15,35,,0,,,0,,,204.47
AR25-064,AR25-064-015,7/13/2025 8:26,11,15.12,13.86,91.7,18.16,435,9.69,0.42,11.11,3.04,7.02,0.14,7.01,60.1,42,2.55,128,14.8,55.1,36.4,7.03,4743.39,40,6.9,6.75,7.05,35,,0,,,0,,,204.68
AR25-064,AR25-064-016,7/13/2025 8:36,11,16.32,14.79,90.6,18.25,424,8.54,0.43,9.84,2.69,6.99,0.14,7.09,34.1,36,2.26,127.4,10.2,31.3,31.2,7.12,4885.935,40,7,6.85,7.15,35,,0,,,0,,,204.52
AR25-064,AR25-064-017,7/13/2025 8:46,11,18.13,16.7,92.1,18.19,405,6.56,0.42,6.37,2.11,6.96,0.12,7.22,29.6,22.1,1.6,135.7,12,27.1,19.1,7.25,5234.805,40,7.2,7.05,7.35,35,,0,,,0,,,204.19
AR25-064,AR25-064-018,7/13/2025 8:56,11,17.58,15.72,89.4,17.62,422,7.47,0.44,9.04,1.97,6.7,0.1,7.1,40.6,38.2,2.25,130.1,12.3,37.2,33.2,7.12,4984.8,40,7.1,6.95,7.25,35,,0,,,0,,,204.62
AR25-064,AR25-064-019,7/13/2025 9:14,11,17.06,15.32,89.8,18.11,405,7.32,0.45,7.6,2.12,6.83,0.11,7.13,31,31.5,2.01,130.9,10.1,28.5,27.4,7.15,5420.49,40,7.1,6.95,7.25,35,,0,,,0,,,202.81
AR25-064,AR25-064-020,7/13/2025 9:24,11,14.25,12.91,90.6,18.39,447,10.37,0.43,12,3.14,7.19,0.12,6.98,68.3,43,2.8,128.8,15.8,62.6,37.3,7.01,4527.855,40,6.9,6.75,7.05,35,,0,,,0,,,204.72
AR25-064,AR25-064-021,7/13/2025 9:34,11,15.99,14.65,91.6,18.51,405,7.52,0.42,7.6,2.21,6.73,0.1,7.11,30.5,24.6,1.79,128.1,9.5,27.9,21.3,7.13,5273.205,40,7.1,6.95,7.25,35,,0,,,0,,,204.31
AR25-064,AR25-064-022,7/13/2025 10:14,11,16.38,14.67,89.6,18.57,399,7.77,0.43,7.83,2.34,7.07,0.09,7.12,28.4,26,1.85,130.1,9,26,22.5,7.15,5194.785,40,7.1,6.95,7.25,35,,0,,,0,,,202.15
AR25-064,AR25-064-023,7/13/2025 10:26,11,17.23,15.76,91.5,18.6,386,7.73,0.44,6.63,1.93,6.78,0.07,7.17,30.3,26.2,1.87,129.5,10.9,27.7,22.7,7.2,5191.875,40,7.1,6.95,7.25,35,,0,,,0,,,202.6
AR25-064,AR25-064-024,7/13/2025 10:37,11,16.73,15.12,90.4,18.61,379,7.32,0.43,5.82,1.65,6.5,0.07,7.16,29.9,26.1,1.72,126.3,10.5,27.3,22.6,7.19,5330.43,40,7.1,6.95,7.25,35,,0,,,0,,,202.43
AR25-064,AR25-064-001,7/14/2025 6:02,12,13.69,12.14,88.7,18.28,475,12.5,0.45,13.75,4.96,8.52,0.13,7.07,46.5,40.9,3.16,130.8,13.2,42.6,35.5,7.09,4188.96,40,7.1,6.95,7.25,35,,7.8,,,0.038767396,,,201.2
AR25-064,AR25-064-002,7/14/2025 6:12,12,15.95,14.18,88.9,18.22,385,8.6,0.44,5,2.2,7.42,0.06,7.16,36.1,28.8,2.14,129.3,12.6,33.1,25,7.19,5736.36,40,7.1,6.95,7.25,35,,7.8,,,0.038900803,,,200.51
AR25-064,AR25-064-003,7/14/2025 6:22,12,17,15.3,90,18.1,378,8.23,0.45,4.4,1.91,7.01,0.06,7.12,41.3,30.2,2.09,130.3,13.2,37.8,26.2,7.15,5736.36,40,7.1,6.95,7.25,35,,7.8,,,0.039221602,,,198.87
AR25-064,AR25-064-004,7/14/2025 6:32,12,13.54,11.84,87.5,17.72,480,12.49,0.44,13.73,4.99,8.25,0.14,7.06,62.1,43.9,3.23,130.4,17.4,56.9,38.2,7.09,4043.58,40,7.1,6.95,7.25,35,,7.8,,,0.038753913,,,201.27
AR25-064,AR25-064-005,7/14/2025 6:42,12,17,15.04,88.5,18.25,391,8.66,0.45,5.36,2.29,7.27,0.08,7.16,34.1,32.1,2.13,133.5,11.9,31.3,27.8,7.19,6119.625,40,7.1,6.95,7.25,35,,7.8,,,0.039011704,,,199.94
AR25-064,AR25-064-006,7/14/2025 6:52,12,17.46,15.67,89.7,18.1,378,7.54,0.44,3.19,1.74,7.25,0.08,7.27,33.3,24.3,1.77,138.1,15.1,30.5,21.1,7.3,5901.495,40,7.2,7.05,7.35,35,,7.8,,,0.038734668,,,201.37
AR25-064,AR25-064-007,7/14/2025 7:02,12,17.04,15.2,89.2,17.91,387,7.93,0.44,5.05,2.29,6.9,0.09,7.12,37.2,23.8,2.13,131,11.9,34.1,20.7,7.15,5990.715,40,7.1,6.95,7.25,35,,7.8,,,0.038696235,,,201.57
AR25-064,AR25-064-008,7/14/2025 7:14,12,18.67,16.29,87.3,17.9,392,7.14,0.44,2.71,1.82,7.21,0.1,7.35,29.8,28.3,1.79,143.3,16.2,27.3,24.5,7.38,5986.065,40,7.3,7.15,7.45,35,,7.8,,,0.0390625,,,199.68
AR25-064,AR25-064-009,7/14/2025 7:24,12,16.69,14.7,88.1,18.35,382,8.46,0.43,4.68,2.24,7.03,0.08,7.17,29.8,25.7,2,131.7,10.7,27.2,22.1,7.2,6014.385,40,7.1,6.95,7.25,35,,7.8,,,0.038744288,,,201.32
AR25-064,AR25-064-010,7/14/2025 7:34,12,16.03,13.4,83.6,17.64,394,8.47,0.41,6.13,2.86,6.96,0.08,7.05,38.5,40.7,2.48,128.7,10.3,35.3,35.3,7.07,6271.8,40,7.1,6.95,7.25,35,,7.8,,,0.038436899,,,202.93
AR25-064,AR25-064-011,7/14/2025 7:44,12,16.07,14.3,89,18.46,383,8.59,0.43,4.39,2.18,6.95,0.09,7.17,31.4,37.1,2.12,131.4,11.2,28.8,32.2,7.2,5863.41,40,7.1,6.95,7.25,35,,7.8,,,0.038773177,,,201.17
AR25-064,AR25-064-012,7/14/2025 7:54,12,16.17,13.48,83.4,17.71,389,8.37,0.42,5.83,2.76,6.81,0.09,7.06,41.8,38.5,2.49,129.4,11.5,38.3,33.3,7.08,6090.66,40,7.1,6.95,7.25,35,,7.8,,,0.038416076,,,203.04
AR25-064,AR25-064-013,7/14/2025 8:07,12,21.33,18.77,88,17.49,373,6.77,0.44,1.04,1.33,7.04,0.1,7.36,29.4,31.8,1.55,144.4,16.3,26.9,27.6,7.39,6308.58,40,7.3,7.15,7.45,35,,7.8,,,0.038838819,,,200.83
AR25-064,AR25-064-014,7/14/2025 8:17,12,16.45,14.35,87.3,18.05,387,8.96,0.43,5.63,2.67,6.85,0.09,7.11,33.9,29.5,2.25,129.1,10.6,31,25.6,7.14,5884.41,40,7,6.85,7.15,35,,7.8,,,0.038730821,,,201.39
AR25-064,AR25-064-015,7/14/2025 8:27,12,15.3,13.4,87.6,18.14,413,10.1,0.42,7.59,3.51,6.85,0.1,7.01,63.5,39.1,2.66,128.9,15.8,58.2,34,7.04,5588.025,40,6.9,6.75,7.05,35,,7.8,,,0.038659794,,,201.76
AR25-064,AR25-064-016,7/14/2025 8:37,12,15.91,13.45,84.5,18.18,395,9.1,0.43,6.13,2.84,6.9,0.09,7.1,36.8,35.3,2.29,129.9,11.2,33.8,30.6,7.13,5676.705,40,7,6.85,7.15,35,,7.8,,,0.038711599,,,201.49
AR25-064,AR25-064-017,7/14/2025 8:47,12,18.43,16.49,89.5,17.86,378,7.4,0.44,2.25,1.7,6.74,0.09,7.27,30,29.3,1.75,137.4,13.6,27.5,25.4,7.3,6266.7,40,7.2,7.05,7.35,35,,7.8,,,0.038829152,,,200.88
AR25-064,AR25-064-018,7/14/2025 8:59,12,17.36,15.21,87.6,17.87,388,8.01,0.44,5.07,2.42,6.82,0.1,7.15,33.2,46.8,2.07,133.8,11.5,30.4,40.6,7.18,5898.78,40,7.1,6.95,7.25,35,,7.8,,,0.038700074,,,201.55
AR25-064,AR25-064-019,7/14/2025 9:15,12,15.54,13.43,86.5,18.23,376,8,0.45,3.73,1.82,6.68,0.09,7.14,36.6,32.9,2.12,130.5,12.2,33.5,28.6,7.17,5859.78,40,7.1,6.95,7.25,35,,7.8,,,0.039044902,,,199.77
AR25-064,AR25-064-020,7/14/2025 9:25,12,13.51,11.68,86.4,18.32,423,10.75,0.43,8.72,3.87,7.31,0.1,7.03,61.4,48.2,2.94,131.3,16,56.2,41.9,7.06,5309.88,40,6.9,6.75,7.05,35,,7.8,,,0.038652131,,,201.8
AR25-064,AR25-064-021,7/14/2025 9:35,12,17.34,15.12,87.2,18.43,373,8.54,0.43,3.75,1.89,6.72,0.09,7.16,30.8,34.5,2,130.9,10.7,28.1,29.8,7.18,5854.695,40,7.1,6.95,7.25,35,,7.8,,,0.038775104,,,201.16
AR25-064,AR25-064-022,7/14/2025 10:15,12,16.78,14.84,88.4,18.38,373,8.44,0.43,3.84,1.88,6.88,0.07,7.16,29.8,28.5,2,129.3,10.5,27.3,24.7,7.19,6148.065,40,7.1,6.95,7.25,35,,7.8,,,0.039213715,,,198.91
AR25-064,AR25-064-023,7/14/2025 10:27,12,16.25,14.57,89.7,18.49,359,8.14,0.44,2.79,1.29,6.38,0.07,7.19,36.9,31.9,1.95,128.8,13.7,33.8,27.6,7.21,6155.745,40,7.1,6.95,7.25,35,,7.8,,,0.039091866,,,199.53
AR25-064,AR25-064-024,7/14/2025 11:39,12,16.03,14.34,89.5,18.65,346,8.19,0.45,1.94,1.06,6.46,0.06,7.19,36.3,26.6,1.89,131.4,13.5,33.3,23,7.21,6248.31,40,7.1,6.95,7.25,35,,7.8,,,0.039136979,,,199.3
AR25-064,AR25-064-001,7/15/2025 6:03,13,14.46,12.7,87.8,17.83,521,13.46,0.44,15.95,5.87,9.32,0.15,6.99,51.7,53.9,3.48,135.9,12.3,47.4,46.9,7.02,4655.34,40,7.1,6.95,7.25,35,,0,,,0,,,206.12
AR25-064,AR25-064-002,7/15/2025 6:13,13,17.37,15.21,87.6,18.09,437,9.91,0.43,7.56,3.17,8.51,0.12,7.08,37.8,31.7,2.4,137.9,10.9,34.6,27.5,7.1,6446.19,40,7.1,6.95,7.25,35,,0,,,0,,,205.32
AR25-064,AR25-064-003,7/15/2025 6:23,13,16.38,14.6,89.1,17.92,420,9.19,0.43,6.74,2.53,7.86,0.12,7.06,39,27,2.37,134.9,10.9,35.7,23.4,7.09,6446.19,40,7.1,6.95,7.25,35,,0,,,0,,,203.51
AR25-064,AR25-064-004,7/15/2025 6:33,13,14.75,13.02,88.3,17.67,529,13.69,0.43,16.09,5.9,8.99,0.18,7,57.5,52.6,3.67,136.9,13.7,52.7,45.7,7.02,4572.885,40,7.1,6.95,7.25,35,,0,,,0,,,206.21
AR25-064,AR25-064-005,7/15/2025 6:45,13,16.68,14.56,87.3,17.93,438,9.51,0.43,7.85,2.95,8.07,0.11,7.08,36.4,36.2,2.43,137.6,10.6,33.4,31.4,7.11,6372.33,40,7.1,6.95,7.25,35,,0,,,0,,,204.63
AR25-064,AR25-064-006,7/15/2025 6:56,13,17.96,16.12,89.7,18.06,423,8.36,0.43,5.51,2.51,8.06,0.13,7.19,33.3,26.9,2.06,143.7,12.5,30.5,23.4,7.22,6730.875,40,7.2,7.05,7.35,35,,0,,,0,,,205.99
AR25-064,AR25-064-007,7/15/2025 7:14,13,17.01,14.98,88.1,18.15,438,9.02,0.42,7.7,2.77,7.5,0.09,7.05,39.3,41.2,2.48,137.5,10.6,36,35.8,7.07,6396.825,40,7.1,6.95,7.25,35,,0,,,0,,,206.33
AR25-064,AR25-064-008,7/15/2025 7:24,13,18.44,16.22,88,18.06,431,7.8,0.43,5.05,2.67,7.86,0.16,7.26,31.9,33.1,1.85,147.2,14,29.2,28.7,7.28,6495.33,40,7.3,7.15,7.45,35,,0,,,0,,,204.34
AR25-064,AR25-064-009,7/15/2025 8:03,13,17.61,15.45,87.8,18.22,426,9.55,0.43,7.01,3.23,7.79,0.13,7.09,33,36,2.4,139.9,9.8,30.2,31.3,7.12,6400.86,40,7.1,6.95,7.25,35,,0,,,0,,,204.23
AR25-064,AR25-064-010,7/15/2025 8:21,13,16.19,13.3,82.1,17.7,443,9.91,0.41,8.92,3.69,7.69,0.12,6.98,43.9,48.1,2.82,134.8,10.1,40.2,41.8,7,6375.435,40,7.1,6.95,7.25,35,,0,,,0,,,206.06
AR25-064,AR25-064-011,7/15/2025 8:31,13,16.38,14.49,88.4,18.59,429,9.44,0.43,6.45,3.35,7.59,0.15,7.09,31.5,32.2,2.27,137.9,9.4,28.8,27.9,7.12,6455.04,40,7.1,6.95,7.25,35,,0,,,0,,,204.06
AR25-064,AR25-064-012,7/15/2025 8:42,13,16.16,13.54,83.8,17.9,442,9.54,0.41,8.46,3.52,7.36,0.12,6.99,44.4,44.8,2.81,132.2,10.4,40.7,38.9,7.01,6242.67,40,7.1,6.95,7.25,35,,0,,,0,,,206.15
AR25-064,AR25-064-013,7/15/2025 8:52,13,19.23,17.49,90.9,18.03,411,6.98,0.42,2.72,2.44,7.43,0.14,7.27,30.9,19.7,1.56,148.9,14,28.3,17.1,7.3,6851.115,40,7.3,7.15,7.45,35,,0,,,0,,,203.39
AR25-064,AR25-064-014,7/15/2025 9:02,13,16.57,14.51,87.6,18.3,440,9.85,0.42,7.94,3.47,7.4,0.14,7.04,34,40.6,2.52,132.7,9,31.2,35.2,7.06,6390.45,40,7,6.85,7.15,35,,0,,,0,,,204.37
AR25-064,AR25-064-015,7/15/2025 9:13,13,15.46,13.26,85.7,17.96,454,11.14,0.41,9.98,4.3,7.6,0.14,6.99,60.9,45.2,3.03,132.3,14.5,55.8,39.3,7.02,6013.425,40,6.9,6.75,7.05,35,,0,,,0,,,204.88
AR25-064,AR25-064-016,7/15/2025 9:23,13,15.5,13.3,85.8,18.1,443,10.19,0.42,8.66,3.62,7.77,0.13,7.02,39.4,42.8,2.62,134.2,10,36.1,37.2,7.05,6388.23,40,7,6.85,7.15,35,,0,,,0,,,204.52
AR25-064,AR25-064-017,7/15/2025 9:34,13,17.59,15.69,89.2,18.33,415,7.96,0.43,4.19,2.66,7.6,0.14,7.18,30.5,24.8,1.84,142.5,11.1,28,21.5,7.2,6550.53,40,7.2,7.05,7.35,35,,0,,,0,,,203.61
AR25-064,AR25-064-018,7/15/2025 9:44,13,17.13,14.79,86.4,18.18,438,9.05,0.43,7.44,2.83,7.33,0.09,7.06,39,39.4,2.55,136.9,10.9,35.8,34.2,7.09,6267.9,40,7.1,6.95,7.25,35,,0,,,0,,,204.53
AR25-064,AR25-064-019,7/15/2025 9:55,13,15.95,13.76,86.3,18.33,419,8.68,0.43,6.03,2.74,7.19,0.14,7.08,34,34.9,2.29,132.5,9.8,31.1,30.2,7.1,6304.125,40,7.1,6.95,7.25,35,,0,,,0,,,202.67
AR25-064,AR25-064-020,7/15/2025 10:05,13,13.93,11.74,84.3,18.19,473,11.68,0.42,10.99,4.84,7.8,0.17,7.02,52.6,47.2,3.3,133.4,13.2,48.2,41,7.04,5642.745,40,6.9,6.75,7.05,35,,0,,,0,,,204.93
AR25-064,AR25-064-021,7/15/2025 10:15,13,17.3,15.15,87.6,18.51,417,9.21,0.42,5.81,3.02,7.17,0.14,7.07,30.1,28.3,2.14,134.8,8.6,27.6,24.6,7.1,6641.07,40,7.1,6.95,7.25,35,,0,,,0,,,204.05
AR25-064,AR25-064-022,7/15/2025 10:27,13,17,14.94,87.9,18.49,416,9.18,0.42,6,3.04,7.1,0.13,7.09,28.6,26.6,2.12,133.9,8.4,26.2,23.1,7.11,6641.85,40,7.1,6.95,7.25,35,,0,,,0,,,203.54
AR25-064,AR25-064-023,7/15/2025 10:37,13,16.41,14.33,87.3,18.39,342,9.09,0.45,0.17,0.93,5.68,0.07,7.16,52.6,55.8,2.34,130.3,18.5,48.2,48.5,7.19,6810.135,40,7.1,6.95,7.25,35,,0,,,0,,,197.22
AR25-064,AR25-064-024,7/15/2025 13:21,13,16.66,14.91,89.5,18.71,405,9.12,0.44,8.09,1.88,8.8,0.02,7.1,32.8,25.2,1.44,136.9,10,30.1,21.8,7.13,6645.63,40,7.1,6.95,7.25,35,,0,,,0,,,203.92
AR25-064,AR25-064-001,7/16/2025 5:25,14,14.55,12.03,82.7,17.62,502,14.95,0.47,12.97,5.95,10.96,0.23,6.95,50.7,52.1,2.98,135.2,10.8,46.5,45.3,6.97,5113.95,40,7.1,6.95,7.25,35,,0,,,0,,,200.46
AR25-064,AR25-064-002,7/16/2025 5:35,14,17.55,14.73,84,17.78,407,11.21,0.45,3.98,3.12,9.44,0.05,7.05,44.6,44.5,2.19,136.5,12.2,40.9,38.7,7.08,7032.135,40,7.1,6.95,7.25,35,,0,,,0,,,199.55
AR25-064,AR25-064-003,7/16/2025 5:45,14,17.44,14.99,85.9,17.68,399,10.57,0.46,3.18,2.71,8.66,0.04,7.06,44.2,36.7,2.09,135.4,12.1,40.5,31.9,7.08,7032.135,40,7.1,6.95,7.25,35,,0,,,0,,,197.72
AR25-064,AR25-064-004,7/16/2025 5:55,14,15.53,12.98,83.6,16.95,511,15.26,0.46,13.1,6.09,10.85,0.26,6.95,56,51.9,3.13,136.3,12,51.3,45.1,6.97,4994.955,40,7.1,6.95,7.25,35,,0,,,0,,,200.56
AR25-064,AR25-064-005,7/16/2025 6:05,14,17.36,14.51,83.6,17.73,414,10.8,0.46,4.25,3.12,9.28,0.06,7.09,33.3,39.7,2.05,138.8,9.9,30.5,34.4,7.12,7064.235,40,7.1,6.95,7.25,35,,0,,,0,,,198.7
AR25-064,AR25-064-006,7/16/2025 5:02,14,18.62,15.96,85.7,17.33,401,9.81,0.44,1.67,2.52,9.48,0.05,7.18,40.8,33.1,1.78,143.5,15.1,37.4,28.7,7.21,7466.76,40,7.2,7.05,7.35,35,,0,,,0,,,200.02
AR25-064,AR25-064-007,7/16/2025 6:16,14,17.63,14.94,84.7,17.95,414,10.57,0.46,4.06,3.17,9.07,0.06,7.06,37.3,32.5,2.08,140.4,10.4,34.2,28.2,7.09,7005.96,40,7.1,6.95,7.25,35,,0,,,0,,,200.53
AR25-064,AR25-064-008,7/16/2025 6:26,14,19.1413,16.381,85.6,17.55,403,9.34,0.45,1.32,2.26,9.3,0.06,7.23,38.7,37.9,1.75,148.2,15.8,35.4,32.9,7.25,6932.625,40,7.3,7.15,7.45,35,,0,,,0,,,198.38
AR25-064,AR25-064-009,7/16/2025 6:36,14,16.0326,13.9032,86.7,18.38,405,10.65,0.46,3.32,2.97,8.94,0.06,7.08,37.4,37,1.97,137.8,11,34.3,32.2,7.11,7113.66,40,7.1,6.95,7.25,35,,0,,,0,,,200.16
AR25-064,AR25-064-010,7/16/2025 6:46,14,16.6406,13.5046,81.2,17.7,426,11.11,0.45,5.93,3.78,9.09,0.07,6.97,52.2,48.8,2.44,135,11.6,47.8,42.4,6.99,7133.22,40,7.1,6.95,7.25,35,,0,,,0,,,202.16
AR25-064,AR25-064-011,7/16/2025 7:07,14,16.1631,13.7498,85.1,18.45,400,11.15,0.45,3.03,9.47,2.84,0.08,7.09,42.2,41.6,2.14,139.6,12.4,38.6,36.1,7.11,7165.365,40,7.1,6.95,7.25,35,,0,,,0,,,200.02
AR25-064,AR25-064-012,7/16/2025 7:08,14,16.0054,13.04,81.5,17.75,424,10.92,0.44,5.56,9.31,3.46,0.09,6.97,56.5,49.8,2.52,134.4,12.8,51.7,43.3,7,6990.885,40,7.1,6.95,7.25,35,,0,,,0,,,202.26
AR25-064,AR25-064-013,7/16/2025 7:09,14,20.591,18.3656,89.2,17.9,392,7.99,0.44,1.9,8.89,1.68,0.09,7.28,28.2,23.7,1.37,146.7,13.2,25.8,20.6,7.31,7386.09,40,7.3,7.15,7.45,35,,0,,,0,,,200.65
AR25-064,AR25-064-014,7/16/2025 7:10,14,15.8806,13.43,84.6,18.5,413,11.27,0.45,4.64,9.3,3.29,0.07,7.02,41.8,41.6,2.26,136.4,10.7,38.3,36.1,7.05,6908.31,40,7,6.85,7.15,35,,0,,,0,,,200.4
AR25-064,AR25-064-015,7/16/2025 7:12,14,14.5901,11.7853,80.8,18.13,443,12.69,0.45,7.09,10.06,4.57,0.13,6.99,55.5,55.9,2.72,138,12.9,50.8,48.6,7.01,6636.045,40,6.9,6.75,7.05,35,,0,,,0,,,201
AR25-064,AR25-064-016,7/16/2025 7:13,14,15.9752,13.311,83.3,18.28,427,11.39,0.44,5.37,9.32,3.52,0.09,7.02,47.1,41.9,2.35,135,11.8,43.1,36.4,7.04,6895.95,40,7,6.85,7.15,35,,0,,,0,,,200.57
AR25-064,AR25-064-017,7/16/2025 7:14,14,18.3426,16.0498,87.5,18.13,397,9.33,0.44,2.17,8.92,2.21,0.09,7.19,31.8,31,1.76,142.7,12,29.2,26.9,7.22,7337.295,40,7.2,7.05,7.35,35,,0,,,0,,,200.32
AR25-064,AR25-064-018,7/16/2025 7:15,14,16.6736,14.1341,84.8,18.39,409,10.41,0.45,3.98,9.02,3.04,0.09,7.07,42.9,40.9,2.1,139.6,12.1,39.3,35.5,7.09,6937.065,40,7.1,6.95,7.25,35,,0,,,0,,,200.56
AR25-064,AR25-064-019,7/16/2025 7:17,14,16.2204,13.9032,85.7,18.38,392,10.31,0.45,2.77,8.42,2.53,0.08,7.06,46.3,42.2,2.17,135.4,12.8,42.4,36.7,7.08,7045.32,40,7.1,6.95,7.25,35,,0,,,0,,,198.7
AR25-064,AR25-064-020,7/16/2025 7:18,14,13.6523,11.0454,80.9,18.27,448,12.82,0.45,8.04,10.17,4.88,0.16,7,54.4,47.2,2.98,135.5,13,49.9,41,7.02,6153.75,40,6.9,6.75,7.05,35,,0,,,0,,,201.05
AR25-064,AR25-064-021,7/16/2025 7:19,14,16.708,14.4855,86.7,18.44,392,11.15,0.45,2.41,8.64,2.32,0.07,7.08,41.2,37,2,136.9,11.9,37.8,32.1,7.1,7254.135,40,7.1,6.95,7.25,35,,0,,,0,,,200.01
AR25-064,AR25-064-022,7/16/2025 7:20,14,16.5445,14.0724,85.1,18.43,400,10.98,0.45,2.66,8.78,2.41,0.08,7.09,36.6,34,2.01,136.2,11,33.5,29.5,7.1,7048.98,40,7.1,6.95,7.25,35,,0,,,0,,,199.47
AR25-064,AR25-064-023,7/16/2025 7:22,14,16.2118,14.3148,88.3,18.56,345,8.44,0.46,2.69,5.51,0.99,0.05,7.17,48.9,43.2,1.64,128.9,17.5,44.8,37.5,7.2,7054.755,40,7.1,6.95,7.25,35,,0,,,0,,,196.16
AR25-064,AR25-064-024,7/16/2025 7:23,14,17.1926,15.2511,88.7,18.73,387,9.43,0.44,4.57,7.78,1.9,0.07,7.14,33.5,29.9,1.64,133.3,11.1,30.7,26,7.16,7438.515,40,7.1,6.95,7.25,35,,0,,,0,,,199.91
