Sample_Name,Experiment,Batch,Sample_Time,Day,Vicell_sampletime,Flex_sampletime,Cedex_sampletime,TCC,VCC,Viability,Diameter,Osmolality,Ammonium,Calcium,Glucose,Glutamine,Glutamate,Lactate,pH,CO2,pO2,Potassium,Sodium,Bicarbonate,pCO2 at Temp,pO2 at Temp,pH at Temp,IGG,LDH,DO,pH_setpoint,pH_setpoint_low,pH_setpoint_high,Temperature_setpoint,Feed_Time_Offset,Bolus_Feed,Normalized_Bolus_Feed,Volume,Initial_Volume
AR25-050005152FER2051-01,AR25-050,AR25-050-002,5/15/2025 13:44,0,5/15/2025 14:19,5/15/2025 13:44,5/15/2025 15:41,0.8376,0.8333,99.5,15.15,331,0.56,0.25,2.82,0.45,1.27,0,7.16,49.7,144.9,2.21,,18.1,52.2,151.9,7.15,66.4305,4.302008,40,6.75,6.6,6.9,38,8,0,0,189.01,190
AR25-050005162FER2051-01,AR25-050,AR25-050-002,5/16/2025 11:13,1,5/16/2025 11:51,5/16/2025 11:13,5/16/2025 13:49,1.0056,0.9819,97.6,15.32,341,1.14,0.54,6.52,1.17,3.32,,6.66,200.7,93.8,5.23,121.5,23.2,209.3,99.5,6.65,69.6858,5.316348,40,6.75,6.6,6.9,38,8,0,0,186.17,190
AR25-050005172FER2051-01,AR25-050,AR25-050-002,5/17/2025 11:13,2,5/17/2025 11:46,5/17/2025 11:13,5/17/2025 14:51,1.447,1.3803,95.4,15.17,337,1.46,0.53,6.2,1.03,3.6,0.29,6.92,111.4,108.8,5.14,121,23.2,116.5,115.1,6.9,98.69415,12.3873,40,6.75,6.6,6.9,38,8,0,0,183.34,190
AR25-050005182FER2051-01,AR25-050,AR25-050-002,5/18/2025 11:12,3,5/18/2025 13:28,5/18/2025 11:12,5/18/2025 13:28,2.069,1.939,99.6,15.66,334,2,0.52,5.92,0.92,3.98,0.26,6.91,115.4,92.8,5.06,121,23.5,120.7,98.8,6.89,106.6614,29.8205,40,6.75,6.6,6.9,38,8,0,0,180.51,190
AR25-050005192FER2051-01,AR25-050,AR25-050-002,5/19/2025 11:14,4,5/19/2025 11:26,5/19/2025 11:14,5/19/2025 12:57,2.8761,2.7268,94.8,15.76,331,2.78,0.52,5.54,0.83,4.21,0.26,6.92,131.1,87.4,4.99,121.6,27.5,137.1,93.3,6.91,143.2488,44.9459,40,6.75,6.6,6.9,38,8,7.6,0.043206367,175.9,190
AR25-050005202FER2051-01,AR25-050,AR25-050-002,5/20/2025 11:10,5,5/20/2025 10:57,5/20/2025 11:10,5/20/2025 12:16,3.3032,3.1395,95,15.92,362,4.3,0.48,4.83,1.01,4.95,0.26,6.84,163.6,83.2,6.47,129,28.8,171.1,88.9,6.83,206.6223,64.3046,40,6.75,6.6,6.9,38,8,0,0,180.68,190
AR25-050005212FER2051-01,AR25-050,AR25-050-002,5/21/2025 10:43,6,5/21/2025 13:09,5/21/2025 10:43,5/21/2025 14:28,3.9391,3.6979,93.9,15.95,358,5.47,0.47,4.16,1.03,5.26,0.26,6.9,146.3,80.8,6.39,129,29.1,152.8,86.3,6.88,294.3889,96.1495,40,6.75,6.6,6.9,38,8,7.6,0.042299772,179.67,190
AR25-050005222FER2051-01,AR25-050,AR25-050-002,5/22/2025 10:43,7,5/22/2025 11:47,5/22/2025 10:43,5/22/2025 15:37,4.3023,4.031,93.7,16.04,384,7.13,0.44,3.26,1.24,5.93,0.26,6.87,154,77.6,7.79,135.9,28.8,160.9,82.9,6.86,378.2643,141.7356,40,6.75,6.6,6.9,38,8,0,0,184.45,190
AR25-050005232FER2051-01,AR25-050,AR25-050-002,5/23/2025 10:43,8,5/23/2025 10:56,5/23/2025 10:43,5/23/2025 12:26,4.7689,4.4222,92.7,16.34,392,8.38,0.44,5.31,1.43,6.28,0.26,6.94,134,81.9,7.81,137.1,29.2,140,87.4,6.92,474.5114,157.8909,40,6.75,6.6,6.9,38,8,7.6,0.041965765,181.1,190
AR25-050005242FER2051-01,AR25-050,AR25-050-002,5/24/2025 10:42,9,5/24/2025 11:38,5/24/2025 10:42,5/24/2025 12:58,5.2713,4.8335,91.7,16.23,415,9.75,0.42,4.09,1.73,6.9,0.26,6.88,140.8,79,9.23,144.4,26.9,147.1,84.4,6.87,596.8813,198.0405,40,6.75,6.6,6.9,38,8,0,0,187.68,190
AR25-050005252FER2051-01,AR25-050,AR25-050-002,5/25/2025 10:42,10,5/25/2025 12:30,5/25/2025 10:42,5/25/2025 14:08,5.4902,4.8823,88.9,15.97,409,10.59,0.41,2.95,1.91,7.13,0.26,6.89,137.9,75.8,9.09,142.9,27.3,144,81,6.88,623.2146,275.4675,40,6.75,6.6,6.9,38,8,7.6,0.041114417,184.85,190
AR25-050005262FER2051-01,AR25-050,AR25-050-002,5/26/2025 10:42,11,5/26/2025 12:04,5/26/2025 10:42,5/26/2025 13:13,5.89,5.2318,88.8,15.88,445,11.97,0.4,4.71,1.98,7.64,0.26,6.86,137.5,80.7,10.39,147.4,25.3,143.7,86.2,6.85,692.9805,305.7438,40,6.75,6.6,6.9,38,8,0,0,191.04,190
AR25-050005272FER2051-01,AR25-050,AR25-050-002,5/27/2025 10:42,12,5/27/2025 12:14,5/27/2025 10:42,5/27/2025 13:31,6.7384,5.7149,84.8,15.06,437,13.06,0.4,3.58,1.98,9.4,0.26,6.92,107.4,83,10.41,149.9,22.5,112.2,88.5,6.91,900.1806,424.0362,40,6.75,6.6,6.9,38,8,7.6,0.040378281,188.22,190
AR25-050005282FER2051-01,AR25-050,AR25-050-002,5/28/2025 10:42,13,5/28/2025 13:14,5/28/2025 10:42,5/28/2025 14:30,5.7134,4.8083,84.2,15.82,470,13.41,0.4,4.5,2.39,9.83,0.29,6.9,99.9,83.6,11.61,152.6,20,104.4,89.2,6.89,988.1106,483.9689,40,6.75,6.6,6.9,38,8,0,0,194.14,190
AR25-050005292FER2051-01,AR25-050,AR25-050-002,5/29/2025 10:42,14,5/29/2025 10:54,5/29/2025 10:42,5/29/2025 12:11,5.4629,4.4128,80.8,15.91,462,13.9,0.42,3.31,2.76,10.27,0.37,6.89,86.6,83.2,11.65,153.2,17.2,90.5,88.8,6.88,1062.506,592.896,40,6.75,6.6,6.9,38,8,0,0,189.53,190
AR25-050005152FER2053-01,AR25-050,AR25-050-004,5/15/2025 13:58,0,5/15/2025 14:23,5/15/2025 13:58,5/15/2025 15:43,0.8061,0.796,98.8,15.13,330,0.67,0.32,3.79,0.6,1.74,0,7.08,67.4,140.5,3.01,,19.8,61.9,129.1,7.11,67.041,2.780452,40,6.75,6.6,6.9,35,-8,0,0,187.21,190
AR25-050005162FER2053-01,AR25-050,AR25-050-004,5/16/2025 11:25,1,5/16/2025 11:55,5/16/2025 11:25,5/16/2025 13:51,1.0049,0.9941,98.9,15.39,342,1.09,0.53,6.51,1.12,3.25,,6.67,195.7,105.8,5.17,121.1,22,179.4,94.3,6.69,68.12745,6.746377,40,6.75,6.6,6.9,35,-8,0,0,186.18,190
AR25-050005172FER2053-01,AR25-050,AR25-050-004,5/17/2025 11:26,2,5/17/2025 11:49,5/17/2025 11:26,5/17/2025 14:54,1.5138,1.4887,98.3,15.27,338,1.31,0.53,6.37,1.05,3.42,0.21,6.9,124.9,112.3,5.13,121.6,24,114.3,100.5,6.93,70.15185,7.318893,40,6.75,6.6,6.9,35,-8,0,0,181.55,190
AR25-050005182FER2053-01,AR25-050,AR25-050-004,5/18/2025 11:00,3,5/18/2025 13:32,5/18/2025 11:00,5/18/2025 13:32,2.05,1.2,97.3,15.13,334,1.7,0.52,6.15,1.14,3.76,0.21,6.9,130.2,103.6,5.04,120.6,24.8,119.2,92.2,6.92,107.392,21.5353,40,6.75,6.6,6.9,35,-8,0,0,180.52,190
AR25-050005192FER2053-01,AR25-050,AR25-050-004,5/19/2025 11:27,4,5/19/2025 11:30,5/19/2025 11:27,5/19/2025 12:58,2.4203,2.3256,96.1,15.41,365,2.81,0.49,5.69,1.07,4.33,0.21,6.87,153.8,93.7,6.64,130.4,27.2,140.9,82.9,6.89,142.5855,36.0492,40,6.75,6.6,6.9,35,-8,7.6,0.041416894,183.5,190
AR25-050005202FER2053-01,AR25-050,AR25-050-004,5/20/2025 11:22,5,5/20/2025 11:01,5/20/2025 11:22,5/20/2025 12:18,2.9787,2.8409,95.4,15.6,365,3.6,0.48,5.36,1.1,4.49,0.21,6.83,179.2,89.1,6.61,130.8,28.9,164.4,78.7,6.85,205.1658,58.739,40,6.75,6.6,6.9,35,-8,0,0,180.69,190
AR25-050005212FER2053-01,AR25-050,AR25-050-004,5/21/2025 10:55,6,5/21/2025 13:13,5/21/2025 10:55,5/21/2025 14:29,3.4654,3.2852,94.8,15.5,392,4.86,0.45,4.75,1.32,5.1,0.21,6.85,167.5,86.4,7.99,136.8,28.2,153.3,75.9,6.87,275.4123,86.7102,40,6.75,6.6,6.9,35,-8,7.6,0.040583115,187.27,190
AR25-050005222FER2053-01,AR25-050,AR25-050-004,5/22/2025 10:55,7,5/22/2025 11:51,5/22/2025 10:55,5/22/2025 15:38,3.6542,3.4044,93.2,15.73,393,5.95,0.45,4.32,1.45,5.26,0.21,6.84,177.9,81.5,7.95,137,29.7,163,71.6,6.87,385.8745,136.792,40,6.75,6.6,6.9,35,-8,0,0,184.46,190
AR25-050005232FER2053-01,AR25-050,AR25-050-004,5/23/2025 10:57,8,5/23/2025 11:00,5/23/2025 10:57,5/23/2025 12:28,3.9061,3.5451,90.8,15.96,416,7.25,0.43,3.69,1.71,5.75,0.21,6.83,189.9,80.5,9.32,143.7,30.8,174,70.6,6.85,476.4936,156.7825,40,6.75,6.6,6.9,35,-8,7.6,0.040546308,187.44,190
AR25-050005242FER2053-01,AR25-050,AR25-050-004,5/24/2025 10:55,9,5/24/2025 11:42,5/24/2025 10:55,5/24/2025 13:00,4.1645,3.6965,88.8,16.17,427,8.3,0.43,5.52,1.98,6,0.21,6.88,167.9,93.6,9.38,145.2,30.3,153.8,82.7,6.9,574.1823,210.8922,40,6.75,6.6,6.9,35,-8,0,0,187.52,190
AR25-050005252FER2053-01,AR25-050,AR25-050-004,5/25/2025 10:55,10,5/25/2025 12:34,5/25/2025 10:55,5/25/2025 14:11,3.9413,3.3426,84.8,16.27,449,9.35,0.42,4.71,2.35,6.42,0.21,6.86,165.6,80.4,10.69,151.5,29,151.7,70.5,6.89,607.7667,271.4725,40,6.75,6.6,6.9,35,-8,7.6,0.039521581,192.3,190
AR25-050005262FER2053-01,AR25-050,AR25-050-004,5/26/2025 10:55,11,5/26/2025 12:08,5/26/2025 10:55,5/26/2025 13:14,4.1896,3.5221,84.1,16.51,446,10.41,0.42,4.05,2.39,6.58,0.21,6.88,166,85.7,10.59,150.7,29.9,152.1,75.4,6.9,691.4556,326.3366,40,6.75,6.6,6.9,35,-8,0,0,189.48,190
AR25-050005272FER2053-01,AR25-050,AR25-050-004,5/27/2025 10:55,12,5/27/2025 12:18,5/27/2025 10:55,5/27/2025 13:32,3.9707,3.052,76.9,16.13,466,11.55,0.41,3.37,2.71,7.86,0.21,6.84,176.2,88.5,11.8,157.2,29.2,161.4,78,6.86,940.7483,407.0268,40,6.75,6.6,6.9,35,-8,7.6,0.039120811,194.27,190
AR25-050005282FER2053-01,AR25-050,AR25-050-004,5/28/2025 10:55,13,5/28/2025 13:18,5/28/2025 10:55,5/28/2025 14:32,4.5865,3.5931,78.3,16.24,477,12.1,0.42,5.11,3.08,7.84,0.21,6.85,171,83.8,11.7,155.5,29.2,156.6,73.6,6.88,1051.812,468.3492,40,6.75,6.6,6.9,35,-8,0,0,192.72,190
AR25-050005292FER2053-01,AR25-050,AR25-050-004,5/29/2025 10:57,14,5/29/2025 10:58,5/29/2025 10:57,5/29/2025 12:12,4.4444,3.4281,77.1,16.17,471,12.63,0.44,4.39,3.57,8.1,0.21,6.87,162.6,86.8,11.81,156.8,29,149,76.4,6.89,1214.791,564.5952,40,6.75,6.6,6.9,35,-8,0,0,188.1,190
AR25-050005152FER2055-01,AR25-050,AR25-050-006,5/15/2025 14:38,0,5/15/2025 14:27,5/15/2025 14:38,5/15/2025 15:44,0.8348,0.829,99.3,14.86,331,0.96,0.52,6.45,1.04,3.02,0,7.04,76.3,124.2,5.2,119.6,21,79.5,130.2,7.03,67.47945,3.826687,40,6.75,6.6,6.9,38,-8,0,0,186.24,190
AR25-050005162FER2055-01,AR25-050,AR25-050-006,5/16/2025 11:38,1,5/16/2025 11:59,5/16/2025 11:38,5/16/2025 13:52,1.1405,1.1312,99.2,15.32,338,1.21,0.53,6.42,1.11,3.36,,6.89,118.9,108.3,5.15,120.7,23.5,124.1,114.5,6.88,69.43095,5.662737,40,6.75,6.6,6.9,38,-8,0,0,183.41,190
AR25-050005172FER2055-01,AR25-050,AR25-050-006,5/17/2025 11:40,2,5/17/2025 11:54,5/17/2025 11:40,5/17/2025 14:56,1.8698,1.8475,98.8,15.29,335,1.69,0.53,6.19,0.99,3.67,0.23,6.89,128.9,94.3,5.11,122,25.2,134.7,100.4,6.88,77.37285,12.6368,40,6.75,6.6,6.9,38,-8,0,0,180.58,190
AR25-050005182FER2055-01,AR25-050,AR25-050-006,5/18/2025 11:30,3,5/18/2025 13:36,5/18/2025 11:30,5/18/2025 13:36,2.85,2.8,98.4,15.4,332,2.43,0.51,5.73,0.84,4.04,0.23,6.9,126.4,85.3,4.93,120.8,25.5,132.1,91,6.89,123.7766,25.2353,40,6.75,6.6,6.9,38,-8,0,0,179.54,190
AR25-050005192FER2055-01,AR25-050,AR25-050-006,5/19/2025 11:42,4,5/19/2025 11:34,5/19/2025 11:42,5/19/2025 13:00,3.4783,3.385,97.3,15.58,378,4.28,0.48,5.01,1.1,5.1,0.23,6.86,148.3,84.2,7.28,135.2,27.3,154.9,89.8,6.85,160.7569,41.8051,40,6.75,6.6,6.9,38,-8,11.4,0.061181774,186.33,190
AR25-050005202FER2055-01,AR25-050,AR25-050-006,5/20/2025 11:34,5,5/20/2025 11:05,5/20/2025 11:34,5/20/2025 12:20,4.4451,4.2714,96.1,15.75,375,5.5,0.47,4.25,1.19,5.36,0.23,6.89,147,83.9,7.12,134.1,28.6,153.5,89.5,6.88,239.9847,67.6184,40,6.75,6.6,6.9,38,-8,0,0,183.51,190
AR25-050005212FER2055-01,AR25-050,AR25-050-006,5/21/2025 11:08,6,5/21/2025 13:17,5/21/2025 11:08,5/21/2025 14:31,4.8593,4.649,95.7,15.75,407,7.38,0.44,3.28,1.54,6.33,0.23,6.86,151.3,76.1,9.21,145.3,27.6,158.1,81.4,6.85,337.677,96.4838,40,6.75,6.6,6.9,38,-8,11.4,0.058799257,193.88,190
AR25-050005222FER2055-01,AR25-050,AR25-050-006,5/22/2025 11:07,7,5/22/2025 11:55,5/22/2025 11:07,5/22/2025 15:40,5.5268,5.2376,94.8,15.82,418,8.62,0.43,5.04,1.7,6.73,0.22,6.92,125,74.8,9.04,144.5,26.5,130.6,80,6.91,447.0988,149.9396,40,6.75,6.6,6.9,38,-8,0,0,192.38,190
AR25-050005232FER2055-01,AR25-050,AR25-050-006,5/23/2025 11:11,8,5/23/2025 11:04,5/23/2025 11:11,5/23/2025 12:29,5.7378,5.3452,93.2,15.99,451,9.94,0.41,3.61,2.09,7.33,0.22,6.9,127.5,72.8,10.85,153,25.8,133.2,77.8,6.89,536.9148,170.9456,40,6.75,6.6,6.9,38,-8,11.4,0.057243284,199.15,190
AR25-050005242FER2055-01,AR25-050,AR25-050-006,5/24/2025 11:08,9,5/24/2025 11:46,5/24/2025 11:08,5/24/2025 13:14,6.7894,6.2381,91.9,15.58,456,10.96,0.4,4.71,2.39,7.52,0.28,6.88,130.3,80,10.68,152,24.9,136.1,85.4,6.87,562.2797,229.7214,40,6.75,6.6,6.9,38,-8,0,0,199.32,190
AR25-050005252FER2055-01,AR25-050,AR25-050-006,5/25/2025 11:07,10,5/25/2025 12:37,5/25/2025 11:07,5/25/2025 14:19,6.5037,5.8685,90.2,15.55,485,12.07,0.39,3.27,2.79,8.1,0.28,6.86,123.8,77,12.67,161.6,22.9,129.3,82.3,6.85,675.9531,296.1165,40,6.75,6.6,6.9,38,-8,11.4,0.054836692,207.89,190
AR25-050005262FER2055-01,AR25-050,AR25-050-006,5/26/2025 11:01,11,5/26/2025 12:12,5/26/2025 11:01,5/26/2025 13:16,6.836,6.1053,89.3,15.48,490,13.28,0.39,4.55,2.92,8.48,0.42,6.9,95.4,77.5,12.58,160.3,19.2,99.7,82.8,6.89,730.2621,355.9552,40,6.75,6.6,6.9,38,-8,0,0,206.48,190
AR25-050005272FER2055-01,AR25-050,AR25-050-006,5/27/2025 11:06,12,5/27/2025 12:22,5/27/2025 11:06,5/27/2025 13:33,7.8495,6.6724,85,14.84,516,13.95,0.38,3.03,2.75,11.08,0.42,6.87,84.4,81.3,14.12,167.2,15.8,88.2,86.8,6.86,911.7012,452.0313,40,6.75,6.6,6.9,38,-8,11.4,0.053010928,215.05,190
AR25-050005282FER2055-01,AR25-050,AR25-050-006,5/28/2025 11:06,13,5/28/2025 13:23,5/28/2025 11:06,5/28/2025 14:33,6.8784,5.7393,83.4,15.39,524,14.44,0.39,4.43,3.36,10.96,0.71,6.89,57.3,80.7,14.1,165.5,11.3,59.9,86.1,6.88,1064.423,536.6272,40,6.75,6.6,6.9,38,-8,0,0,213.83,190
AR25-050005292FER2055-01,AR25-050,AR25-050-006,5/29/2025 11:11,14,5/29/2025 11:02,5/29/2025 11:11,5/29/2025 12:14,6.5468,5.2476,80.2,15.65,517,14.81,0.41,3.02,3.84,11.33,0.91,6.87,37.5,83.2,14.28,166.8,7.1,39.1,88.8,6.86,1160.705,653.9434,40,6.75,6.6,6.9,38,-8,0,0,209.21,190
AR25-050005152FER2059-01,AR25-050,AR25-050-010,5/15/2025 14:57,0,5/15/2025 14:35,5/15/2025 14:57,5/15/2025 15:48,0.8491,0.8448,99.5,15,333,0.89,0.47,5.81,0.94,2.7,0,7.02,82.5,140.1,4.67,109,20.6,75.7,128.6,7.04,68.86365,4.428925,40,6.75,6.6,6.9,35,8,0,0,187.21,190
AR25-050005162FER2059-01,AR25-050,AR25-050-010,5/16/2025 12:11,1,5/16/2025 12:26,5/16/2025 12:11,5/16/2025 13:54,1.1843,1.1771,99.4,15.3,341,1.13,0.54,6.52,0.81,3.27,,6.81,145,114.9,5.2,120.9,22.6,132.9,103.2,6.84,67.0185,7.031496,40,6.75,6.6,6.9,35,8,0,0,184.38,190
AR25-050005172FER2059-01,AR25-050,AR25-050-010,5/17/2025 12:11,2,5/17/2025 12:01,5/17/2025 12:11,5/17/2025 15:02,1.5274,1.4994,98.2,15.35,338,1.39,0.53,6.4,0.76,3.45,,6.89,130,111.2,5.17,121.5,24,119.1,99.6,6.91,81.1038,13.9758,40,6.75,6.6,6.9,35,8,0,0,181.55,190
AR25-050005182FER2059-01,AR25-050,AR25-050-010,5/18/2025 11:54,3,5/18/2025 13:49,5/18/2025 11:54,5/20/2025 10:09,2.0937,2.0514,98,15.3,336,1.83,0.52,6.18,0.94,3.57,,6.9,132.6,99.9,5.11,122.5,25.3,121.5,88.7,6.92,109.0098,24.7822,40,6.75,6.6,6.9,35,8,0,0,180.52,190
AR25-050005192FER2059-01,AR25-050,AR25-050-010,5/19/2025 12:18,4,5/19/2025 11:48,5/19/2025 12:18,5/19/2025 13:04,2.9895,2.9084,97.3,15.34,339,2.5,0.53,5.99,0.81,3.8,,6.9,145.4,92.3,5.08,122.5,27.7,133.2,81.4,6.92,155.826,38.058,40,6.75,6.6,6.9,35,8,11.4,0.064809551,175.9,190
AR25-050005202FER2059-01,AR25-050,AR25-050-010,5/20/2025 10:30,5,5/20/2025 11:15,5/20/2025 10:30,5/20/2025 12:25,3.1079,2.9845,96,15.56,380,3.99,0.47,5.28,1.22,5.01,,6.81,188.9,88.1,7.32,133.9,28.9,173.1,77.7,6.83,215.8562,53.7762,40,6.75,6.6,6.9,35,8,0,0,186.29,190
AR25-050005212FER2059-01,AR25-050,AR25-050-010,5/21/2025 11:25,6,5/21/2025 13:25,5/21/2025 11:25,5/22/2025 14:47,3.7812,3.6254,95.9,15.57,377,4.98,0.47,4.78,1.28,4.78,,6.85,171.6,82.6,7.24,133.6,29.4,157.2,72.5,6.88,356.5482,86.1662,40,6.75,6.6,6.9,35,8,11.4,0.062135499,183.47,190
AR25-050005222FER2059-01,AR25-050,AR25-050-010,5/22/2025 11:33,7,5/22/2025 12:05,5/22/2025 11:33,5/22/2025 15:44,3.6944,3.4862,94.4,15.57,419,6.66,0.44,4.1,1.66,5.51,,6.82,180.8,81.6,9.34,144.1,28.7,165.5,71.5,6.84,399.8575,115.391,40,6.75,6.6,6.9,35,8,0,0,192.05,190
AR25-050005232FER2059-01,AR25-050,AR25-050-010,5/23/2025 11:36,8,5/23/2025 11:14,5/23/2025 11:36,5/23/2025 12:34,3.9262,3.6125,92,16.04,418,7.69,0.43,3.55,1.92,5.63,,6.88,166.4,81.1,9.27,144.2,30.5,152.5,71.2,6.9,530.7006,141.1566,40,6.75,6.6,6.9,35,8,11.4,0.060822707,187.43,190
AR25-050005242FER2059-01,AR25-050,AR25-050-010,5/24/2025 11:39,9,5/24/2025 11:56,5/24/2025 11:39,5/24/2025 13:17,4.3016,3.886,90.3,16.56,460,9.07,0.41,5.07,2.36,6.26,,6.85,169.4,84.8,11.09,152.2,28.7,155.3,74.6,6.87,507.3258,177.7083,40,6.75,6.6,6.9,35,8,0,0,197.17,190
AR25-050005252FER2059-01,AR25-050,AR25-050-010,5/25/2025 11:31,10,5/25/2025 12:47,5/25/2025 11:31,5/25/2025 14:25,4.1573,3.67,88.3,16.62,459,10,0.41,4.42,2.69,6.32,,6.85,170.7,85.4,11.11,153.5,29.2,156.4,75.1,6.88,637.6475,231.5315,40,6.75,6.6,6.9,35,8,11.4,0.05812175,196.14,190
AR25-050005262FER2059-01,AR25-050,AR25-050-010,5/26/2025 11:25,11,5/26/2025 12:24,5/26/2025 11:25,5/26/2025 13:20,4.1638,3.5989,86.4,16.39,492,11.44,0.4,3.56,2.82,6.9,,6.84,171.6,85.1,12.82,161.4,28.1,157.2,74.8,6.86,738.0487,261.0447,40,6.75,6.6,6.9,35,8,0,0,204.72,190
AR25-050005272FER2059-01,AR25-050,AR25-050-010,5/27/2025 11:31,12,5/27/2025 12:30,5/27/2025 11:31,5/27/2025 13:36,4.6569,3.8027,81.7,16.55,497,12.32,0.4,5.25,3.03,8.33,,6.87,155.1,84,12.67,160.7,27.6,142.1,73.8,6.89,960.792,348.6513,40,6.75,6.6,6.9,35,8,11.4,0.05611617,203.15,190
AR25-050005282FER2059-01,AR25-050,AR25-050-010,5/28/2025 11:31,13,5/28/2025 13:31,5/28/2025 11:31,5/28/2025 14:38,4.2255,3.4805,82.4,16.57,526,13.06,0.4,4.03,3.67,8.5,,6.85,157.8,85.7,14.34,167.1,27,144.6,75.4,6.88,1110.824,375.3786,40,6.75,6.6,6.9,35,8,0,0,211.72,190
AR25-050005292FER2059-01,AR25-050,AR25-050-010,5/29/2025 11:35,14,5/29/2025 11:12,5/29/2025 11:35,5/29/2025 12:18,4.6619,3.792,81.3,16.45,523,13.88,0.43,3.28,4.29,8.77,0.2,6.87,147.2,88.5,14.56,170,25.9,134.9,78,6.89,1176.266,453.4007,40,6.75,6.6,6.9,35,8,0,0,207.1,190
AR25-050005152FER2061-01,AR25-050,AR25-050-012,5/15/2025 15:08,0,5/15/2025 14:39,5/15/2025 15:08,5/15/2025 15:50,0.44,0.4386,99.7,15.26,333,0.8,0.5,6.26,1,2.75,0,7.01,83.3,139.5,5.01,114.7,21.8,87.1,145.9,7,66.41955,3.119906,40,6.75,6.6,6.9,38,8,0,0,187.21,190
AR25-050005162FER2061-01,AR25-050,AR25-050-012,5/16/2025 12:24,1,5/16/2025 12:28,5/16/2025 12:24,5/16/2025 13:58,0.5663,0.5548,98,15.36,343,0.94,0.54,6.67,1.1,3.14,,6.81,146.4,114.3,5.28,120.4,23.7,153,120.8,6.8,68.3838,1.644218,40,6.75,6.6,6.9,38,8,0,0,184.38,190
AR25-050005172FER2061-01,AR25-050,AR25-050-012,5/17/2025 12:23,2,5/17/2025 12:05,5/17/2025 12:23,5/17/2025 15:04,0.862,0.8427,97.8,15.46,339,1.12,0.53,6.52,0.97,3.37,,6.91,119.7,115.8,5.22,120.2,24.3,125.1,122.1,6.89,74.5794,13.3427,40,6.75,6.6,6.9,38,8,0,0,181.55,190
AR25-050005182FER2061-01,AR25-050,AR25-050-012,5/18/2025 12:17,3,5/18/2025 13:53,5/18/2025 12:17,5/20/2025 10:12,1.2898,1.2396,96.1,15.22,339,1.44,0.53,6.42,0.83,3.63,,6.89,138.3,108.9,5.22,120.7,27,144.5,115.1,6.88,69.609,13.251,40,6.75,6.6,6.9,38,8,0,0,180.51,190
AR25-050005192FER2061-01,AR25-050,AR25-050-012,5/19/2025 12:29,4,5/19/2025 11:52,5/19/2025 12:29,5/19/2025 13:06,1.51665,1.4456,95.3,15.59,340,1.91,0.52,6.17,0.83,3.77,,6.9,148.7,98.2,5.13,120.1,30,155.4,104.3,6.89,79.31416,21.6922,40,6.75,6.6,6.9,38,8,11.4,0.064809551,175.9,190
AR25-050005202FER2061-01,AR25-050,AR25-050-012,5/20/2025 12:11,5,5/20/2025 11:19,5/20/2025 12:11,5/20/2025 12:27,1.9868,1.8813,94.7,15.7,380,3.34,0.48,5.59,0.86,4.82,,6.79,163.7,91.6,7.46,133.2,25.4,171.2,97.7,6.78,96.35175,32.3707,40,6.75,6.6,6.9,38,8,0,0,184.48,190
AR25-050005212FER2061-01,AR25-050,AR25-050-012,5/21/2025 11:38,6,5/21/2025 13:29,5/21/2025 11:38,5/22/2025 14:49,2.5108,2.3823,94.9,15.77,380,4.14,0.47,5.09,1.16,4.91,0.23,6.9,128.7,84,7.37,133,26,134.6,89.6,6.89,150.6598,50.4087,40,6.75,6.6,6.9,38,8,11.4,0.062135499,183.47,190
AR25-050005222FER2061-01,AR25-050,AR25-050-012,5/22/2025 11:47,7,5/22/2025 12:09,5/22/2025 11:47,5/22/2025 15:46,2.6292,2.4605,93.6,16.01,419,5.76,0.45,4.36,1.55,5.78,0.25,6.88,126.5,79,9.53,144.9,24.1,132.1,84.4,6.87,185.9895,71.4818,40,6.75,6.6,6.9,38,8,0,0,190.26,190
AR25-050005232FER2061-01,AR25-050,AR25-050-012,5/23/2025 11:48,8,5/23/2025 11:18,5/23/2025 11:48,5/23/2025 12:36,3.0039,2.7806,92.6,16.34,418,6.55,0.43,3.67,1.68,5.84,0.23,6.87,135,75.6,9.23,142.2,25.4,141,80.8,6.86,238.537,85.7793,40,6.75,6.6,6.9,38,8,11.4,0.060819462,187.44,190
AR25-050005242FER2061-01,AR25-050,AR25-050-012,5/24/2025 11:51,9,5/24/2025 11:59,5/24/2025 11:51,5/24/2025 13:19,3.3556,3.1065,92.6,16.28,464,8.19,0.42,4.97,2.04,6.54,0.23,6.85,136,84.6,11.19,152.5,24.4,142.1,90.3,6.84,256.7801,110.0497,40,6.75,6.6,6.9,38,8,0,0,197.13,190
AR25-050005252FER2061-01,AR25-050,AR25-050-012,5/25/2025 11:38,10,5/25/2025 12:51,5/25/2025 11:38,5/25/2025 14:27,3.6405,3.3233,91.3,16.45,456,9.14,0.41,4.1,2.3,6.88,0.31,6.91,108.3,85.1,11.14,152.6,22.1,113.2,90.8,6.9,331.8381,149.035,40,6.75,6.6,6.9,38,8,11.4,0.058127677,196.12,190
AR25-050005262FER2061-01,AR25-050,AR25-050-012,5/26/2025 11:37,11,5/26/2025 12:27,5/26/2025 11:37,5/26/2025 13:23,4.0195,3.6441,90.7,16.34,487,10.84,0.41,3.08,2.43,7.49,0.34,6.89,101.2,84,13.05,162.2,20.1,105.7,89.6,6.88,383.9091,175.6752,40,6.75,6.6,6.9,38,8,0,0,204.7,190
AR25-050005272FER2061-01,AR25-050,AR25-050-012,5/27/2025 11:44,12,5/27/2025 12:33,5/27/2025 11:44,5/27/2025 13:38,4.7918,4.0181,83.9,16.21,500,10.84,0.41,5.02,2.25,9.7,0.34,6.89,88.3,84.8,13.05,162.2,17.4,92.2,90.4,6.88,529.2192,265.3853,40,6.75,6.6,6.9,38,8,11.4,0.056052709,203.38,190
AR25-050005282FER2061-01,AR25-050,AR25-050-012,5/28/2025 11:43,13,5/28/2025 13:35,5/28/2025 11:43,5/28/2025 14:40,3.9104,3.4288,87.7,16.33,520,12.49,0.4,3.6,2.87,9.55,0.56,6.88,80.8,87.7,14.41,166.6,15.5,84.4,93.5,6.87,590.8383,270.9328,40,6.75,6.6,6.9,38,8,0,0,211.97,190
AR25-050005292FER2061-01,AR25-050,AR25-050-012,5/29/2025 11:56,14,5/29/2025 11:16,5/29/2025 11:56,5/29/2025 12:21,4.2549,3.5967,84.5,16.25,532,13.1,0.42,4.78,3.39,9.81,0.73,6.89,65.1,91.3,14.41,167.3,12.6,68,97.2,6.87,651.4041,327.1097,40,6.75,6.6,6.9,38,8,0,0,207.65,190
AR25-050005152FER2064-01,AR25-050,AR25-050-015,5/15/2025 15:27,0,5/15/2025 14:45,5/15/2025 15:27,5/15/2025 15:56,0.3969,0.3926,98.9,15.12,332,0.79,0.5,6.32,1.01,2.77,0,7.03,80.2,142.2,5.06,115.6,20.8,73.5,130.7,7.06,68.0871,2.077781,40,6.75,6.6,6.9,35,-8,0,0,139.99,190
AR25-050005162FER2064-01,AR25-050,AR25-050-015,5/16/2025 12:36,1,5/16/2025 12:34,5/16/2025 12:36,5/16/2025 14:00,0.5821,0.5742,98.6,15.41,342,0.9,0.54,6.69,1.13,3.1,,6.83,138.4,125.4,5.27,119.9,22.2,126.8,113.6,6.85,67.8351,3.859703,40,6.75,6.6,6.9,35,-8,0,0,184.38,190
AR25-050005172FER2064-01,AR25-050,AR25-050-015,5/17/2025 12:36,2,5/17/2025 12:12,5/17/2025 12:36,5/17/2025 15:08,0.8132,0.801,98.5,15.32,340,1.03,0.54,6.65,1.05,3.24,,6.86,132.5,122.9,5.27,120.7,23.1,121.5,111.1,6.88,76.4739,9.989349,40,6.75,6.6,6.9,35,-8,0,0,181.55,190
AR25-050005182FER2064-01,AR25-050,AR25-050-015,5/18/2025 12:36,3,5/18/2025 13:59,5/18/2025 12:36,5/20/2025 10:17,1.2044,1.1779,97.8,15.2,340,1.19,0.53,6.51,0.96,3.32,,6.88,144.6,117.6,5.23,120.1,26.1,132.4,105.8,6.9,70.11975,13.0819,40,6.75,6.6,6.9,35,-8,0,0,180.51,190
AR25-050005192FER2064-01,AR25-050,AR25-050-015,5/19/2025 11:00,4,5/19/2025 11:58,5/19/2025 11:00,5/19/2025 13:09,1.2963,1.2482,96.3,15.21,384,2.15,0.48,6.08,1.43,4.58,,6.81,160,109.6,7.56,133.3,24.8,146.6,97.9,6.83,78.4587,20.0764,40,6.75,6.6,6.9,35,-8,11.4,0.060285563,189.1,190
AR25-050005202FER2064-01,AR25-050,AR25-050-015,5/20/2025 12:30,5,5/20/2025 11:25,5/20/2025 12:30,5/20/2025 12:31,1.4635,1.4004,95.7,15.75,384,2.64,0.48,5.78,1.13,4.4,,6.83,143.2,102.4,7.44,131.6,23.4,131.1,91,6.86,107.3733,32.717,40,6.75,6.6,6.9,35,-8,0,0,184.49,190
AR25-050005212FER2064-01,AR25-050,AR25-050-015,5/21/2025 11:57,6,5/21/2025 13:35,5/21/2025 11:57,5/22/2025 14:51,1.8375,1.7406,94.7,15.4,420,3.79,0.45,5.23,1.45,4.99,0.23,6.81,151.5,92.8,9.53,142.5,23.6,138.9,82.1,6.83,150.0012,46.293,40,6.75,6.6,6.9,35,-8,11.4,0.058497537,194.88,190
AR25-050005222FER2064-01,AR25-050,AR25-050-015,5/22/2025 10:30,7,5/22/2025 12:15,5/22/2025 10:30,5/22/2025 15:50,1.976,1.8346,92.8,15.64,415,4.48,0.45,5.04,1.62,5.85,0.23,6.86,137.1,90.8,9.56,143.4,24,125.6,80.1,6.89,198.4031,71.8132,40,6.75,6.6,6.9,35,-8,0,0,192.07,190
AR25-050005232FER2064-01,AR25-050,AR25-050-015,5/23/2025 13:26,8,5/23/2025 11:24,5/23/2025 13:26,5/23/2025 12:39,2.065,1.859,90,15.6,457,5.75,0.44,4.45,1.98,6,0.23,6.83,142.8,87.9,11.35,152.4,23.1,130.9,77.4,6.85,237.4907,78.0579,40,6.75,6.6,6.9,35,-8,11.4,0.057610673,197.88,190
AR25-050005242FER2064-01,AR25-050,AR25-050-015,5/24/2025 12:17,9,5/24/2025 12:05,5/24/2025 12:17,5/24/2025 13:22,2.365,2.0937,88.5,16.26,454,6.54,0.43,4.14,1.98,6.23,0.23,6.85,141.5,84.3,11.3,152.1,24.1,129.7,74.1,6.87,267.3873,106.9076,40,6.75,6.6,6.9,35,-8,0,0,195.07,190
AR25-050005252FER2064-01,AR25-050,AR25-050-015,5/25/2025 11:56,10,5/25/2025 12:58,5/25/2025 11:56,5/25/2025 14:30,2.3076,2.0169,87.4,16.21,486,7.72,0.41,3.52,2.43,6.4,0.23,6.85,139.8,84.8,12.96,159.7,23.6,128.1,74.6,6.87,340.7849,131.3798,40,6.75,6.6,6.9,35,-8,11.4,0.055485253,205.46,190
AR25-050005262FER2064-01,AR25-050,AR25-050-015,5/26/2025 11:58,11,5/26/2025 12:33,5/26/2025 11:58,5/26/2025 13:35,2.4052,2.0679,86,17,498,8.95,0.41,5.44,2.43,6.52,0.23,6.86,137.7,93.9,12.9,158.5,24,126.2,83,6.88,410.0955,96.238,40,6.75,6.6,6.9,35,-8,0,0,203.92,190
AR25-050005272FER2064-01,AR25-050,AR25-050-015,5/27/2025 12:12,12,5/27/2025 12:39,5/27/2025 12:12,5/27/2025 13:40,2.772,2.294,82.8,16.79,530,10.31,0.41,4.82,2.48,8.34,0.23,6.86,131.2,86.5,14.65,169.5,22.5,120.2,76.1,6.88,551.5831,187.768,40,6.75,6.6,6.9,35,-8,11.4,0.054102795,210.71,190
AR25-050005282FER2064-01,AR25-050,AR25-050-015,5/28/2025 12:01,13,5/28/2025 13:41,5/28/2025 12:01,5/28/2025 14:58,2.4261,2.0306,83.7,17.29,523,10.99,0.41,4.17,3,7.94,0.23,6.86,138.8,92.4,14.42,165.4,23.8,127.1,81.5,6.88,672.3295,210.0981,40,6.75,6.6,6.9,35,-8,0,0,209.7,190
AR25-050005292FER2064-01,AR25-050,AR25-050-015,5/29/2025 12:24,14,5/29/2025 11:22,5/29/2025 12:24,5/29/2025 12:36,2.7397,2.261,82.5,17.28,524,11.78,0.44,3.69,3.36,8.51,0.23,6.85,139.8,94.8,14.42,167.7,23.5,128,83.8,6.87,765.2674,241.6558,40,6.75,6.6,6.9,35,-8,0,0,205.08,190
AR25-050005152FER2065-01,AR25-050,AR25-050-016,5/15/2025 15:32,0,5/15/2025 14:47,5/15/2025 15:32,5/15/2025 15:58,0.407,0.4048,99.5,15.29,333,0.62,0.33,3.87,0.56,1.66,0,7.1,62.5,142.5,3.08,,19.1,57.3,131,7.13,66.30435,1.64785,40,6.75,6.6,6.9,35,8,0,0,187.21,190
AR25-050005162FER2065-01,AR25-050,AR25-050-016,5/16/2025 12:42,1,5/16/2025 12:36,5/16/2025 12:42,5/16/2025 13:41,0.5304,0.5276,99.5,15.42,344,0.89,0.54,6.71,1.14,3.08,,6.7,180.5,115.6,5.27,120.4,21.7,165.4,103.8,6.72,69.05355,1.916925,40,6.75,6.6,6.9,35,8,0,0,184.37,190
AR25-050005172FER2065-01,AR25-050,AR25-050-016,5/17/2025 12:42,2,5/17/2025 12:14,5/17/2025 12:42,5/17/2025 14:31,0.7623,0.7508,98.5,15.27,339,0.99,0.53,6.56,1.04,3.17,,6.87,127.2,124.9,5.16,118.4,22.9,116.7,113.1,6.9,69.0861,6.108678,40,6.75,6.6,6.9,35,8,0,0,181.54,190
AR25-050005182FER2065-01,AR25-050,AR25-050-016,5/18/2025 13:44,3,5/18/2025 14:01,5/18/2025 13:44,5/20/2025 10:19,1.0688,1.0286,96.2,15.2,340,1.17,0.53,6.49,1.01,3.25,,6.9,134.1,121.4,5.21,120.2,25.5,122.9,109.7,6.92,71.08995,14.6937,40,6.75,6.6,6.9,35,8,0,0,177.73,190
AR25-050005192FER2065-01,AR25-050,AR25-050-016,5/19/2025 12:48,4,5/19/2025 12:00,5/19/2025 12:48,5/19/2025 13:10,1.26255,1.1915,94.4,15.2,338,1.41,0.53,6.45,0.93,3.4,,6.87,144.1,115.6,5.22,121,25.5,132,103.9,6.89,79.97745,21.9731,40,6.75,6.6,6.9,35,8,7.6,0.043450918,174.91,190
AR25-050005202FER2065-01,AR25-050,AR25-050-016,5/20/2025 12:36,5,5/20/2025 11:27,5/20/2025 12:36,5/20/2025 12:34,1.3939,1.3035,93.5,15.55,406,2.24,0.49,6,1.06,4.05,,6.83,151.7,116.5,6.72,128.1,24.6,139.1,104.9,6.85,100.6242,31.1262,40,6.75,6.6,6.9,35,8,0,0,179.7,190
AR25-050005212FER2065-01,AR25-050,AR25-050-016,5/21/2025 12:11,6,5/21/2025 13:37,5/21/2025 12:11,5/22/2025 14:52,1.7707,1.6516,93.3,15.43,368,2.71,0.49,5.84,0.87,4.24,,6.78,176.4,104.1,6.75,129.3,25.6,161.7,92.7,6.8,145.6718,48.3701,40,6.75,6.6,6.9,35,8,7.6,0.042534139,178.68,190
AR25-050005222FER2065-01,AR25-050,AR25-050-016,5/22/2025 12:11,7,5/22/2025 12:17,5/22/2025 12:11,5/22/2025 15:52,1.9853,1.8274,92,15.29,395,3.74,0.46,5.34,1.01,4.86,,6.89,131.1,101.1,8.17,136.3,24.5,120.1,89.8,6.91,177.555,64.6213,40,6.75,6.6,6.9,35,8,0,0,181.67,190
AR25-050005232FER2065-01,AR25-050,AR25-050-016,5/23/2025 10:30,8,5/23/2025 11:25,5/23/2025 10:30,5/23/2025 12:43,2.2272,1.9968,89.7,15.59,394,4.37,0.45,5.12,1.44,5.37,,6.85,164.2,85.5,8.12,135.4,27.9,150.4,75.2,6.87,225.0703,79.04,40,6.75,6.6,6.9,35,8,7.6,0.042067973,180.66,190
AR25-050005242FER2065-01,AR25-050,AR25-050-016,5/24/2025 12:23,9,5/24/2025 12:07,5/24/2025 12:23,5/24/2025 13:23,2.3004,2.0083,87.3,15.67,423,5.59,0.44,4.61,1.64,5.43,,6.82,166,89,9.55,143.2,26.3,152.1,78.4,6.84,264.02,102.1597,40,6.75,6.6,6.9,35,8,0,0,183.64,190
AR25-050005252FER2065-01,AR25-050,AR25-050-016,5/25/2025 12:11,10,5/25/2025 13:00,5/25/2025 12:11,5/25/2025 13:59,2.6055,2.2603,86.7,15.91,420,6.38,0.44,4.23,1.66,5.71,,6.88,141,89.9,9.58,144.3,25.9,129.3,79.3,6.91,317.0068,128.3701,40,6.75,6.6,6.9,35,8,7.6,0.041614193,182.63,190
AR25-050005262FER2065-01,AR25-050,AR25-050-016,5/26/2025 12:11,11,5/26/2025 12:35,5/26/2025 12:11,5/26/2025 13:38,2.5337,2.1404,84.5,16.27,446,7.89,0.44,3.75,1.67,6.41,,6.88,138.3,88.7,10.99,152.1,25.3,126.6,78.1,6.9,390.9504,102.9293,40,6.75,6.6,6.9,35,8,0,0,185.62,190
AR25-050005272FER2065-01,AR25-050,AR25-050-016,5/27/2025 12:19,12,5/27/2025 12:41,5/27/2025 12:19,5/27/2025 13:41,2.505,1.9997,79.8,16.15,457,9.02,0.43,5.45,2.11,6.91,,6.9,135,92.7,10.91,151.2,25.6,123.7,81.9,6.92,551.6584,207.467,40,6.75,6.6,6.9,35,8,7.6,0.041335799,183.86,190
AR25-050005282FER2065-01,AR25-050,AR25-050-016,5/28/2025 12:11,13,5/28/2025 13:43,5/28/2025 12:11,5/28/2025 14:58,2.5983,2.1023,80.9,16.8,480,10.04,0.43,4.76,2.27,7.47,,6.87,142.1,92,12.11,157.4,25.5,130.2,81.3,6.9,640.6509,237.4529,40,6.75,6.6,6.9,35,8,0,0,190.44,190
AR25-050005292FER2065-01,AR25-050,AR25-050-016,5/29/2025 12:29,14,5/29/2025 11:23,5/29/2025 12:29,5/29/2025 12:37,2.9271,2.3909,81.7,16.92,478,10.59,0.45,4.16,2.72,7.43,,6.86,149.7,88.2,11.89,155.4,26.1,137.1,77.7,6.88,754.2808,276.5531,40,6.75,6.6,6.9,35,8,0,0,185.83,190
AR25-050005152FER2066-01,AR25-050,AR25-050-017,5/15/2025 15:39,0,5/15/2025 14:48,5/15/2025 15:39,5/15/2025 15:59,0.4091,0.4027,98.4,15.23,333,0.81,0.51,6.38,1.01,2.8,0,6.95,97.2,134.9,5.12,116.8,22.1,101.6,141.3,6.94,71.8281,2.731598,40,6.75,6.6,6.9,38,-8,0,0,187.21,190
AR25-050005162FER2066-01,AR25-050,AR25-050-017,5/16/2025 12:48,1,5/16/2025 12:37,5/16/2025 12:48,5/16/2025 13:41,0.5843,0.5778,98.9,15.52,341,0.95,0.54,6.69,1.15,3.16,,6.83,134.5,118.6,5.29,120.8,23.2,140.5,124.9,6.82,70.33305,2.131349,40,6.75,6.6,6.9,38,-8,0,0,184.38,190
AR25-050005172FER2066-01,AR25-050,AR25-050-017,5/17/2025 12:48,2,5/17/2025 12:16,5/17/2025 12:48,5/17/2025 14:31,0.9503,0.9345,98.3,15.45,340,1.17,0.54,6.6,1.05,3.4,,6.93,108.3,117.7,5.29,121.1,23.4,113,124,6.92,67.79055,5.839541,40,6.75,6.6,6.9,38,-8,0,0,181.55,190
AR25-050005182FER2066-01,AR25-050,AR25-050-017,5/18/2025 12:48,3,5/18/2025 14:03,5/18/2025 12:48,5/20/2025 10:21,1.4004,1.363,97.3,15.36,337,1.54,0.53,6.31,0.92,3.62,0.2,6.92,125.4,104.6,5.19,120.4,26.1,131,110.8,6.9,71.43135,13.8978,40,6.75,6.6,6.9,38,-8,0,0,180.52,190
AR25-050005192FER2066-01,AR25-050,AR25-050-017,5/19/2025 12:54,4,5/19/2025 12:04,5/19/2025 12:54,5/19/2025 13:13,1.8461,1.803,97.7,15.64,368,2.64,0.5,5.78,1.04,4.37,0.2,6.89,121.7,86.4,6.66,128.1,23.7,127.1,92.1,6.88,77.85045,23.393,40,6.75,6.6,6.9,38,-8,7.6,0.041416894,183.5,190
AR25-050005202FER2066-01,AR25-050,AR25-050-017,5/20/2025 12:41,5,5/20/2025 11:31,5/20/2025 12:41,5/20/2025 12:35,2.6206,2.5287,96.5,15.86,368,3.52,0.5,5.43,1.06,4.76,0.22,6.86,127.4,87.2,6.73,130.9,23.5,133.1,92.9,6.85,108.5467,34.8445,40,6.75,6.6,6.9,38,-8,0,0,180.69,190
AR25-050005212FER2066-01,AR25-050,AR25-050-017,5/21/2025 12:18,6,5/21/2025 13:38,5/21/2025 12:18,5/22/2025 14:52,3.1826,3.0713,96.5,15.94,390,4.86,0.47,4.62,1.2,5.62,0.25,6.89,111.8,86.5,8.06,138,21.9,116.8,92.3,6.88,182.2251,57.0578,40,6.75,6.6,6.9,38,-8,7.6,0.040580948,187.28,190
AR25-050005222FER2066-01,AR25-050,AR25-050-017,5/22/2025 12:17,7,5/22/2025 12:21,5/22/2025 12:17,5/22/2025 15:53,4.0719,3.9011,95.8,16.25,386,5.86,0.47,3.77,1.3,5.92,0.25,6.91,106.2,79.3,7.88,137.2,22,110.9,84.7,6.9,253.3866,85.8641,40,6.75,6.6,6.9,38,-8,0,0,182.66,190
AR25-050005232FER2066-01,AR25-050,AR25-050-017,5/23/2025 12:17,8,5/23/2025 11:30,5/23/2025 12:17,5/23/2025 12:45,4.7559,4.5277,95.2,16.5,418,7.2,0.44,4.72,1.53,6.5,0.27,6.88,108.9,76.5,9.08,143.7,21.1,113.8,81.9,6.87,356.297,103.9891,40,6.75,6.6,6.9,38,-8,7.6,0.04032472,188.47,190
AR25-050005242FER2066-01,AR25-050,AR25-050-017,5/24/2025 12:29,9,5/24/2025 12:11,5/24/2025 12:29,5/24/2025 13:24,5.6137,5.3036,94.5,16.54,410,8.14,0.43,3.5,1.79,6.59,0.28,6.86,114.1,75.2,8.88,142.5,21.1,119.3,80.4,6.85,401.1699,144.6404,40,6.75,6.6,6.9,38,-8,0,0,185.65,190
AR25-050005252FER2066-01,AR25-050,AR25-050-017,5/25/2025 12:18,10,5/25/2025 13:02,5/25/2025 12:18,5/25/2025 13:59,5.6338,5.2333,92.9,16.85,435,9.08,0.42,4.19,1.96,7.33,0.41,6.9,82.5,79.9,10.09,149.6,16.6,86.3,85.4,6.89,533.8008,187.6941,40,6.75,6.6,6.9,38,-8,7.6,0.039298826,193.39,190
AR25-050005262FER2066-01,AR25-050,AR25-050-017,5/26/2025 12:18,11,5/26/2025 12:39,5/26/2025 12:18,5/26/2025 13:39,6.4326,5.9352,92.3,16.95,428,9.86,0.42,2.62,1.87,7.75,0.44,7,71.8,79.7,9.97,149.4,18.2,75,85.2,6.99,658.1754,162.7905,40,6.75,6.6,6.9,38,-8,0,0,188.77,190
AR25-050005272FER2066-01,AR25-050,AR25-050-017,5/27/2025 10:30,12,5/27/2025 12:43,5/27/2025 10:30,5/27/2025 13:41,6.424,5.6948,88.6,16.26,466,11.06,0.4,4.66,1.91,9.7,0.44,6.84,97,75.8,11.25,155.7,17,101.3,81,6.83,865.3869,330.7871,40,6.75,6.6,6.9,38,-8,7.6,0.038588474,196.95,190
AR25-050005282FER2066-01,AR25-050,AR25-050-017,5/28/2025 12:16,13,5/28/2025 13:45,5/28/2025 12:16,5/28/2025 14:59,6.1297,5.4392,88.7,17.01,452,11.48,0.41,2.75,2.28,9.44,0.45,6.9,65.3,79.8,11.03,152.9,13.1,68.2,85.2,6.89,1038.906,429.5122,40,6.75,6.6,6.9,38,-8,0,0,194.12,190
AR25-050005292FER2066-01,AR25-050,AR25-050-017,5/29/2025 12:36,14,5/29/2025 11:27,5/29/2025 12:36,5/29/2025 12:38,6.8095,5.9273,87,16.58,457,11.63,0.42,4.21,2.66,9.49,0.54,6.88,54.6,81.4,10.95,152.4,10.4,57,86.7,6.87,1123.032,521.8145,40,6.75,6.6,6.9,38,-8,0,0,191.07,190
AR25-050005152FER2070-01,AR25-050,AR25-050-021,5/15/2025 16:13,0,5/15/2025 14:56,5/15/2025 16:13,5/15/2025 16:03,0.5914,0.5857,99,15.33,335,0.86,0.51,6.46,0.65,3.27,0,7,84.3,136.6,5.07,116.7,21,82.5,133.6,7.01,67.4358,3.141056,40,6.65,6.5,6.8,36.5,0,0,0,187.21,190
AR25-050005162FER2070-01,AR25-050,AR25-050-021,5/16/2025 13:13,1,5/16/2025 12:45,5/16/2025 13:13,5/16/2025 13:43,0.8742,0.8642,98.9,15.35,341,1.05,0.54,6.64,1.15,3.17,,6.75,163.9,109.4,5.27,121.4,22.8,160.4,106.5,6.76,67.42905,2.181346,40,6.65,6.5,6.8,36.5,0,0,0,183.4,190
AR25-050005172FER2070-01,AR25-050,AR25-050-021,5/17/2025 13:13,2,5/17/2025 12:24,5/17/2025 13:13,5/17/2025 14:45,1.1068,1.0867,98.2,15.4,342,1.25,0.54,6.5,1.06,3.29,,6.8,157.4,107.8,5.22,121.3,24.6,154,104.8,6.81,69.34155,9.899587,40,6.65,6.5,6.8,36.5,0,0,0,180.56,190
AR25-050005182FER2070-01,AR25-050,AR25-050-021,5/18/2025 13:15,3,5/18/2025 14:10,5/18/2025 13:15,5/20/2025 10:25,1.7291,1.671,96.6,14.88,338,1.6,0.53,6.36,0.97,3.47,,6.82,169.2,101.1,5.17,120.7,27.7,165.5,98.2,6.83,79.01189,17.9567,40,6.65,6.5,6.8,36.5,0,0,0,179.52,190
AR25-050005192FER2070-01,AR25-050,AR25-050-021,5/19/2025 13:18,4,5/19/2025 12:12,5/19/2025 13:18,5/19/2025 13:18,1.9782,1.8633,94.2,15.18,336,2.04,0.52,6.09,0.87,3.6,,6.81,168.2,102.3,5.05,119.3,26.9,164.6,99.3,6.82,108.9908,30.7107,40,6.65,6.5,6.8,36.5,0,9.5,0.054313647,174.91,190
AR25-050005202FER2070-01,AR25-050,AR25-050-021,5/20/2025 13:06,5,5/20/2025 11:38,5/20/2025 13:06,5/20/2025 12:41,2.1332,1.9803,92.8,15.33,379,3.31,0.49,5.62,1.09,4.46,,6.73,195.3,88,7.07,131.1,26,191.1,85.2,6.74,140.4319,43.0213,40,6.65,6.5,6.8,36.5,0,0,0,181.59,190
AR25-050005212FER2070-01,AR25-050,AR25-050-021,5/21/2025 12:43,6,5/21/2025 13:46,5/21/2025 12:43,5/22/2025 14:58,2.4275,2.2165,91.3,15.21,375,3.99,0.48,5.31,1.15,4.71,,6.8,180.9,87.4,7.02,130.5,27.8,177,84.6,6.8,225.9024,73.3063,40,6.65,6.5,6.8,36.5,0,9.5,0.052611176,180.57,190
AR25-050005222FER2070-01,AR25-050,AR25-050-021,5/22/2025 12:42,7,5/22/2025 14:56,5/22/2025 12:42,5/22/2025 15:58,2.6579,2.3471,88.3,15.15,414,5.35,0.46,4.81,1.48,5.39,,6.76,194.6,84.9,8.87,140.6,27.4,190.3,82.2,6.76,245.033,98.1437,40,6.65,6.5,6.8,36.5,0,0,0,185.45,190
AR25-050005232FER2070-01,AR25-050,AR25-050-021,5/23/2025 12:53,8,5/23/2025 11:38,5/23/2025 12:53,5/23/2025 12:51,2.6579,2.2796,85.8,15.42,410,6.09,0.46,4.42,1.63,5.51,,6.75,210.2,84,8.8,139.9,28.8,205.7,81.4,6.75,311.8661,116.5346,40,6.65,6.5,6.8,36.5,0,9.5,0.052249478,181.82,190
AR25-050005242FER2070-01,AR25-050,AR25-050-021,5/24/2025 12:53,9,5/24/2025 12:19,5/24/2025 12:53,5/24/2025 13:34,2.9601,2.4569,83,15.16,440,7.4,0.44,3.88,2.03,6.03,,6.75,202.9,86.6,10.55,149.3,28.1,198.6,83.9,6.75,313.8375,148.1304,40,6.65,6.5,6.8,36.5,0,0,0,188.5,190
AR25-050005252FER2070-01,AR25-050,AR25-050-021,5/25/2025 12:46,10,5/25/2025 13:09,5/25/2025 12:46,5/25/2025 14:02,3.095,2.4849,80.3,15.43,449,8.09,0.44,5.39,2.27,6.32,,6.83,164.6,92.2,10.52,148.5,27.1,161,89.3,6.83,375.3311,182.6042,40,6.65,6.5,6.8,36.5,0,9.5,0.050883771,186.7,190
AR25-050005262FER2070-01,AR25-050,AR25-050-021,5/26/2025 12:43,11,5/26/2025 12:47,5/26/2025 12:43,5/26/2025 13:44,2.9974,2.3521,78.5,15.11,482,9.59,0.43,4.78,2.29,6.97,,6.81,164,91.6,12.18,157,26.1,160.5,88.9,6.82,413.9366,134.9099,40,6.65,6.5,6.8,36.5,0,0,0,193.38,190
AR25-050005272FER2070-01,AR25-050,AR25-050-021,5/27/2025 12:44,12,5/27/2025 12:51,5/27/2025 12:44,5/27/2025 13:58,2.9773,2.083,70,14.84,480,10.48,0.43,4.32,2.38,7.95,,6.82,161.8,92.7,12.06,156.2,26.2,158.3,89.8,6.82,566.8145,272.7376,40,6.65,6.5,6.8,36.5,0,9.5,0.049853065,190.56,190
AR25-050005282FER2070-01,AR25-050,AR25-050-021,5/28/2025 12:42,13,5/28/2025 13:53,5/28/2025 12:42,5/28/2025 15:04,3.024,2.2509,74.4,14.89,507,11.38,0.43,3.74,2.83,8.37,,6.79,168.3,93,13.5,162,25.6,164.7,90.2,6.8,608.1939,302.8414,40,6.65,6.5,6.8,36.5,0,0,0,199.04,190
AR25-050005292FER2070-01,AR25-050,AR25-050-021,5/29/2025 12:59,14,5/29/2025 11:35,5/29/2025 12:59,5/29/2025 12:42,3.0742,2.2071,71.8,14.7,515,12.13,0.45,5.41,3.14,8.53,,6.78,169.9,88.8,13.58,163,25.5,166.2,86,6.79,692.1729,344.6066,40,6.65,6.5,6.8,36.5,0,0,0,195.55,190
AR25-050005152FER2071-01,AR25-050,AR25-050-022,5/15/2025 16:19,0,5/15/2025 14:58,5/15/2025 16:19,5/15/2025 16:05,0.6309,0.6259,99.2,15.22,332,0.83,0.49,6.24,0.86,3.17,0,7.15,56.7,145,4.89,112.8,19.9,55.5,142,7.16,68.2914,4.082257,40,6.65,6.5,6.8,36.5,0,0,0,187.21,190
AR25-050005162FER2071-01,AR25-050,AR25-050-022,5/16/2025 13:19,1,5/16/2025 12:47,5/16/2025 13:19,5/16/2025 13:44,0.7946,0.7888,99.3,15.34,346,1.04,0.54,6.65,1.16,3.16,,6.75,167.5,109.2,5.28,121.7,23.1,164.1,106.3,6.75,63.8187,3.372326,40,6.65,6.5,6.8,36.5,0,0,0,184.37,190
AR25-050005172FER2071-01,AR25-050,AR25-050-022,5/17/2025 13:20,2,5/17/2025 12:26,5/17/2025 13:20,5/17/2025 14:46,1.1448,1.1133,97.2,15.37,342,1.23,0.54,6.52,1.07,3.26,,6.76,171.7,105.3,5.22,121.4,24.3,168,102.3,6.76,68.1156,9.935104,40,6.65,6.5,6.8,36.5,0,0,0,181.53,190
AR25-050005182FER2071-01,AR25-050,AR25-050-022,5/18/2025 13:22,3,5/18/2025 14:12,5/18/2025 13:22,5/20/2025 10:26,1.5001,1.4334,95.6,14.8,342,1.53,0.53,6.38,0.98,3.42,,6.78,190.6,99,5.19,120.9,28.6,186.6,96.1,6.79,83.58525,21.0219,40,6.65,6.5,6.8,36.5,0,0,0,180.49,190
AR25-050005192FER2071-01,AR25-050,AR25-050-022,5/19/2025 13:24,4,5/19/2025 12:14,5/19/2025 13:24,5/19/2025 13:20,1.765,1.6351,92.6,14.97,339,1.93,0.53,6.24,0.9,3.53,,6.74,201.8,96.5,5.17,120.9,27.2,197.5,93.6,6.74,96.6348,35.8189,40,6.65,6.5,6.8,36.5,0,9.5,0.054017172,175.87,190
AR25-050005202FER2071-01,AR25-050,AR25-050-022,5/20/2025 13:12,5,5/20/2025 11:40,5/20/2025 13:12,5/20/2025 12:43,1.8439,1.6774,91,14.97,376,3.08,0.49,5.71,1.11,4.34,,6.76,185.1,94,7.13,131.3,26.3,181,91.1,6.77,130.2456,47.3712,40,6.65,6.5,6.8,36.5,0,0,0,182.55,190
AR25-050005212FER2071-01,AR25-050,AR25-050-022,5/21/2025 12:49,6,5/21/2025 13:48,5/21/2025 12:49,5/22/2025 14:59,2.0822,1.8181,87.3,15.01,379,3.66,0.49,5.52,1.18,4.56,,6.75,209.3,86.9,7.14,131.8,28.8,204.9,84.2,6.75,190.5759,79.8403,40,6.65,6.5,6.8,36.5,0,9.5,0.052332948,181.53,190
AR25-050005222FER2071-01,AR25-050,AR25-050-022,5/22/2025 12:48,7,5/22/2025 14:58,5/22/2025 12:48,5/22/2025 16:00,2.3076,1.9617,85,14.87,412,4.82,0.46,4.98,1.48,5.21,,6.77,189.5,85.4,8.86,139.1,27.2,185.3,82.7,6.77,212.896,103.9587,40,6.65,6.5,6.8,36.5,0,0,0,186.41,190
AR25-050005232FER2071-01,AR25-050,AR25-050-022,5/23/2025 13:32,8,5/23/2025 11:40,5/23/2025 13:32,5/23/2025 12:52,2.1677,1.77,81.7,15.01,411,5.47,0.46,4.66,1.64,5.35,,6.76,198.9,84.9,8.87,139.4,28.3,194.6,82.2,6.77,261.7828,126.6338,40,6.65,6.5,6.8,36.5,0,9.5,0.052252351,181.81,190
AR25-050005242FER2071-01,AR25-050,AR25-050-022,5/24/2025 10:30,9,5/24/2025 12:21,5/24/2025 10:30,5/24/2025 13:35,2.4017,1.8569,77.3,14.72,446,6.58,0.44,4.26,1.99,6.67,,6.72,223.1,91.1,10.62,149.2,28.9,218.2,88.2,6.73,245.1582,157.5731,40,6.65,6.5,6.8,36.5,0,0,0,190.3,190
AR25-050005252FER2071-01,AR25-050,AR25-050-022,5/25/2025 12:52,10,5/25/2025 13:11,5/25/2025 12:52,5/25/2025 14:03,2.2997,1.6717,72.7,14.84,445,7.25,0.44,3.88,2.16,6.13,,6.83,160.8,95.3,10.55,147.9,27,157.3,92.4,6.84,328.1445,195.3286,40,6.65,6.5,6.8,36.5,0,9.5,0.051163292,185.68,190
AR25-050005262FER2071-01,AR25-050,AR25-050-022,5/26/2025 12:50,11,5/26/2025 12:49,5/26/2025 12:50,5/26/2025 13:45,2.4411,1.7549,71.9,15.12,485,8.62,0.43,5.4,2.18,6.81,,6.8,166.1,92.5,12.24,156.7,25.7,162.6,89.7,6.8,347.9366,138.8177,40,6.65,6.5,6.8,36.5,0,0,0,193.41,190
AR25-050005272FER2071-01,AR25-050,AR25-050-022,5/27/2025 12:51,12,5/27/2025 12:53,5/27/2025 12:51,5/27/2025 13:59,2.2753,1.5174,66.7,14.51,484,9.53,0.43,5.12,2.31,7.78,,6.8,167.5,91.3,12.23,156.5,26.3,163.9,88.5,6.81,459.381,269.5933,40,6.65,6.5,6.8,36.5,0,9.5,0.049845217,190.59,190
AR25-050005282FER2071-01,AR25-050,AR25-050-022,5/28/2025 12:48,13,5/28/2025 13:54,5/28/2025 12:48,5/28/2025 15:05,2.365,1.5712,66.4,14.61,514,10.37,0.43,4.56,2.63,8.19,,7.04,169.2,93.6,13.64,162.8,45.3,165.5,90.7,7.04,509.5547,295.2537,40,6.65,6.5,6.8,36.5,0,0,0,199.08,190
AR25-050005292FER2071-01,AR25-050,AR25-050-022,5/29/2025 13:06,14,5/29/2025 11:37,5/29/2025 13:06,5/29/2025 12:44,2.7333,1.8382,67.3,13.9,522,11.03,0.46,4.39,2.79,8.13,,6.55,169.2,95.2,13.74,163.6,45.3,165.5,92.3,6.55,526.9869,333.6106,40,6.65,6.5,6.8,36.5,0,0,0,193.45,190
AR25-051006032FER2050-01,AR25-051,AR25-051-001,6/3/2025 13:41,0,6/3/2025 14:02,6/3/2025 13:41,6/5/2025 10:14,0.5469,0.5434,99.3,15.1,339,0.82,0.54,6.73,0.88,3.15,0,7.86,77.6,129.5,5.2,120.5,138.6,76.1,126.8,7.86,70.07595,5.921348,40,7.1,6.95,7.25,36.5,0,0,0,188.04,190
AR25-051006042FER2050-01,AR25-051,AR25-051-001,6/4/2025 13:42,1,6/4/2025 12:20,6/4/2025 13:42,6/5/2025 10:43,0.7149,0.6919,96.8,15.02,350,0.99,0.55,6.6,0.79,3,,7.03,121.3,134.4,5.32,126.6,31.7,118.6,131.3,7.03,52.845,8.982295,40,7.1,6.95,7.25,36.5,0,0,0,186.14,190
AR25-051006052FER2050-01,AR25-051,AR25-051-001,6/5/2025 10:36,2,6/5/2025 14:32,6/5/2025 10:36,6/5/2025 16:03,0.7895,0.59,74.7,12.55,346,1.15,0.57,6.4,0.74,3.27,0.3,7.25,62.7,147.5,5.34,127.1,27.3,61.3,144.6,7.25,63.49725,63.8358,40,7.1,6.95,7.25,36.5,0,0,0,183.25,190
AR25-051006062FER2050-01,AR25-051,AR25-051-001,6/6/2025 10:49,3,6/6/2025 10:33,6/6/2025 10:49,6/6/2025 12:15,0.8118,0.5462,67.3,12.67,344,1.31,0.58,6.13,0.76,3.38,0.4,7.24,60.8,144.6,5.3,126.1,25.8,59.5,141.6,7.24,100.4308,12.3285,40,7.1,6.95,7.25,36.5,0,0,0,180.44,190
AR25-051006072FER2050-01,AR25-051,AR25-051-001,6/7/2025 10:36,4,6/7/2025 13:08,6/7/2025 10:36,6/7/2025 14:34,0.951,0.6388,67.2,13.06,344,1.5,0.58,6.05,0.62,3.43,0.48,7.2,63.6,138.8,5.27,127.5,25,62.3,135.9,7.21,66.15075,96.0454,40,7.1,6.95,7.25,36.5,0,9.5,0.053481957,177.63,190
AR25-051006082FER2050-01,AR25-051,AR25-051-001,6/8/2025 10:36,5,6/8/2025 11:32,6/8/2025 10:36,6/9/2025 11:20,1.0609,0.7687,72.5,13.36,379,2.34,0.58,5.59,0.77,4.24,0.55,7.16,58.7,130.6,7.27,142.6,21,57.4,127.5,7.17,66.7932,104.9424,40,7.1,6.95,7.25,36.5,0,0,0,184.33,190
AR25-051006092FER2050-01,AR25-051,AR25-051-001,6/9/2025 10:37,6,6/9/2025 13:23,6/9/2025 10:37,6/9/2025 15:19,1.4664,1.1491,78.4,14.16,377,2.67,0.47,5.38,1.26,4.54,0.66,7.21,45.9,125.1,7.22,134.8,18.4,44.9,122.1,7.22,83.6271,113.1727,40,7.1,6.95,7.25,36.5,0,9.5,0.052335831,181.52,190
AR25-051006102FER2050-01,AR25-051,AR25-051-001,6/10/2025 13:12,7,6/10/2025 13:30,6/10/2025 13:12,6/10/2025 15:04,1.7176,1.4205,82.7,14.78,411,3.71,0.46,4.71,2.11,5.35,0.73,7.19,37.3,105.5,9.07,143.7,14.1,36.5,102.5,7.19,93.11745,121.3961,40,7.1,6.95,7.25,36.5,0,0,0,188.22,190
AR25-051006112FER2050-01,AR25-051,AR25-051-001,6/11/2025 10:36,8,6/11/2025 11:51,6/11/2025 10:36,6/11/2025 14:03,2.3263,2.0205,86.9,15.17,408,4.21,0.47,4.16,1.99,5.83,0.91,7.16,30,86.9,8.88,142.7,10.6,29.4,84.2,7.16,136.7213,140.0882,40,7.1,6.95,7.25,36.5,0,9.5,0.051235034,185.42,190
AR25-051006122FER2050-01,AR25-051,AR25-051-001,6/12/2025 10:36,9,6/12/2025 11:32,6/12/2025 10:36,6/12/2025 12:55,3.2472,2.8223,86.9,15.47,438,5.4,0.45,3.3,2.19,6.66,1.03,7.02,32.8,68.2,10.52,152.1,8.5,32.1,65.9,7.03,219.1024,143.7778,40,7.1,6.95,7.25,36.5,0,0,0,192.12,190
AR25-051006132FER2050-01,AR25-051,AR25-051-001,6/13/2025 10:30,10,6/13/2025 11:14,6/13/2025 10:30,6/13/2025 13:02,3.6269,3.3089,91.2,16.01,450,5.98,0.44,5.41,2.37,7.18,1.12,6.96,33.5,71.6,10.22,151.3,7.6,32.8,69.3,6.97,343.6796,165.9217,40,7.1,6.95,7.25,36.5,0,9.5,0.049839987,190.61,190
AR25-051006142FER2050-01,AR25-051,AR25-051-001,6/14/2025 10:36,11,6/14/2025 11:13,6/14/2025 10:36,6/14/2025 12:38,4.3741,3.8846,88.8,16.65,475,7.01,0.42,4.3,2.55,7.6,1.06,7.08,35.8,43.2,11.59,157.7,10.7,35,41.7,7.09,421.4545,182.4699,40,7.1,6.95,7.25,36.5,0,0,0,197.31,190
AR25-051006152FER2050-01,AR25-051,AR25-051-001,6/15/2025 10:37,12,6/15/2025 13:25,6/15/2025 10:37,6/15/2025 15:07,4.649,4.2686,91.8,17,462,7.42,0.41,3.37,2.79,7.76,0.96,6.94,36.2,44.7,11.22,156.1,7.9,35.4,43.1,6.95,604.5829,218.8995,40,7.1,6.95,7.25,36.5,0,9.5,0.048843188,194.5,190
AR25-051006162FER2050-01,AR25-051,AR25-051-001,6/16/2025 10:36,13,6/16/2025 11:02,6/16/2025 10:36,6/16/2025 12:32,4.7717,4.3741,91.7,17.49,500,8.2,0.4,4.8,3.16,8.2,0.85,6.95,38.8,40.3,12.3,162,8.5,38,38.9,6.95,691.7948,240.6933,40,7.1,6.95,7.25,36.5,0,0,0,202.66,190
AR25-051006172FER2050-01,AR25-051,AR25-051-001,6/17/2025 13:01,14,6/17/2025 10:50,6/17/2025 13:01,6/17/2025 11:49,5.2246,4.7933,91.7,17.69,494,8.72,0.4,3.53,3.74,7.8,0.77,6.97,38.2,28.4,12.37,165.8,8.8,37.4,27.4,6.98,854.6721,280.458,40,7.1,6.95,7.25,36.5,0,0,0,199.85,190
AR25-051006032FER2059-01,AR25-051,AR25-051-010,6/3/2025 14:45,0,6/3/2025 14:21,6/3/2025 14:45,6/5/2025 10:23,0.6352,0.6266,98.6,14.99,341,0.89,0.55,6.71,0.83,3.03,0,6.9,113.5,130.6,5.28,121.2,22.1,111.1,127.5,6.9,72.9498,6.450072,40,6.75,6.6,6.9,36.5,0,0,0,187.21,190
AR25-051006042FER2059-01,AR25-051,AR25-051-010,6/4/2025 11:56,1,6/4/2025 12:41,6/4/2025 11:56,6/5/2025 10:56,0.8864,0.8771,98.9,15.3,342,1.04,0.55,6.61,0.79,3.12,,6.89,126.8,120.8,5.26,122.9,24.4,124.1,117.8,6.9,70.67925,6.615771,40,6.75,6.6,6.9,36.5,0,0,0,186.18,190
AR25-051006052FER2059-01,AR25-051,AR25-051-010,6/5/2025 12:18,2,6/5/2025 14:56,6/5/2025 12:18,6/5/2025 16:15,1.4205,1.4018,98.7,15.17,341,1.32,0.57,6.41,0.7,3.34,,6.89,127.9,108.8,5.15,121.6,24.3,125.2,105.8,6.89,69.411,10.3452,40,6.75,6.6,6.9,36.5,0,0,0,183.35,190
AR25-051006062FER2059-01,AR25-051,AR25-051-010,6/6/2025 11:44,3,6/6/2025 10:50,6/6/2025 11:44,6/6/2025 12:23,1.9602,1.9265,98.3,15.24,338,1.81,0.63,6.14,0.74,3.51,,6.87,142.1,94.5,5.07,122.3,26.1,139.1,91.7,6.88,109.5826,15.5501,40,6.75,6.6,6.9,36.5,0,0,0,180.53,190
AR25-051006072FER2059-01,AR25-051,AR25-051-010,6/7/2025 11:24,4,6/7/2025 13:27,6/7/2025 11:24,6/7/2025 14:42,2.9902,2.9242,97.8,15.46,337,2.59,0.63,5.85,0.65,3.75,,6.87,150.9,81.2,4.97,127.7,27.8,147.7,78.7,6.88,147.5619,29.6326,40,6.75,6.6,6.9,36.5,0,11.4,0.064145847,177.72,190
AR25-051006082FER2059-01,AR25-051,AR25-051-010,6/8/2025 10:30,5,6/8/2025 11:50,6/8/2025 10:30,6/9/2025 11:28,3.4826,3.3907,97.4,15.35,369,4.19,0.63,5.1,0.86,4.84,,6.82,166.4,87.9,6.84,142.3,27.2,162.8,85.2,6.83,222.7081,45.3505,40,6.75,6.6,6.9,36.5,0,0,0,184.4,190
AR25-051006092FER2059-01,AR25-051,AR25-051-010,6/9/2025 11:32,6,6/9/2025 13:43,6/9/2025 11:32,6/9/2025 15:27,4.3167,4.1099,95.2,15.52,370,5.46,0.47,4.46,1.17,5.13,,6.88,150.5,69.3,6.77,131.9,28,147.2,66.9,6.88,360.6416,74.7642,40,6.75,6.6,6.9,36.5,0,11.4,0.062778787,181.59,190
AR25-051006102FER2059-01,AR25-051,AR25-051-010,6/10/2025 11:26,7,6/10/2025 13:48,6/10/2025 11:26,6/10/2025 15:12,5.0962,4.8464,95.1,15.87,396,7.41,0.45,3.46,1.86,5.72,,7.11,151.8,68.6,8.3,138.8,48,148.6,66.4,7.11,406.7043,101.9471,40,6.75,6.6,6.9,36.5,0,0,0,188.27,190
AR25-051006112FER2059-01,AR25-051,AR25-051-010,6/11/2025 11:32,8,6/11/2025 12:20,6/11/2025 11:32,6/11/2025 14:16,5.6575,5.2928,93.6,15.8,412,8.93,0.47,5.42,1.83,5.73,,6.69,266.4,68.6,8.28,140.3,31.8,260.6,66.3,6.69,568.4835,135.0647,40,6.75,6.6,6.9,36.5,0,11.4,0.061089974,186.61,190
AR25-051006122FER2059-01,AR25-051,AR25-051-010,6/12/2025 11:35,9,6/12/2025 11:49,6/12/2025 11:35,6/12/2025 13:03,5.7264,5.1507,89.9,15.4,436,10.05,0.44,4.21,2.54,6.4,,6.86,168.7,52.1,9.86,147.8,30.3,165.2,50.3,6.87,686.5339,177.6258,40,6.75,6.6,6.9,36.5,0,0,0,193.29,190
AR25-051006132FER2059-01,AR25-051,AR25-051-010,6/13/2025 11:27,10,6/13/2025 11:32,6/13/2025 11:27,6/13/2025 13:20,6.1592,5.5699,90.4,15.54,433,11.14,0.44,3.3,2.8,6.67,,6.9,164.1,55.2,9.9,149.5,32.2,160.6,53.3,6.91,956.0519,242.0159,40,6.75,6.6,6.9,36.5,0,11.4,0.059851945,190.47,190
AR25-051006142FER2059-01,AR25-051,AR25-051-010,6/14/2025 11:35,11,6/14/2025 11:30,6/14/2025 11:35,6/14/2025 12:45,6.9021,5.9876,86.8,14.83,467,12.15,0.41,4.67,3.32,7.1,,6.87,151.2,38.8,11.31,154.2,27.4,147.9,37.4,6.87,1012.56,289.4978,40,6.75,6.6,6.9,36.5,0,0,0,198.42,190
AR25-051006152FER2059-01,AR25-051,AR25-051-010,6/15/2025 11:31,12,6/15/2025 13:43,6/15/2025 11:31,6/15/2025 15:23,7.355,6.4829,88.1,15.52,463,12.74,0.41,3.62,3.68,7.23,,6.86,138.1,35.2,11.26,154,24.6,135.1,34,6.87,1175.038,374.718,40,6.75,6.6,6.9,36.5,0,11.4,0.058285188,195.59,190
AR25-051006162FER2059-01,AR25-051,AR25-051-010,6/16/2025 11:38,13,6/16/2025 11:21,6/16/2025 11:38,6/16/2025 12:48,7.1375,6.203,86.9,15.23,497,13.53,0.39,4.62,4.1,7.64,,6.85,138.7,33,12.56,158.3,24.2,135.7,31.9,6.86,1238.424,431.175,40,6.75,6.6,6.9,36.5,0,0,0,203.43,190
AR25-051006172FER2059-01,AR25-051,AR25-051-010,6/17/2025 11:35,14,6/17/2025 11:09,6/17/2025 11:35,6/17/2025 12:05,7.5847,6.3896,84.2,15.2,542,13.65,0.39,3.4,4.59,6.8,0.3,6.89,119.4,24.7,12.4,157.1,22.6,116.8,23.9,6.89,1440.62,530.6556,40,6.75,6.6,6.9,36.5,0,0,0,200.61,190
