Code_Run_Date,Bioreactor,Day,Date,IGG--STATE_SP,CUMULATIVE_NORMALIZED_FEED--INPUT_REF,IGG--STATE_DATA,VCC--STATE_DATA,VIABILITY--STATE_DATA,LACTATE--STATE_DATA,OSMO--STATE_DATA,PCO2_AT_TEMP--STATE_DATA,CUMULATIVE_NORMALIZED_FEED--INPUT_DATA,TEMPERATURE--INPUT_DATA,PH_SETPOINT--INPUT_DATA,DO--INPUT_DATA,IGG--STATE_PRED,VCC--STATE_PRED,VIABILITY--STATE_PRED,LACTATE--STATE_PRED,OSMO--STATE_PRED,PCO2_AT_TEMP--STATE_PRED,IGG--STATE_EST,VCC--STATE_EST,VIABILITY--STATE_EST,LACTATE--STATE_EST,OSMO--STATE_EST,PCO2_AT_TEMP--STATE_EST,IGG--STATE_MOD,VCC--STATE_MOD,VIABILITY--STATE_MOD,LACTATE--STATE_MOD,OSMO--STATE_MOD,PCO2_AT_TEMP--STATE_MOD
2/23/2024,1,0,,146.51,0,158.35,17.45,98.38,0.85,313,29.6,0,34,7.2,0.5,158.35,17.45,98.38,0.85,313,29.6,158.151862,14.48871004,101.7449965,0.922895942,305.9263975,56.59013616,1,1,1,1,1,1
2/23/2024,2,0,,146.51,0,158.35,10.8,98.45,0.63,318,21.6,0,34,7.2,0.5,158.35,10.8,98.45,0.63,318,21.6,158.4586898,10.43807302,96.44814387,0.620190018,318.7271338,41.71814549,1,1,1,1,1,1
2/23/2024,3,0,,146.51,0,158.35,10.03,98.72,0.66,316,21.9,0,34,7.2,0.5,158.35,10.03,98.72,0.66,316,21.9,158.3888212,9.126083759,99.09183407,0.686235992,318.6480438,56.1330841,1,1,1,1,1,1
2/23/2024,4,0,,146.51,0,158.35,16.52,98.17,0.94,315,31.3,0,34,7.2,0.5,158.35,16.52,98.17,0.94,315,31.3,158.1829235,13.65140827,100.8678274,1.00115012,308.2939088,56.21359469,1,1,1,1,1,1
2/23/2024,5,0,,146.51,0,158.35,16.07,98.34,0.93,315,32.6,0,34,7.2,0.5,158.35,16.07,98.34,0.93,315,32.6,158.1442386,13.62513248,101.4607863,0.995638016,308.080497,51.81359619,1,1,1,1,1,1
2/23/2024,6,0,,146.51,0,158.35,9.95,98.71,0.71,318,25.5,0,34,7.2,0.5,158.35,9.95,98.71,0.71,318,25.5,158.385962,9.278419764,98.85112421,0.730948475,320.4027967,54.85823299,1,1,1,1,1,1
2/23/2024,7,0,,146.51,0,158.35,16.07,98.58,1,314,34.5,0,34,7.2,0.5,158.35,16.07,98.58,1,314,34.5,158.16461,13.78123492,101.8188102,1.062667645,308.0824024,53.99489604,1,1,1,1,1,1
2/23/2024,8,0,,146.51,0,158.35,13.48,98.58,0.87,317,32,0,34,7.2,0.5,158.35,13.48,98.58,0.87,317,32,158.2595504,11.36542852,100.100199,0.915373228,313.6143417,58.46889129,1,1,1,1,1,1
2/23/2024,9,0,,146.51,0,158.35,15.5,98.86,1,317,35.6,0,34,7.2,0.5,158.35,15.5,98.86,1,317,35.6,158.1398317,13.0986309,101.8247673,1.064775171,310.183583,52.72994011,1,1,1,1,1,1
2/23/2024,10,0,,146.51,0,158.35,16.39,98.9,1.03,315,36,0,34,7.2,0.5,158.35,16.39,98.9,1.03,315,36,158.1468759,13.77576774,101.8921377,1.098825284,308.3930982,57.21772641,1,1,1,1,1,1
2/23/2024,11,0,,146.51,0,158.35,15.23,98.71,1.03,315,35.6,0,34,7.2,0.5,158.35,15.23,98.71,1.03,315,35.6,158.2119588,13.42838955,100.3034669,1.06959202,309.5772813,47.90939874,1,1,1,1,1,1
2/23/2024,12,0,,146.51,0,158.35,13.03,98.77,0.95,317,33.7,0,34,7.2,0.5,158.35,13.03,98.77,0.95,317,33.7,158.24224,11.5560847,100.8421508,1.000603697,314.8524218,56.75826904,1,1,1,1,1,1
2/23/2024,13,0,,146.51,0,158.35,13.6,98.59,0.92,318,39.2,0,34,7.2,0.5,158.35,13.6,98.59,0.92,318,39.2,158.2506943,11.81284892,99.94408836,0.956848765,314.1735766,56.82838897,1,1,1,1,1,1
2/23/2024,14,0,,146.51,0,158.35,12.55,98.6,1,315,38.3,0,34,7.2,0.5,158.35,12.55,98.6,1,315,38.3,158.3010264,11.64958989,99.59290342,1.026471282,314.1481752,53.6645161,1,1,1,1,1,1
2/23/2024,15,0,,146.51,0,158.35,16.67,98.77,1.13,314,39.1,0,34,7.2,0.5,158.35,16.67,98.77,1.13,314,39.1,158.2064029,14.62945339,100.8374592,1.178748728,308.8480267,55.71699163,1,1,1,1,1,1
2/23/2024,16,0,,146.51,0,158.35,12.1,98.22,0.85,321,38.2,0,34,7.2,0.5,158.35,12.1,98.22,0.85,321,38.2,158.3226978,10.93390867,99.61778615,0.881216335,321.3463752,62.40977168,1,1,1,1,1,1
2/23/2024,17,0,,146.51,0,158.35,10.79,98.7,0.86,320,38.6,0,34,7.2,0.5,158.35,10.79,98.7,0.86,320,38.6,158.3743007,10.07798817,98.68391283,0.876812072,321.570573,61.71907166,1,1,1,1,1,1
2/23/2024,18,0,,146.51,0,158.35,14.36,98.77,1.02,318,42,0,34,7.2,0.5,158.35,14.36,98.77,1.02,318,42,158.2516199,12.47296525,100.6817915,1.065624622,314.7467499,64.56231819,1,1,1,1,1,1
2/23/2024,19,0,,146.51,0,158.35,10.79,98.37,0.9,321,41.4,0,34,7.2,0.5,158.35,10.79,98.37,0.9,321,41.4,158.3413644,10.14134031,99.03908053,0.918716768,321.8120409,59.10110382,1,1,1,1,1,1
2/23/2024,20,0,,146.51,0,158.35,11.86,98.89,0.91,321,41,0,34,7.2,0.5,158.35,11.86,98.89,0.91,321,41,158.355677,10.91016402,99.4743508,0.934716658,322.2675201,65.83225211,1,1,1,1,1,1
2/23/2024,21,0,,146.51,0,158.35,10.78,98.66,0.94,318,40.4,0,34,7.2,0.5,158.35,10.78,98.66,0.94,318,40.4,158.3771913,10.02916863,98.55963257,0.952817621,319.3678035,61.0220041,1,1,1,1,1,1
2/23/2024,22,0,,146.51,0,158.35,13.47,98.72,1.08,318,38.5,0,34,7.2,0.5,158.35,13.47,98.72,1.08,318,38.5,158.209976,11.71549415,100.7384221,1.127235108,313.9602076,54.81479301,1,1,1,1,1,1
2/23/2024,23,0,,146.51,0,158.35,13.96,98.51,1.09,316,38.8,0,34,7.2,0.5,158.35,13.96,98.51,1.09,316,38.8,158.3029615,12.9650214,99.76322411,1.115234504,315.0599024,54.2392499,1,1,1,1,1,1
2/23/2024,24,0,,146.51,0,158.35,14.02,98.49,1.12,318,40.6,0,34,7.2,0.5,158.35,14.02,98.49,1.12,318,40.6,158.2793172,12.49482067,99.76176122,1.150341761,315.1983504,57.67042292,1,1,1,1,1,1
2/23/2024,1,1,,509.83,0.0045,615.0768,20.13,98.16,2.42,305,33.9,0.0051,34,7.2,0.5,898.2465253,22.33685569,98.88405574,1.172601796,302.1992827,25.34964926,683.9302494,17.39599738,101.2749519,2.134103087,302.1805695,42.88268623,0.99714665,1.160815973,0.968284713,1.098950955,1.01626079,0.788463737
2/23/2024,2,1,,509.83,0.0045,421.2639667,12.78,97.92,,,37.5,0.0044,34,7.2,0.5,1120.649968,20.05622923,100.0000803,1.404634572,298.9518709,19.62842369,837.3360539,16.34916399,97.19347738,1.625231244,304.5675071,31.75676757,0.979169888,0.871964298,1.013964959,1.014327697,0.997725024,0.902664778
2/23/2024,3,1,,509.83,0.0045,423.8904333,14.04,98.21,2.2,320,39.9,0.00315,34,7.2,0.5,1131.817439,19.63020239,100.2733257,1.548609729,297.2845875,20.03464421,742.2346281,14.12839334,99.38860239,2.109628456,306.8089127,40.72496817,0.985744909,1.021028604,0.992234962,1.034519227,1.016323646,0.778055801
2/23/2024,4,1,,509.83,0.0045,609.5748,18.36,98.12,2.47,304,29.6,0.0051,34,7.2,0.5,891.7189117,21.58477911,98.69773652,1.325158426,303.3213831,25.99030915,687.5330225,16.85059325,100.4965402,2.208826516,303.1941044,42.14454543,0.996852723,1.124132816,0.974961903,1.086503671,1.012326698,0.783959222
2/23/2024,5,1,,509.83,0.0045,606.8102,20.78,98.16,2.41,303,35.4,0.00505,34,7.2,0.5,887.995562,21.19029306,98.85694147,1.383706486,303.3307555,26.77652149,752.5085066,17.63184115,101.2810139,2.16575814,301.816924,39.56402598,0.993393714,1.162516456,0.969411522,1.080463882,1.013339348,0.8593604
2/23/2024,6,1,,509.83,0.0045,419.6982,14.32,98.08,2.15,319,41.2,0.00305,34,7.2,0.5,1093.210165,19.09197446,100.1536871,1.621337321,299.3705704,21.92530566,752.6078574,14.38368572,99.21015177,2.081038902,307.7106619,39.66499383,0.984898522,1.015497037,0.993615761,1.025924815,1.013662341,0.819445152
2/23/2024,7,1,,509.83,0.0045,620.0472,20.48,98.96,2.49,305,36.2,0.00475,34,7.2,0.5,867.3548241,20.95315866,98.98312301,1.497443303,303.1731231,28.04399378,730.5207583,17.48392054,101.5262701,2.255335479,302.4137377,40.88972851,0.995127993,1.153819093,0.97163033,1.073485858,1.013936152,0.855091884
2/23/2024,8,1,,509.83,0.0045,520.0377,15.86,97.95,2.45,310,32.6,0.00425,34,7.2,0.5,948.6933367,19.98028869,99.40009152,1.539989545,302.6951779,26.08172377,691.4493477,15.18234636,99.95501857,2.263510281,305.6599036,42.73937493,0.992821661,1.083774361,0.982497161,1.062996786,1.012416643,0.785722516
2/23/2024,9,1,,509.83,0.0045,609.1603,20.49,98.46,2.5,304,32.1,0.00485,34,7.2,0.5,875.9651178,20.61006587,99.33741433,1.529653218,304.8560854,28.31810396,760.4263438,17.34675496,101.6881354,2.267847995,302.9318794,39.82827566,0.993074038,1.164559566,0.969765518,1.071971531,1.01292956,0.855252472
2/23/2024,10,1,,509.83,0.0045,603.4802,20.05,98.06,2.58,306,32,0.0048,34,7.2,0.5,852.2540648,20.99995821,99.23644458,1.511384583,304.3023955,28.86070018,693.7800791,17.02716768,101.4668274,2.332583778,303.4056587,42.79552897,0.996206537,1.165157546,0.968739619,1.074534028,1.015046176,0.815928547
2/23/2024,11,1,,509.83,0.0045,597.3848,19.2,98.26,2.29,300,31.7,0.005,34,7.2,0.5,871.5358692,20.3881231,99.15571545,1.605733149,303.5031128,28.55164921,778.3871787,17.86690781,100.2923003,2.127146697,301.8633891,36.82460328,0.991529743,1.087364446,0.982044119,1.052892183,1.005952404,0.898260279
2/23/2024,12,1,,509.83,0.0045,510.3106,18.36,98.09,2.46,314,40.8,0.0039,34,7.2,0.5,938.8418935,19.54115084,99.54015732,1.684256055,302.8232971,27.05956506,724.6381268,15.75044343,100.7729127,2.301578074,305.9689815,41.58331863,0.990616824,1.134688894,0.976569885,1.049225941,1.016208378,0.850143067
2/23/2024,13,1,,509.83,0.0045,507.1278,16.31,98.22,2.38,307,32.8,0.00425,34,7.2,0.5,862.5631891,18.9969222,99.11393972,1.663562472,305.2057656,30.30206715,702.7023796,15.65528775,99.8249397,2.224320561,305.9260654,41.59875708,0.991681306,1.072155506,0.985286815,1.052332792,1.00793657,0.84734127
2/23/2024,14,1,,509.83,0.0045,529.2719,16.91,98.35,2.33,310,37,0.0037,34,7.2,0.5,882.8049288,18.51782911,99.16083011,1.864814147,302.5093394,30.05928751,732.6403849,15.95724616,99.5935642,2.240491573,305.0888425,39.61505374,0.991008,1.058349274,0.988846937,1.028174576,1.009181345,0.890173662
2/23/2024,15,1,,509.83,0.0045,589.5516,19.25,98.06,2.45,305,33.2,0.0051,34,7.2,0.5,804.0030882,20.64739203,98.90533773,1.630003094,304.7051192,30.81631123,676.25613,17.48268826,100.3689786,2.261297018,304.0886117,41.65919827,0.996443967,1.106640584,0.978394241,1.056092337,1.009915269,0.855399234
2/23/2024,16,1,,509.83,0.0045,422.7015,14.96,98.8,2.31,320,37.5,0.00375,34,7.2,0.5,898.1061591,18.29971806,98.98745608,1.66582946,305.8797493,29.24120645,657.0451064,14.39074178,99.5191139,2.193239627,311.1606285,44.07477088,0.99064586,1.05559849,0.989438918,1.040335599,1.013152749,0.816948182
2/23/2024,17,1,,509.83,0.0045,406.3385,13.42,97.78,2.28,319,39.6,0.00315,34,7.2,0.5,924.2747555,17.63811681,99.54246194,1.835928416,304.4581284,29.58008643,658.655454,13.80742858,98.67354757,2.220629014,310.7601426,43.51041664,0.989902496,1.005336626,0.995584419,1.020259518,1.010249605,0.835398299
2/23/2024,18,1,,509.83,0.0045,520.6133,16.37,98.32,2.57,313,38.7,0.0044,34,7.2,0.5,818.1246833,19.03947046,99.09463925,1.727825508,306.3782782,32.00790996,616.0225699,15.06063437,100.1882519,2.391396215,308.5299357,46.24474621,0.996418543,1.100039023,0.981304777,1.054582572,1.012334476,0.824815644
2/23/2024,19,1,,509.83,0.0045,423.2585,14.6,98.58,2.29,317,39.2,0.00315,34,7.2,0.5,885.1553271,17.1644307,99.10291868,1.885117267,305.8476301,31.09133849,697.2635961,14.33341577,99.13092232,2.224169047,310.2345048,41.87434406,0.988440448,1.029010137,0.99388513,1.022011236,1.009171551,0.87471742
2/23/2024,20,1,,509.83,0.0045,412.7091,13.92,98.28,2.36,322,39.5,0.0037,34,7.2,0.5,882.3378146,17.92193013,99.55981003,1.805853561,306.3165248,30.96275807,614.4896805,13.85594958,99.24106797,2.273352742,312.6100623,45.98647746,0.992472971,1.031162465,0.992275694,1.028405835,1.012506289,0.814991982
2/23/2024,21,1,,509.83,0.0045,439.7886,12.97,98.07,2.37,316,35.6,0.00315,34,7.2,0.5,896.855343,17.32489132,99.36295544,1.963880135,303.7211437,30.88013093,661.0766312,13.82875308,98.50804527,2.315162466,309.2733033,43.27483775,0.991113361,0.987287784,0.998298877,1.018076215,1.008291681,0.834258261
2/23/2024,22,1,,509.83,0.0045,513.2504,18.14,98.39,2.55,308,32.5,0.00425,34,7.2,0.5,872.6421424,19.08155883,99.24490616,1.810616188,304.959848,29.78824037,741.2488612,16.1101402,100.677587,2.384420086,305.1076357,40.38464114,0.989804718,1.119197602,0.978761325,1.048544804,1.011188579,0.859568164
2/23/2024,23,1,,509.83,0.0045,515.3001,17.3,99,2.3,311,35.8,0.00455,34,7.2,0.5,852.069852,19.21026924,98.93085748,1.802054993,304.1750614,30.2311001,709.8963556,16.65644659,99.62967108,2.199959372,306.6196775,39.83171905,0.991642833,1.047664676,0.990617691,1.031141515,1.008456437,0.88297965
2/23/2024,24,1,,509.83,0.0045,513.9285,16.23,98.55,2.46,309,34.9,0.00435,34,7.2,0.5,832.5191619,19.01081579,98.86877193,1.817151853,305.8914162,31.04814953,676.6016292,15.89792039,99.5199744,2.322936772,307.2821155,41.85278218,0.993337579,1.053028551,0.98882415,1.041693269,1.00726007,0.859455437
2/23/2024,1,2,,997.91,0.011,,22.56,97.58,2.66,298,34.1,0.0051,34,7.2,0.5,1260.498796,23.88513799,97.33672252,3.032534345,305.3526403,28.55120215,1264.105732,20.57616241,100.5248985,2.759481059,300.4668127,36.21117981,,,,,,
2/23/2024,2,2,,997.91,0.011,,16.44,97.34,3.49,337,31.2,0.0242,34,7.2,0.5,1440.560787,17.87074677,98.41067306,2.06485174,298.8724683,26.90714039,1471.206177,20.49481476,97.05529975,2.035685061,299.5539462,29.80856353,,,,,,
2/23/2024,3,2,,997.91,0.011,,16.31,97.36,3.19,307,25.5,0.00645,34,7.2,0.5,1339.169712,19.08133457,98.2924841,2.952410979,306.0868631,26.72452616,1358.535762,18.68834477,99.06170198,2.853896671,301.1706598,34.34782715,,,,,,
2/23/2024,4,2,,997.91,0.011,,22.83,97.36,3.02,297,25.3,0.01295,34,7.2,0.5,1267.165657,22.75272468,97.30684871,3.069291411,304.4575162,27.79081816,1271.16637,20.24024596,99.80579593,2.824925026,300.7502588,35.44931597,,,,,,
2/23/2024,5,2,,997.91,0.011,,23.06,97.2,2.91,295,27.8,0.01,34,7.2,0.5,1352.486146,24.56893605,97.53246147,2.93432117,303.7752637,29.67753619,1361.480475,21.13426946,100.6099672,2.715797556,299.7764415,34.53444699,,,,,,
2/23/2024,6,2,,997.91,0.011,,16.65,98.47,3.15,,26.1,0.0066,34,7.2,0.5,1355.108215,19.24352661,98.29359817,2.841248349,305.7999029,27.5530093,1375.886129,18.94985993,98.92516,2.769450847,301.6782715,33.62398233,,,,,,
2/23/2024,7,2,,997.91,0.011,,22.61,96.82,2.49,293,30.5,0.00475,34,7.2,0.5,1327.805376,24.18996868,97.95291195,3.039693888,304.4792177,30.01477314,1334.306125,20.96513122,100.8129418,2.831610557,300.2942712,35.1012256,,,,,,
2/23/2024,8,2,,997.91,0.011,,19.74,97.36,3.26,304,26.9,0.011,34,7.2,0.5,1276.585845,20.77419764,97.66906048,3.163836152,305.2097412,27.78601463,1285.815868,19.16837894,99.40900024,2.976336519,301.4665388,35.3636482,,,,,,
2/23/2024,9,2,,997.91,0.011,,23.37,96.73,2.9,295,29.1,0.00955,34,7.2,0.5,1368.571558,24.52716774,97.98093689,3.033686636,304.1821123,29.57105993,1378.11634,21.06132521,101.035699,2.830006719,300.2993736,34.57582515,,,,,,
2/23/2024,10,2,,997.91,0.011,,20.25,94.78,2.2,297,33.8,0.00485,34,7.2,0.5,1280.466255,23.86905809,97.57602496,3.177555786,305.5393441,29.2755116,1285.342153,20.48569154,100.7247181,2.957147661,301.0102903,35.87999427,,,,,,
2/23/2024,11,2,,997.91,0.011,,24.59,97.79,2.75,294,25.6,0.01345,34,7.2,0.5,1382.138408,23.27622831,97.90669035,2.719501132,301.3176316,29.54688398,1393.945484,21.40609655,99.69683487,2.582886621,299.5346801,32.89345491,,,,,,
2/23/2024,12,2,,997.91,0.011,,21.95,97.85,2.59,299,38,0.0039,34,7.2,0.5,1324.44882,22.48844906,97.88345652,3.104372265,306.5511935,29.65320582,1336.994071,19.81904394,100.2319015,2.958726184,301.661746,34.88025366,,,,,,
2/23/2024,13,2,,997.91,0.011,,19.87,96.92,3.01,300,28.3,0.0097,34,7.2,0.5,1293.703764,20.98193926,97.83012979,3.028206741,304.1108703,29.35139975,1304.555966,19.5698657,99.29101687,2.877613207,301.7162778,34.63940774,,,,,,
2/23/2024,14,2,,997.91,0.011,,18.63,96.01,1.8,298,46.8,0.0038,34,7.2,0.5,1331.519624,21.09331235,97.97427433,2.916693325,303.8054968,29.95798744,1343.601287,19.93038864,99.07931213,2.836768574,301.0415308,33.65409326,,,,,,
2/23/2024,15,2,,997.91,0.011,,22.93,97.25,2.84,294,29,0.0109,34,7.2,0.5,1254.668852,22.88224636,97.49376587,2.952467571,304.5958946,29.83390932,1259.146419,20.67721598,99.64670864,2.795652868,301.6053958,34.87717565,,,,,,
2/23/2024,16,2,,997.91,0.011,,18.66,98.23,3.42,313,31.3,0.01005,34,7.2,0.5,1244.666799,19.61162438,98.07740292,3.030105104,308.6238903,28.77642172,1256.419523,18.57867794,99.12426241,2.912622722,304.6173349,35.2242925,,,,,,
2/23/2024,17,2,,997.91,0.011,,17.86,97.96,2.36,304,36.1,0.00325,34,7.2,0.5,1243.519708,18.24251046,97.88059699,3.021651144,307.1712097,29.05104019,1256.204236,18.14567378,98.31471356,2.961649553,304.0547686,34.775077,,,,,,
2/23/2024,18,2,,997.91,0.011,,19.93,97.89,3.18,303,27.1,0.0102,34,7.2,0.5,1187.967362,20.68787491,97.69721395,3.303993193,307.5584285,30.18629672,1192.237308,18.80649185,99.55848193,3.132986721,303.8110781,36.59762873,,,,,,
2/23/2024,19,2,,997.91,0.011,,16.35,96.95,2.16,301,38.9,0.00335,34,7.2,0.5,1296.798996,19.2851366,98.17500476,2.977450312,306.4735948,29.80804272,1311.964721,18.74144472,98.7790257,2.91332444,303.6883019,34.07733978,,,,,,
2/23/2024,20,2,,997.91,0.011,,17.64,98,3.34,312,29.6,0.00885,34,7.2,0.5,1191.273365,18.58349163,98.06612208,3.121280886,309.4168605,29.23902043,1200.308119,18.02188526,98.82951144,3.035067268,305.5950011,35.87645162,,,,,,
2/23/2024,21,2,,997.91,0.011,,17,97.97,3.44,310,27.7,0.00855,34,7.2,0.5,1245.069519,17.91721015,97.9236086,3.117700112,305.7079144,28.94293607,1256.23321,18.14791032,98.0904726,3.062344513,303.1939269,34.69301704,,,,,,
2/23/2024,22,2,,997.91,0.011,,18.95,97.54,3.35,308,26.4,0.01185,34,7.2,0.5,1344.635344,22.56327574,97.9778352,3.139521153,304.5452566,29.42449135,1358.485486,20.16022523,100.1039096,2.99416977,301.1755304,34.23171378,,,,,,
2/23/2024,23,2,,997.91,0.011,,20.87,97.87,3.02,301,27.2,0.01175,34,7.2,0.5,1303.031242,21.3014623,98.17040005,2.804841468,304.9416129,29.60831145,1314.012665,20.33232845,99.1001886,2.720132424,302.3845172,33.53226935,,,,,,
2/23/2024,24,2,,997.91,0.011,,18.34,97.23,3.16,301,27.2,0.0112,34,7.2,0.5,1261.643496,20.70356263,97.85354175,3.04169248,304.9744371,29.54453048,1270.105473,19.66096988,98.95949822,2.91995021,302.7762602,34.37587243,,,,,,
2/23/2024,1,3,,1505.08,0.019,,,,,,,0.017444197,34,7.2,0.5,1831.770582,26.46387418,96.1783998,3.220294147,307.0532625,26.61067407,,,,,,,,,,,,
2/23/2024,2,3,,1505.08,0.019,,,,,,,0.016059172,34,7.2,0.5,1998.631094,19.68479826,97.50476621,2.108430257,300.3891546,27.94609994,,,,,,,,,,,,
2/23/2024,3,3,,1505.08,0.019,,,,,,,0.016173447,34,7.2,0.5,1917.407289,22.10132053,97.26936051,3.197095249,306.4366234,25.38671782,,,,,,,,,,,,
2/23/2024,4,3,,1505.08,0.019,,,,,,,0.017986551,34,7.2,0.5,1839.578703,25.38191856,96.16720491,3.24105202,305.8359635,25.93460587,,,,,,,,,,,,
2/23/2024,5,3,,1505.08,0.019,,,,,,,0.016984461,34,7.2,0.5,1921.456829,27.01973515,96.36822564,3.039349442,305.924215,28.69548603,,,,,,,,,,,,
2/23/2024,6,3,,1505.08,0.019,,,,,,,0.016193785,34,7.2,0.5,1934.461216,22.18060405,97.30315624,3.042064744,305.9835161,26.44014775,,,,,,,,,,,,
2/23/2024,7,3,,1505.08,0.019,,,,,,,0.017259071,34,7.2,0.5,1900.224474,26.73297445,96.77013115,3.158347619,306.3683855,28.62311412,,,,,,,,,,,,
2/23/2024,8,3,,1505.08,0.019,,,,,,,0.017754695,34,7.2,0.5,1855.566538,23.78305438,96.5743015,3.391404802,305.7696364,25.7594391,,,,,,,,,,,,
2/23/2024,9,3,,1505.08,0.019,,,,,,,0.016517037,34,7.2,0.5,1941.63057,27.12868793,96.8104021,3.131450793,306.0601096,28.61031209,,,,,,,,,,,,
2/23/2024,10,3,,1505.08,0.019,,,,,,,0.017632804,34,7.2,0.5,1856.305304,26.63631919,96.39758688,3.335250728,306.9522752,27.31006058,,,,,,,,,,,,
2/23/2024,11,3,,1505.08,0.019,,,,,,,0.017200109,34,7.2,0.5,1946.41936,25.41150939,96.76979205,2.756321045,303.5654904,29.22322887,,,,,,,,,,,,
2/23/2024,12,3,,1505.08,0.019,,,,,,,0.016983564,34,7.2,0.5,1904.9385,25.52187632,96.77959948,3.271483844,307.2757562,28.00655448,,,,,,,,,,,,
2/23/2024,13,3,,1505.08,0.019,,,,,,,0.018305996,34,7.2,0.5,1873.253633,23.82371847,96.75012382,3.206363182,304.7037378,27.49184916,,,,,,,,,,,,
2/23/2024,14,3,,1505.08,0.019,,,,,,,0.018170003,34,7.2,0.5,1907.036914,23.76152532,96.88157846,3.044046437,304.793351,28.61537706,,,,,,,,,,,,
2/23/2024,15,3,,1505.08,0.019,,,,,,,0.018793315,34,7.2,0.5,1828.563536,25.3371918,96.36143631,3.056229713,305.766252,27.84174884,,,,,,,,,,,,
2/23/2024,16,3,,1505.08,0.019,,,,,,,0.017904042,34,7.2,0.5,1837.895518,22.86818493,97.11771924,3.257452367,307.468024,26.24920682,,,,,,,,,,,,
2/23/2024,17,3,,1505.08,0.019,,,,,,,0.018497687,34,7.2,0.5,1834.284648,21.43250613,96.92124662,3.260975848,306.0589802,26.48000949,,,,,,,,,,,,
2/23/2024,18,3,,1505.08,0.019,,,,,,,0.019060727,34,7.2,0.5,1778.066618,23.9535576,96.62019317,3.549206828,307.017001,26.90888154,,,,,,,,,,,,
2/23/2024,19,3,,1505.08,0.019,,,,,,,0.018211778,34,7.2,0.5,1886.909112,22.40625468,97.19801783,3.166595375,305.7526967,27.77173602,,,,,,,,,,,,
2/23/2024,20,3,,1505.08,0.019,,,,,,,0.018435243,34,7.2,0.5,1788.757204,21.96164662,97.11962589,3.379576083,307.6229463,26.03512893,,,,,,,,,,,,
2/23/2024,21,3,,1505.08,0.019,,,,,,,0.019293827,34,7.2,0.5,1832.904796,21.0188854,96.91005411,3.354546138,305.0146806,26.36449534,,,,,,,,,,,,
2/23/2024,22,3,,1505.08,0.019,,,,,,,0.017585776,34,7.2,0.5,1922.521159,25.43375559,96.83873436,3.262985419,305.6262674,28.06658759,,,,,,,,,,,,
2/23/2024,23,3,,1505.08,0.019,,,,,,,0.018305033,34,7.2,0.5,1880.901333,23.81159383,97.11776328,2.887673143,305.4917742,28.14128826,,,,,,,,,,,,
2/23/2024,24,3,,1505.08,0.019,,,,,,,0.018871939,34,7.2,0.5,1843.186706,23.4792065,96.78652444,3.177998227,305.1238256,27.40931213,,,,,,,,,,,,
2/23/2024,1,4,,2119.61,0.0295,,,,,,,0.02716533,34,7.2,0.5,2368.245227,27.61247337,94.67780462,3.058645692,311.2582552,26.46355623,,,,,,,,,,,,
2/23/2024,2,4,,2119.61,0.0295,,,,,,,0.027881521,34,7.2,0.5,2502.060525,20.10080135,96.12424365,1.942182044,305.2110961,29.67754902,,,,,,,,,,,,
2/23/2024,3,4,,2119.61,0.0295,,,,,,,0.027899219,34,7.2,0.5,2448.22402,23.45151614,95.74524724,3.086180878,310.5708079,25.64764119,,,,,,,,,,,,
2/23/2024,4,4,,2119.61,0.0295,,,,,,,0.028019545,34,7.2,0.5,2375.720736,26.55384587,94.66436389,3.067305111,309.9368179,25.86057051,,,,,,,,,,,,
2/23/2024,5,4,,2119.61,0.0295,,,,,,,0.025998559,34,7.2,0.5,2441.295248,27.85418814,94.84985384,2.830002256,310.6196533,29.25507518,,,,,,,,,,,,
2/23/2024,6,4,,2119.61,0.0295,,,,,,,0.0275623,34,7.2,0.5,2462.807369,23.42491949,95.81070361,2.908187363,310.0351298,26.96313782,,,,,,,,,,,,
2/23/2024,7,4,,2119.61,0.0295,,,,,,,0.026159391,34,7.2,0.5,2425.598392,27.68970932,95.23491734,2.948132392,310.8557582,28.97211631,,,,,,,,,,,,
2/23/2024,8,4,,2119.61,0.0295,,,,,,,0.028599706,34,7.2,0.5,2395.061713,25.21366259,95.04817704,3.247817752,309.6539505,25.63870292,,,,,,,,,,,,
2/23/2024,9,4,,2119.61,0.0295,,,,,,,0.025215121,34,7.2,0.5,2460.879055,28.01907014,95.27100981,2.907227263,310.6788524,29.25527987,,,,,,,,,,,,
2/23/2024,10,4,,2119.61,0.0295,,,,,,,0.026985712,34,7.2,0.5,2391.532193,27.84649296,94.86259008,3.140505225,311.093846,27.27519177,,,,,,,,,,,,
2/23/2024,11,4,,2119.61,0.0295,,,,,,,0.026491352,34,7.2,0.5,2458.996638,25.99712344,95.27249038,2.523404395,308.3771657,30.21367061,,,,,,,,,,,,
2/23/2024,12,4,,2119.61,0.0295,,,,,,,0.026867412,34,7.2,0.5,2436.672676,26.81594925,95.25128451,3.088638322,311.3426769,28.29262793,,,,,,,,,,,,
2/23/2024,13,4,,2119.61,0.0295,,,,,,,0.028544048,34,7.2,0.5,2409.434198,25.09109875,95.24788028,3.036567512,308.5820229,27.62348823,,,,,,,,,,,,
2/23/2024,14,4,,2119.61,0.0295,,,,,,,0.028294743,34,7.2,0.5,2434.671707,24.83265911,95.36945836,2.852959034,308.9847033,29.0893299,,,,,,,,,,,,
2/23/2024,15,4,,2119.61,0.0295,,,,,,,0.028358814,34,7.2,0.5,2366.514553,26.39212695,94.88589034,2.844339902,309.6408321,27.87156243,,,,,,,,,,,,
2/23/2024,16,4,,2119.61,0.0295,,,,,,,0.0285485,34,7.2,0.5,2390.028809,24.49984534,95.68004054,3.112893682,310.394136,26.14453946,,,,,,,,,,,,
2/23/2024,17,4,,2119.61,0.0295,,,,,,,0.029906231,34,7.2,0.5,2385.930511,23.05291692,95.46585746,3.13081976,309.0802742,26.3093051,,,,,,,,,,,,
2/23/2024,18,4,,2119.61,0.0295,,,,,,,0.029515412,34,7.2,0.5,2336.844694,25.71273267,95.12472109,3.397644856,310.0156635,26.26628998,,,,,,,,,,,,
2/23/2024,19,4,,2119.61,0.0295,,,,,,,0.028717258,34,7.2,0.5,2428.733643,23.85122094,95.73292441,3.00302407,309.0758388,28.03347447,,,,,,,,,,,,
2/23/2024,20,4,,2119.61,0.0295,,,,,,,0.029570814,34,7.2,0.5,2352.086549,23.79179758,95.68644748,3.249011647,310.0959444,25.55494202,,,,,,,,,,,,
2/23/2024,21,4,,2119.61,0.0295,,,,,,,0.030748072,34,7.2,0.5,2382.486401,22.59514269,95.41183717,3.217955273,308.2594035,26.12074537,,,,,,,,,,,,
2/23/2024,22,4,,2119.61,0.0295,,,,,,,0.027196292,34,7.2,0.5,2449.076911,26.57510321,95.28845461,3.049274246,309.8955587,28.52746408,,,,,,,,,,,,
2/23/2024,23,4,,2119.61,0.0295,,,,,,,0.028047151,34,7.2,0.5,2413.748904,24.81232431,95.66542487,2.671770939,309.2720584,28.63799081,,,,,,,,,,,,
2/23/2024,24,4,,2119.61,0.0295,,,,,,,0.029101485,34,7.2,0.5,2385.067116,24.75062241,95.30884987,2.979252291,308.6375677,27.46669826,,,,,,,,,,,,
2/23/2024,1,5,,2716.05,0.0375,,,,,,,0.037114434,34,7.2,0.5,2879.566572,27.59741913,92.96640626,2.717971724,316.7264576,26.94783192,,,,,,,,,,,,
2/23/2024,2,5,,2716.05,0.0375,,,,,,,0.040066901,34,7.2,0.5,2977.889843,19.66654335,94.50207266,1.698047951,311.1240839,31.12783401,,,,,,,,,,,,
2/23/2024,3,5,,2716.05,0.0375,,,,,,,0.039938152,34,7.2,0.5,2946.713478,23.56915449,93.93870124,2.785790356,316.3796406,26.31366803,,,,,,,,,,,,
2/23/2024,4,5,,2716.05,0.0375,,,,,,,0.038288331,34,7.2,0.5,2885.772386,26.55838269,92.94188163,2.717229003,315.3868225,26.39324108,,,,,,,,,,,,
2/23/2024,5,5,,2716.05,0.0375,,,,,,,0.03531523,34,7.2,0.5,2932.095559,27.5333095,93.13704768,2.481961494,316.3556418,30.1395266,,,,,,,,,,,,
2/23/2024,6,5,,2716.05,0.0375,,,,,,,0.039258791,34,7.2,0.5,2957.380838,23.44582346,94.03765858,2.604688495,315.7773554,27.8362742,,,,,,,,,,,,
2/23/2024,7,5,,2716.05,0.0375,,,,,,,0.035346893,34,7.2,0.5,2921.49126,27.46645418,93.50038209,2.587403623,316.4910918,29.77643774,,,,,,,,,,,,
2/23/2024,8,5,,2716.05,0.0375,,,,,,,0.039702562,34,7.2,0.5,2904.892999,25.38777734,93.26531388,2.905284256,315.1713911,26.15944446,,,,,,,,,,,,
2/23/2024,9,5,,2716.05,0.0375,,,,,,,0.034236946,34,7.2,0.5,2948.130752,27.69596873,93.53215178,2.543835159,316.4184376,30.21402944,,,,,,,,,,,,
2/23/2024,10,5,,2716.05,0.0375,,,,,,,0.036590946,34,7.2,0.5,2898.153195,27.81787118,93.11490933,2.771062643,316.5800198,27.87824544,,,,,,,,,,,,
2/23/2024,11,5,,2716.05,0.0375,,,,,,,0.036102289,34,7.2,0.5,2943.311071,25.54005386,93.58643227,2.184216439,314.1332536,31.34031213,,,,,,,,,,,,
2/23/2024,12,5,,2716.05,0.0375,,,,,,,0.037051647,34,7.2,0.5,2935.327102,26.79759126,93.48049625,2.734145669,316.9533654,29.10715965,,,,,,,,,,,,
2/23/2024,13,5,,2716.05,0.0375,,,,,,,0.039054231,34,7.2,0.5,2914.685796,25.13524722,93.49687447,2.69077051,314.044544,28.3617365,,,,,,,,,,,,
2/23/2024,14,5,,2716.05,0.0375,,,,,,,0.038716328,34,7.2,0.5,2931.320534,24.72978004,93.62182759,2.510500814,314.5972491,30.00784858,,,,,,,,,,,,
2/23/2024,15,5,,2716.05,0.0375,,,,,,,0.03814894,34,7.2,0.5,2878.213703,26.31395449,93.19885749,2.48011561,314.9062033,28.58690653,,,,,,,,,,,,
2/23/2024,16,5,,2716.05,0.0375,,,,,,,0.039447851,34,7.2,0.5,2907.207426,24.78248781,93.94268419,2.769617006,315.5026613,26.87744023,,,,,,,,,,,,
2/23/2024,17,5,,2716.05,0.0375,,,,,,,0.041565081,34,7.2,0.5,2904.009684,23.37838905,93.70352621,2.797379917,314.2740342,26.98006618,,,,,,,,,,,,
2/23/2024,18,5,,2716.05,0.0375,,,,,,,0.040168024,34,7.2,0.5,2865.058127,26.12136541,93.3551767,3.024812805,315.0536827,26.69167293,,,,,,,,,,,,
2/23/2024,19,5,,2716.05,0.0375,,,,,,,0.039516419,34,7.2,0.5,2934.340747,23.9913004,93.97801101,2.660168363,314.4003627,28.96914189,,,,,,,,,,,,
2/23/2024,20,5,,2716.05,0.0375,,,,,,,0.040923295,34,7.2,0.5,2881.235625,24.2549699,93.93554184,2.89939144,314.9947866,26.1329343,,,,,,,,,,,,
2/23/2024,21,5,,2716.05,0.0375,,,,,,,0.042448173,34,7.2,0.5,2899.805326,22.91695089,93.61744939,2.874834509,313.548288,26.70905086,,,,,,,,,,,,
2/23/2024,22,5,,2716.05,0.0375,,,,,,,0.037118712,34,7.2,0.5,2942.673734,26.44921266,93.51093716,2.678028793,315.5658931,29.4288286,,,,,,,,,,,,
2/23/2024,23,5,,2716.05,0.0375,,,,,,,0.03806444,34,7.2,0.5,2915.903305,24.66964051,93.97846924,2.320004647,314.5962132,29.6601632,,,,,,,,,,,,
2/23/2024,24,5,,2716.05,0.0375,,,,,,,0.039576992,34,7.2,0.5,2896.660245,24.81391725,93.5817564,2.612559858,313.8717669,28.24780403,,,,,,,,,,,,
2/23/2024,1,6,,3307.9,0.051,,,,,,,0.050614434,34,7.2,0.5,3377.03109,26.79957515,91.16258427,2.305488716,322.4413219,27.63486038,,,,,,,,,,,,
2/23/2024,2,6,,3307.9,0.051,,,,,,,0.053566901,34,7.2,0.5,3442.140735,18.78504562,92.78824882,1.440001508,316.9114074,32.24121317,,,,,,,,,,,,
2/23/2024,3,6,,3307.9,0.051,,,,,,,0.053438152,34,7.2,0.5,3426.170341,22.90284466,92.02082886,2.399928576,322.4384256,27.04051236,,,,,,,,,,,,
2/23/2024,4,6,,3307.9,0.051,,,,,,,0.051788331,34,7.2,0.5,3381.267124,25.78486824,91.12584272,2.297171577,321.1022113,27.10980515,,,,,,,,,,,,
2/23/2024,5,6,,3307.9,0.051,,,,,,,0.04881523,34,7.2,0.5,3411.03246,26.52386641,91.35082285,2.095402193,322.1030096,30.99597637,,,,,,,,,,,,
2/23/2024,6,6,,3307.9,0.051,,,,,,,0.052758791,34,7.2,0.5,3433.175384,22.71061037,92.15433056,2.231857628,321.7627101,28.69987982,,,,,,,,,,,,
2/23/2024,7,6,,3307.9,0.051,,,,,,,0.048846893,34,7.2,0.5,3404.471525,26.51693172,91.68882141,2.181103039,322.2223053,30.61957199,,,,,,,,,,,,
2/23/2024,8,6,,3307.9,0.051,,,,,,,0.053202562,34,7.2,0.5,3396.683383,24.72237795,91.37623958,2.475330862,321.0387025,26.8726975,,,,,,,,,,,,
2/23/2024,9,6,,3307.9,0.051,,,,,,,0.047736946,34,7.2,0.5,3422.534273,26.66209494,91.72115939,2.145284915,322.1801454,31.10674521,,,,,,,,,,,,
2/23/2024,10,6,,3307.9,0.051,,,,,,,0.050090946,34,7.2,0.5,3389.945025,26.9784144,91.28021535,2.337608104,322.3134086,28.64602802,,,,,,,,,,,,
2/23/2024,11,6,,3307.9,0.051,,,,,,,0.049602289,34,7.2,0.5,3417.256051,24.49554582,91.83255804,1.826638726,319.8147293,32.32605675,,,,,,,,,,,,
2/23/2024,12,6,,3307.9,0.051,,,,,,,0.050551647,34,7.2,0.5,3416.844239,25.95426895,91.61500043,2.317226147,322.8136345,29.9847341,,,,,,,,,,,,
2/23/2024,13,6,,3307.9,0.051,,,,,,,0.052554231,34,7.2,0.5,3402.716775,24.38746901,91.64344017,2.276564403,319.8231775,29.22708858,,,,,,,,,,,,
2/23/2024,14,6,,3307.9,0.051,,,,,,,0.052216328,34,7.2,0.5,3412.488832,23.90104177,91.78311934,2.116426532,320.3940265,30.95078799,,,,,,,,,,,,
2/23/2024,15,6,,3307.9,0.051,,,,,,,0.05164894,34,7.2,0.5,3375.697116,25.48538421,91.41979485,2.064810902,320.4882633,29.48755612,,,,,,,,,,,,
2/23/2024,16,6,,3307.9,0.051,,,,,,,0.052947851,34,7.2,0.5,3401.752661,24.15522567,92.07156351,2.342862799,321.2649608,27.82313457,,,,,,,,,,,,
2/23/2024,17,6,,3307.9,0.051,,,,,,,0.055065081,34,7.2,0.5,3399.33148,22.82280701,91.80662462,2.372682058,320.0995819,27.89336789,,,,,,,,,,,,
2/23/2024,18,6,,3307.9,0.051,,,,,,,0.053668024,34,7.2,0.5,3371.899792,25.56619595,91.46112422,2.552688835,320.768566,27.50401734,,,,,,,,,,,,
2/23/2024,19,6,,3307.9,0.051,,,,,,,0.053016419,34,7.2,0.5,3418.786594,23.2925629,92.10209571,2.248133745,320.2114472,30.00151087,,,,,,,,,,,,
2/23/2024,20,6,,3307.9,0.051,,,,,,,0.054423295,34,7.2,0.5,3385.53719,23.75312973,92.03781555,2.450028517,320.7296305,27.05745714,,,,,,,,,,,,
2/23/2024,21,6,,3307.9,0.051,,,,,,,0.055948173,34,7.2,0.5,3395.380529,22.38253476,91.69681389,2.437721695,319.4014736,27.55790925,,,,,,,,,,,,
2/23/2024,22,6,,3307.9,0.051,,,,,,,0.050618712,34,7.2,0.5,3420.543195,25.54861386,91.64991128,2.256269798,321.3940754,30.33909825,,,,,,,,,,,,
2/23/2024,23,6,,3307.9,0.051,,,,,,,0.05156444,34,7.2,0.5,3402.344267,23.81234633,92.1937063,1.929545693,320.2251202,30.72362673,,,,,,,,,,,,
2/23/2024,24,6,,3307.9,0.051,,,,,,,0.053076992,34,7.2,0.5,3390.493936,24.07926437,91.74866545,2.184042914,319.5372452,29.20650969,,,,,,,,,,,,
2/23/2024,1,7,,3888.32,0.061,,,,,,,0.060614434,34,7.2,0.5,3860.49771,25.47520633,89.34558036,1.882840611,327.845167,28.4933142,,,,,,,,,,,,
2/23/2024,2,7,,3888.32,0.061,,,,,,,0.063566901,34,7.2,0.5,3897.465091,17.66356985,91.05629679,1.199679461,322.1304059,33.23836983,,,,,,,,,,,,
2/23/2024,3,7,,3888.32,0.061,,,,,,,0.063438152,34,7.2,0.5,3890.565537,21.74876435,90.0935391,1.995006313,328.0647119,27.83544047,,,,,,,,,,,,
2/23/2024,4,7,,3888.32,0.061,,,,,,,0.061788331,34,7.2,0.5,3862.701413,24.49571338,89.29875686,1.869128876,326.5007515,27.98035339,,,,,,,,,,,,
2/23/2024,5,7,,3888.32,0.061,,,,,,,0.05881523,34,7.2,0.5,3879.184788,25.09049542,89.56293232,1.718598715,327.3854296,31.91218054,,,,,,,,,,,,
2/23/2024,6,7,,3888.32,0.061,,,,,,,0.062758791,34,7.2,0.5,3894.502673,21.5181628,90.26053725,1.850210927,327.3089335,29.5859722,,,,,,,,,,,,
2/23/2024,7,7,,3888.32,0.061,,,,,,,0.058846893,34,7.2,0.5,3875.645362,25.11141804,89.87574504,1.781616254,327.531669,31.55074706,,,,,,,,,,,,
2/23/2024,8,7,,3888.32,0.061,,,,,,,0.063202562,34,7.2,0.5,3872.767631,23.51036305,89.47749878,2.027810929,326.5775108,27.7278834,,,,,,,,,,,,
2/23/2024,9,7,,3888.32,0.061,,,,,,,0.057736946,34,7.2,0.5,3886.073813,25.20215782,89.91287215,1.760183276,327.4580237,32.02860729,,,,,,,,,,,,
2/23/2024,10,7,,3888.32,0.061,,,,,,,0.060090946,34,7.2,0.5,3867.874965,25.61008984,89.44068934,1.901262458,327.7059142,29.55685637,,,,,,,,,,,,
2/23/2024,11,7,,3888.32,0.061,,,,,,,0.059602289,34,7.2,0.5,3881.967525,23.10563679,90.07760827,1.489836826,324.9915487,33.31604376,,,,,,,,,,,,
2/23/2024,12,7,,3888.32,0.061,,,,,,,0.060551647,34,7.2,0.5,3884.260067,24.59929691,89.74588775,1.898586749,328.2751125,30.93394473,,,,,,,,,,,,
2/23/2024,13,7,,3888.32,0.061,,,,,,,0.062554231,34,7.2,0.5,3875.971862,23.13646128,89.78012108,1.856480856,325.2596845,30.19668283,,,,,,,,,,,,
2/23/2024,14,7,,3888.32,0.061,,,,,,,0.062216328,34,7.2,0.5,3880.717428,22.62517933,89.93995786,1.72541655,325.7769092,31.95506535,,,,,,,,,,,,
2/23/2024,15,7,,3888.32,0.061,,,,,,,0.06164894,34,7.2,0.5,3859.216913,24.16374453,89.62814149,1.654145941,325.7946291,30.53521632,,,,,,,,,,,,
2/23/2024,16,7,,3888.32,0.061,,,,,,,0.062947851,34,7.2,0.5,3877.635724,22.94788384,90.17741653,1.904077392,326.8223452,28.86797465,,,,,,,,,,,,
2/23/2024,17,7,,3888.32,0.061,,,,,,,0.065065081,34,7.2,0.5,3875.920689,21.70125483,89.88847583,1.930092013,325.7043989,28.9286714,,,,,,,,,,,,
2/23/2024,18,7,,3888.32,0.061,,,,,,,0.063668024,34,7.2,0.5,3859.540512,24.36347673,89.54884766,2.059897996,326.3366785,28.53033521,,,,,,,,,,,,
2/23/2024,19,7,,3888.32,0.061,,,,,,,0.063016419,34,7.2,0.5,3886.596175,22.07730626,90.21171701,1.831773722,325.7148583,31.08164798,,,,,,,,,,,,
2/23/2024,20,7,,3888.32,0.061,,,,,,,0.064423295,34,7.2,0.5,3868.888031,22.61914164,90.11230169,1.9800936,326.3572494,28.13887259,,,,,,,,,,,,
2/23/2024,21,7,,3888.32,0.061,,,,,,,0.065948173,34,7.2,0.5,3872.862179,21.29342156,89.76101993,1.98089932,325.006379,28.55334212,,,,,,,,,,,,
2/23/2024,22,7,,3888.32,0.061,,,,,,,0.060618712,34,7.2,0.5,3885.607138,24.17602989,89.79143762,1.8405783,326.7811993,31.30088977,,,,,,,,,,,,
2/23/2024,23,7,,3888.32,0.061,,,,,,,0.06156444,34,7.2,0.5,3875.171153,22.51398702,90.39620786,1.551422581,325.5246052,31.83665701,,,,,,,,,,,,
2/23/2024,24,7,,3888.32,0.061,,,,,,,0.063076992,34,7.2,0.5,3868.755903,22.8333812,89.90290139,1.755681803,324.9335261,30.28162796,,,,,,,,,,,,
2/23/2024,1,8,,4309.7,0.0705,,,,,,,0.070114434,34,7.2,0.5,4333.306767,23.82335462,87.5453347,1.503828244,332.7679604,29.45572377,,,,,,,,,,,,
2/23/2024,2,8,,4309.7,0.0705,,,,,,,0.073066901,34,7.2,0.5,4346.624103,16.41756965,89.32262797,1.004887793,326.7646435,34.21010338,,,,,,,,,,,,
2/23/2024,3,8,,4309.7,0.0705,,,,,,,0.072938152,34,7.2,0.5,4345.273149,20.31203526,88.19491051,1.625398951,333.0805105,28.68287003,,,,,,,,,,,,
2/23/2024,4,8,,4309.7,0.0705,,,,,,,0.071288331,34,7.2,0.5,4333.753225,22.89065606,87.49145784,1.486440241,331.4070049,28.94381213,,,,,,,,,,,,
2/23/2024,5,8,,4309.7,0.0705,,,,,,,0.06831523,34,7.2,0.5,4339.428361,23.4089352,87.79359498,1.393406749,332.1250558,32.88990035,,,,,,,,,,,,
2/23/2024,6,8,,4309.7,0.0705,,,,,,,0.072258791,34,7.2,0.5,4346.683286,20.06877534,88.39175536,1.508927333,332.2481299,30.49689462,,,,,,,,,,,,
2/23/2024,7,8,,4309.7,0.0705,,,,,,,0.068346893,34,7.2,0.5,4338.246395,23.43671671,88.08441878,1.433868298,332.3094862,32.55177323,,,,,,,,,,,,
2/23/2024,8,8,,4309.7,0.0705,,,,,,,0.072702562,34,7.2,0.5,4338.111984,21.97064506,87.60708287,1.620819015,331.5759567,28.66618102,,,,,,,,,,,,
2/23/2024,9,8,,4309.7,0.0705,,,,,,,0.067236946,34,7.2,0.5,4342.057654,23.50041412,88.127853,1.429655815,332.171615,32.9936255,,,,,,,,,,,,
2/23/2024,10,8,,4309.7,0.0705,,,,,,,0.069590946,34,7.2,0.5,4335.767399,23.92267101,87.62583926,1.513959031,332.5888478,30.55556173,,,,,,,,,,,,
2/23/2024,11,8,,4309.7,0.0705,,,,,,,0.069102289,34,7.2,0.5,4339.861635,21.52044177,88.33680723,1.208161625,329.6239043,34.34294524,,,,,,,,,,,,
2/23/2024,12,8,,4309.7,0.0705,,,,,,,0.070051647,34,7.2,0.5,4342.317985,22.95038819,87.90494256,1.528115848,333.1690776,31.93251413,,,,,,,,,,,,
2/23/2024,13,8,,4309.7,0.0705,,,,,,,0.072054231,34,7.2,0.5,4339.159829,21.59058906,87.94115124,1.482436798,330.1621279,31.22759065,,,,,,,,,,,,
2/23/2024,14,8,,4309.7,0.0705,,,,,,,0.071716328,34,7.2,0.5,4340.205594,21.09249847,88.12090776,1.38294845,330.6044474,33.00836321,,,,,,,,,,,,
2/23/2024,15,8,,4309.7,0.0705,,,,,,,0.07114894,34,7.2,0.5,4332.310343,22.54477232,87.85265331,1.296050314,330.6399063,31.66198401,,,,,,,,,,,,
2/23/2024,16,8,,4309.7,0.0705,,,,,,,0.072447851,34,7.2,0.5,4341.368369,21.40784564,88.30670106,1.510801158,331.8646254,29.94029585,,,,,,,,,,,,
2/23/2024,17,8,,4309.7,0.0705,,,,,,,0.074565081,34,7.2,0.5,4340.362884,20.25147837,87.99713419,1.528772703,330.7813023,30.0084956,,,,,,,,,,,,
2/23/2024,18,8,,4309.7,0.0705,,,,,,,0.073168024,34,7.2,0.5,4333.985147,22.77029327,87.66549468,1.611078557,331.4314228,29.64824552,,,,,,,,,,,,
2/23/2024,19,8,,4309.7,0.0705,,,,,,,0.072516419,34,7.2,0.5,4343.916979,20.57320401,88.3477927,1.462907645,330.6618117,32.17460156,,,,,,,,,,,,
2/23/2024,20,8,,4309.7,0.0705,,,,,,,0.073923295,34,7.2,0.5,4338.502326,21.11614386,88.21274625,1.553218043,331.4988452,29.2651739,,,,,,,,,,,,
2/23/2024,21,8,,4309.7,0.0705,,,,,,,0.075448173,34,7.2,0.5,4338.538846,19.87832497,87.85669929,1.564564644,330.0760936,29.61519984,,,,,,,,,,,,
2/23/2024,22,8,,4309.7,0.0705,,,,,,,0.070118712,34,7.2,0.5,4342.187957,22.53540147,87.96291422,1.477443002,331.5937096,32.30795396,,,,,,,,,,,,
2/23/2024,23,8,,4309.7,0.0705,,,,,,,0.07106444,34,7.2,0.5,4338.563243,20.96552178,88.61461244,1.228196371,330.3196425,32.97389935,,,,,,,,,,,,
2/23/2024,24,8,,4309.7,0.0705,,,,,,,0.072576992,34,7.2,0.5,4336.318247,21.28907579,88.07995446,1.378704426,329.8326834,31.41044264,,,,,,,,,,,,
2/23/2024,1,9,,4805.73,0.0795,,,,,,,0.079114434,34,7.2,0.5,4797.09693,21.978496,85.76386059,1.202668359,337.2186591,30.47821139,,,,,,,,,,,,
2/23/2024,2,9,,4805.73,0.0795,,,,,,,0.082066901,34,7.2,0.5,4789.65613,15.10337147,87.57878923,0.871620657,330.9327457,35.19642959,,,,,,,,,,,,
2/23/2024,3,9,,4805.73,0.0795,,,,,,,0.081938152,34,7.2,0.5,4792.622122,18.71711854,86.32774253,1.324926623,337.5315492,29.57873706,,,,,,,,,,,,
2/23/2024,4,9,,4805.73,0.0795,,,,,,,0.080288331,34,7.2,0.5,4796.175261,21.10209308,85.70560177,1.18264808,335.8330827,29.96226601,,,,,,,,,,,,
2/23/2024,5,9,,4805.73,0.0795,,,,,,,0.07731523,34,7.2,0.5,4792.462571,21.58440127,86.03763928,1.145343227,336.394057,33.91846022,,,,,,,,,,,,
2/23/2024,6,9,,4805.73,0.0795,,,,,,,0.081258791,34,7.2,0.5,4791.848762,18.47982547,86.54884799,1.237829346,336.6345328,31.44039821,,,,,,,,,,,,
2/23/2024,7,9,,4805.73,0.0795,,,,,,,0.077346893,34,7.2,0.5,4793.332751,21.60807502,86.31123179,1.165306979,336.6107862,33.60398345,,,,,,,,,,,,
2/23/2024,8,9,,4805.73,0.0795,,,,,,,0.081702562,34,7.2,0.5,4795.176318,20.24490606,85.76904354,1.290719413,336.0443517,29.65836629,,,,,,,,,,,,
2/23/2024,9,9,,4805.73,0.0795,,,,,,,0.076236946,34,7.2,0.5,4791.303743,21.66367751,86.3600447,1.178196038,336.4008138,34.00112244,,,,,,,,,,,,
2/23/2024,10,9,,4805.73,0.0795,,,,,,,0.078590946,34,7.2,0.5,4795.352706,22.05263469,85.83586114,1.207897116,336.9833924,31.60794195,,,,,,,,,,,,
2/23/2024,11,9,,4805.73,0.0795,,,,,,,0.078102289,34,7.2,0.5,4791.120995,19.82426839,86.60172192,1.001880945,333.8047666,35.41021274,,,,,,,,,,,,
2/23/2024,12,9,,4805.73,0.0795,,,,,,,0.079051647,34,7.2,0.5,4792.975408,21.14008635,86.09174117,1.235986335,337.5373845,32.97088007,,,,,,,,,,,,
2/23/2024,13,9,,4805.73,0.0795,,,,,,,0.081054231,34,7.2,0.5,4794.412848,19.88074166,86.12812545,1.186213518,334.5523145,32.29965994,,,,,,,,,,,,
2/23/2024,14,9,,4805.73,0.0795,,,,,,,0.080716328,34,7.2,0.5,4792.50927,19.41759069,86.32390667,1.116446794,334.927761,34.10297718,,,,,,,,,,,,
2/23/2024,15,9,,4805.73,0.0795,,,,,,,0.08014894,34,7.2,0.5,4796.640358,20.75743093,86.09363402,1.019844176,335.02811,32.82797457,,,,,,,,,,,,
2/23/2024,16,9,,4805.73,0.0795,,,,,,,0.081447851,34,7.2,0.5,4796.411133,19.6920623,86.46695557,1.197601196,336.363293,31.02121329,,,,,,,,,,,,
2/23/2024,17,9,,4805.73,0.0795,,,,,,,0.083565081,34,7.2,0.5,4796.188772,18.62544527,86.14088977,1.204752357,335.3038537,31.10994116,,,,,,,,,,,,
2/23/2024,18,9,,4805.73,0.0795,,,,,,,0.082168024,34,7.2,0.5,4798.810689,20.96102616,85.82043579,1.246307433,335.9978149,30.80523743,,,,,,,,,,,,
2/23/2024,19,9,,4805.73,0.0795,,,,,,,0.081516419,34,7.2,0.5,4793.628145,18.9182663,86.51375908,1.172199435,335.0632259,33.27855366,,,,,,,,,,,,
2/23/2024,20,9,,4805.73,0.0795,,,,,,,0.082923295,34,7.2,0.5,4798.599973,19.41712533,86.35094454,1.208034318,336.0870554,30.40106763,,,,,,,,,,,,
2/23/2024,21,9,,4805.73,0.0795,,,,,,,0.084448173,34,7.2,0.5,4795.767774,18.28484035,85.99135284,1.225761954,334.591891,30.71474996,,,,,,,,,,,,
2/23/2024,22,9,,4805.73,0.0795,,,,,,,0.079118712,34,7.2,0.5,4791.83355,20.74806283,86.16106192,1.194613974,335.8916031,33.35585237,,,,,,,,,,,,
2/23/2024,23,9,,4805.73,0.0795,,,,,,,0.08006444,34,7.2,0.5,4794.185704,19.28308647,86.8472992,0.984773352,334.6378645,34.12515433,,,,,,,,,,,,
2/23/2024,24,9,,4805.73,0.0795,,,,,,,0.081576992,34,7.2,0.5,4795.548062,19.58215745,86.28205717,1.083940989,334.2340509,32.56604624,,,,,,,,,,,,
2/23/2024,1,10,,5302.42,0.0885,,,,,,,0.088114434,34,7.2,0.5,5251.501014,20.02582171,83.98825434,0.995818874,341.2731381,31.53359759,,,,,,,,,,,,
2/23/2024,2,10,,5302.42,0.0885,,,,,,,0.091066901,34,7.2,0.5,5224.759877,13.74752068,85.80758629,0.805767105,334.7623247,36.20623496,,,,,,,,,,,,
2/23/2024,3,10,,5302.42,0.0885,,,,,,,0.090938152,34,7.2,0.5,5232.262576,17.03496098,84.47720062,1.110044775,341.5353065,30.51846189,,,,,,,,,,,,
2/23/2024,4,10,,5302.42,0.0885,,,,,,,0.089288331,34,7.2,0.5,5249.589637,19.21227246,83.92747133,0.973611391,339.8599633,31.01241377,,,,,,,,,,,,
2/23/2024,5,10,,5302.42,0.0885,,,,,,,0.08631523,34,7.2,0.5,5237.103562,19.67831327,84.27861399,0.985460419,340.2980989,34.98214188,,,,,,,,,,,,
2/23/2024,6,10,,5302.42,0.0885,,,,,,,0.090258791,34,7.2,0.5,5229.453601,16.8156833,84.71606824,1.050610293,340.589174,32.41862641,,,,,,,,,,,,
2/23/2024,7,10,,5302.42,0.0885,,,,,,,0.086346893,34,7.2,0.5,5239.959258,19.69379751,84.5399647,0.987972324,340.5357146,34.68971758,,,,,,,,,,,,
2/23/2024,8,10,,5302.42,0.0885,,,,,,,0.090702562,34,7.2,0.5,5243.868039,18.41842026,83.94939407,1.055076126,340.0762587,30.68832789,,,,,,,,,,,,
2/23/2024,9,10,,5302.42,0.0885,,,,,,,0.085236946,34,7.2,0.5,5232.590818,19.75189466,84.59184977,1.015932075,340.2600663,35.04146013,,,,,,,,,,,,
2/23/2024,10,10,,5302.42,0.0885,,,,,,,0.087590946,34,7.2,0.5,5246.172153,20.08339069,84.05586644,0.9978676,340.9774822,32.69219624,,,,,,,,,,,,
2/23/2024,11,10,,5302.42,0.0885,,,,,,,0.087102289,34,7.2,0.5,5234.180874,18.06396636,84.85454091,0.878838533,337.6458798,36.50708634,,,,,,,,,,,,
2/23/2024,12,10,,5302.42,0.0885,,,,,,,0.088051647,34,7.2,0.5,5235.689096,19.2440961,84.29010954,1.035648998,341.4888424,34.04133931,,,,,,,,,,,,
2/23/2024,13,10,,5302.42,0.0885,,,,,,,0.090054231,34,7.2,0.5,5241.380007,18.08360472,84.32602009,0.98230417,338.5268407,33.40128849,,,,,,,,,,,,
2/23/2024,14,10,,5302.42,0.0885,,,,,,,0.089716328,34,7.2,0.5,5236.856035,17.66575017,84.53236057,0.937898976,338.8545098,35.23005507,,,,,,,,,,,,
2/23/2024,15,10,,5302.42,0.0885,,,,,,,0.08914894,34,7.2,0.5,5251.766289,18.88082669,84.33659391,0.838297188,339.0340342,34.01060414,,,,,,,,,,,,
2/23/2024,16,10,,5302.42,0.0885,,,,,,,0.090447851,34,7.2,0.5,5243.145095,17.89049576,84.64467825,0.979886058,340.4056963,32.11031076,,,,,,,,,,,,
2/23/2024,17,10,,5302.42,0.0885,,,,,,,0.092565081,34,7.2,0.5,5243.830729,16.91118826,84.30633868,0.974697664,339.3614265,32.22961383,,,,,,,,,,,,
2/23/2024,18,10,,5302.42,0.0885,,,,,,,0.091168024,34,7.2,0.5,5254.69202,19.04231694,84.00125154,0.984523651,340.1040258,31.98205936,,,,,,,,,,,,
2/23/2024,19,10,,5302.42,0.0885,,,,,,,0.090516419,34,7.2,0.5,5235.635687,17.18886904,84.69403072,0.972885158,339.0243228,34.39810584,,,,,,,,,,,,
2/23/2024,20,10,,5302.42,0.0885,,,,,,,0.091923295,34,7.2,0.5,5250.094912,17.62366178,84.51475656,0.962250033,340.1951375,31.54212343,,,,,,,,,,,,
2/23/2024,21,10,,5302.42,0.0885,,,,,,,0.093448173,34,7.2,0.5,5244.904885,16.59981308,84.15108864,0.982003445,338.6446369,31.84287876,,,,,,,,,,,,
2/23/2024,22,10,,5302.42,0.0885,,,,,,,0.088118712,34,7.2,0.5,5233.717185,18.88238762,84.36828685,1.003975928,339.7892406,34.43686482,,,,,,,,,,,,
2/23/2024,23,10,,5302.42,0.0885,,,,,,,0.08906444,34,7.2,0.5,5241.371068,17.53244872,85.07809605,0.830982019,338.5731662,35.28467246,,,,,,,,,,,,
2/23/2024,24,10,,5302.42,0.0885,,,,,,,0.090576992,34,7.2,0.5,5246.259961,17.79241094,84.49411156,0.884761498,338.2234356,33.73682927,,,,,,,,,,,,
2/23/2024,1,11,,5791.69,0.097,,,,,,,0.096614434,34,7.2,0.5,5692.500808,18.00532555,82.20203128,0.883880422,345.0054282,32.62717453,,,,,,,,,,,,
2/23/2024,2,11,,5791.69,0.097,,,,,,,0.099566901,34,7.2,0.5,5647.085702,12.35470048,83.99377671,0.803618881,338.3365111,37.26004541,,,,,,,,,,,,
2/23/2024,3,11,,5791.69,0.097,,,,,,,0.099438152,34,7.2,0.5,5659.991606,15.29475823,82.62456994,0.982252661,345.1964911,31.51593564,,,,,,,,,,,,
2/23/2024,4,11,,5791.69,0.097,,,,,,,0.097788331,34,7.2,0.5,5689.919149,17.25887012,82.13977151,0.859541917,343.5657602,32.10130187,,,,,,,,,,,,
2/23/2024,5,11,,5791.69,0.097,,,,,,,0.09481523,34,7.2,0.5,5668.833896,17.71505314,82.49947112,0.911625809,343.9172553,36.08978002,,,,,,,,,,,,
2/23/2024,6,11,,5791.69,0.097,,,,,,,0.098758791,34,7.2,0.5,5655.162718,15.10053638,82.8747124,0.947090592,344.2160576,33.4501852,,,,,,,,,,,,
2/23/2024,7,11,,5791.69,0.097,,,,,,,0.094846893,34,7.2,0.5,5673.715522,17.72223917,82.75295469,0.900076693,344.1653992,35.81790825,,,,,,,,,,,,
2/23/2024,8,11,,5791.69,0.097,,,,,,,0.099202562,34,7.2,0.5,5680.165304,16.52938128,82.12942439,0.915247542,343.7646895,31.76658975,,,,,,,,,,,,
2/23/2024,9,11,,5791.69,0.097,,,,,,,0.093736946,34,7.2,0.5,5661.316181,17.7872287,82.80527416,0.940072464,343.8356253,36.12618679,,,,,,,,,,,,
2/23/2024,10,11,,5791.69,0.097,,,,,,,0.096090946,34,7.2,0.5,5684.07009,18.05224657,82.26776792,0.883348551,344.6530952,33.81636455,,,,,,,,,,,,
2/23/2024,11,11,,5791.69,0.097,,,,,,,0.095602289,34,7.2,0.5,5664.317505,16.25553726,83.07832186,0.835327982,341.2246907,37.64477329,,,,,,,,,,,,
2/23/2024,12,11,,5791.69,0.097,,,,,,,0.096551647,34,7.2,0.5,5666.155546,17.29290039,82.48101708,0.926102065,345.1192814,35.15891991,,,,,,,,,,,,
2/23/2024,13,11,,5791.69,0.097,,,,,,,0.098554231,34,7.2,0.5,5675.889846,16.23150517,82.51620637,0.870253876,342.1763241,34.54691397,,,,,,,,,,,,
2/23/2024,14,11,,5791.69,0.097,,,,,,,0.098216328,34,7.2,0.5,5668.84476,15.86273077,82.72757791,0.845766778,342.4752518,36.40432409,,,,,,,,,,,,
2/23/2024,15,11,,5791.69,0.097,,,,,,,0.09764894,34,7.2,0.5,5693.56817,16.94993116,82.5639568,0.749585979,342.7310959,35.22082449,,,,,,,,,,,,
2/23/2024,16,11,,5791.69,0.097,,,,,,,0.098947851,34,7.2,0.5,5677.681164,16.04023627,82.82042725,0.857163289,344.0913456,33.23201456,,,,,,,,,,,,
2/23/2024,17,11,,5791.69,0.097,,,,,,,0.101065081,34,7.2,0.5,5679.428959,15.14603605,82.47370371,0.839180579,343.0557012,33.39001442,,,,,,,,,,,,
2/23/2024,18,11,,5791.69,0.097,,,,,,,0.099668024,34,7.2,0.5,5697.973867,17.06340934,82.18833438,0.826951691,343.8409952,33.1941453,,,,,,,,,,,,
2/23/2024,19,11,,5791.69,0.097,,,,,,,0.099016419,34,7.2,0.5,5665.772277,15.41432806,82.86869967,0.863635471,342.6482274,35.5587877,,,,,,,,,,,,
2/23/2024,20,11,,5791.69,0.097,,,,,,,0.100423295,34,7.2,0.5,5689.364894,15.77990457,82.68414872,0.816420724,343.9231944,32.71325919,,,,,,,,,,,,
2/23/2024,21,11,,5791.69,0.097,,,,,,,0.101948173,34,7.2,0.5,5682.064575,14.8612145,82.31570438,0.834458377,342.3353888,33.01767073,,,,,,,,,,,,
2/23/2024,22,11,,5791.69,0.097,,,,,,,0.096618712,34,7.2,0.5,5663.384562,16.96492191,82.56514489,0.903591165,343.3811454,35.56481392,,,,,,,,,,,,
2/23/2024,23,11,,5791.69,0.097,,,,,,,0.09756444,34,7.2,0.5,5675.780328,15.73865468,83.28871623,0.763525593,342.2090226,36.47208184,,,,,,,,,,,,
2/23/2024,24,11,,5791.69,0.097,,,,,,,0.099076992,34,7.2,0.5,5684.351322,15.95344649,82.69700013,0.779602712,341.8879191,34.94004325,,,,,,,,,,,,
2/23/2024,1,12,,6118.18,0.1045,,,,,,,0.104114434,34,7.2,0.5,6099.118781,15.85964613,80.40982032,0.831426806,348.3593644,34.00949995,,,,,,,,,,,,
2/23/2024,2,12,,6118.18,0.1045,,,,,,,0.107066901,34,7.2,0.5,6035.656107,10.86711587,82.14763338,0.831731355,341.5880597,38.64948318,,,,,,,,,,,,
2/23/2024,3,12,,6118.18,0.1045,,,,,,,0.106938152,34,7.2,0.5,6054.82946,13.44163202,80.77327163,0.909225566,348.4765145,32.81898535,,,,,,,,,,,,
2/23/2024,4,12,,6118.18,0.1045,,,,,,,0.105288331,34,7.2,0.5,6096.126493,15.18531011,80.34663698,0.8051162,346.8970311,33.47855356,,,,,,,,,,,,
2/23/2024,5,12,,6118.18,0.1045,,,,,,,0.10231523,34,7.2,0.5,6066.52276,15.62839103,80.70613387,0.88796629,347.1895255,37.51422517,,,,,,,,,,,,
2/23/2024,6,12,,6118.18,0.1045,,,,,,,0.106258791,34,7.2,0.5,6047.946979,13.27642072,81.02888095,0.894304177,347.4738004,34.79860681,,,,,,,,,,,,
2/23/2024,7,12,,6118.18,0.1045,,,,,,,0.102346893,34,7.2,0.5,6073.458423,15.62963092,80.95516831,0.865858667,347.4413074,37.2604334,,,,,,,,,,,,
2/23/2024,8,12,,6118.18,0.1045,,,,,,,0.106702562,34,7.2,0.5,6083.048399,14.52359182,80.31171758,0.837284557,347.0681024,33.1435409,,,,,,,,,,,,
2/23/2024,9,12,,6118.18,0.1045,,,,,,,0.101236946,34,7.2,0.5,6056.275299,15.70144151,81.00562702,0.914547457,347.0686405,37.52764582,,,,,,,,,,,,
2/23/2024,10,12,,6118.18,0.1045,,,,,,,0.103590946,34,7.2,0.5,6087.964584,15.89929668,80.47510946,0.828839778,347.9578971,35.24018133,,,,,,,,,,,,
2/23/2024,11,12,,6118.18,0.1045,,,,,,,0.103102289,34,7.2,0.5,6060.35839,14.33311357,81.2802242,0.835680409,344.4739003,39.10957578,,,,,,,,,,,,
2/23/2024,12,12,,6118.18,0.1045,,,,,,,0.104051647,34,7.2,0.5,6063.268196,15.22390521,80.66778788,0.872641027,348.3828767,36.59604848,,,,,,,,,,,,
2/23/2024,13,12,,6118.18,0.1045,,,,,,,0.106054231,34,7.2,0.5,6076.883312,14.26726896,80.70211033,0.815484636,345.4549828,36.00868852,,,,,,,,,,,,
2/23/2024,14,12,,6118.18,0.1045,,,,,,,0.105716328,34,7.2,0.5,6067.343805,13.94898357,80.91383064,0.805884296,345.7392391,37.91078283,,,,,,,,,,,,
2/23/2024,15,12,,6118.18,0.1045,,,,,,,0.10514894,34,7.2,0.5,6100.9901,14.90693554,80.78004429,0.71791168,346.0624426,36.73417178,,,,,,,,,,,,
2/23/2024,16,12,,6118.18,0.1045,,,,,,,0.106447851,34,7.2,0.5,6079.002313,14.08547899,80.99607547,0.794730908,347.3868135,34.65541516,,,,,,,,,,,,
2/23/2024,17,12,,6118.18,0.1045,,,,,,,0.108565081,34,7.2,0.5,6081.986214,13.27844478,80.64439196,0.764811251,346.3557225,34.86420953,,,,,,,,,,,,
2/23/2024,18,12,,6118.18,0.1045,,,,,,,0.107168024,34,7.2,0.5,6107.662039,14.97331953,80.3822141,0.738903867,347.1747076,34.70905051,,,,,,,,,,,,
2/23/2024,19,12,,6118.18,0.1045,,,,,,,0.106516419,34,7.2,0.5,6062.942106,13.53686381,81.04022004,0.810193967,345.8986478,37.04682209,,,,,,,,,,,,
2/23/2024,20,12,,6118.18,0.1045,,,,,,,0.107923295,34,7.2,0.5,6095.435331,13.83520095,80.85947296,0.736370591,347.2444963,34.1840104,,,,,,,,,,,,
2/23/2024,21,12,,6118.18,0.1045,,,,,,,0.109448173,34,7.2,0.5,6086.22277,13.01989063,80.48618658,0.750124173,345.6326474,34.50886831,,,,,,,,,,,,
2/23/2024,22,12,,6118.18,0.1045,,,,,,,0.104118712,34,7.2,0.5,6059.685515,14.93223987,80.75515923,0.858254655,346.618179,37.01407729,,,,,,,,,,,,
2/23/2024,23,12,,6118.18,0.1045,,,,,,,0.10506444,34,7.2,0.5,6076.299166,13.84133341,81.48394597,0.746847975,345.4913455,37.97508515,,,,,,,,,,,,
2/23/2024,24,12,,6118.18,0.1045,,,,,,,0.106576992,34,7.2,0.5,6088.73745,14.00924576,80.89363541,0.733165345,345.1815966,36.45458247,,,,,,,,,,,,
